--
-- PostgreSQL database dump
--

\restrict PQCJj3Gh29M42hBW5ShsVslTM8NkHUEGJ8oSzlgaka3GrB07YdIAvVfPRaZapmz

-- Dumped from database version 16.11 (Ubuntu 16.11-0ubuntu0.24.04.1)
-- Dumped by pg_dump version 16.11 (Ubuntu 16.11-0ubuntu0.24.04.1)

SET statement_timeout = 0;
SET lock_timeout = 0;
SET idle_in_transaction_session_timeout = 0;
SET client_encoding = 'UTF8';
SET standard_conforming_strings = on;
SELECT pg_catalog.set_config('search_path', '', false);
SET check_function_bodies = false;
SET xmloption = content;
SET client_min_messages = warning;
SET row_security = off;

SET default_tablespace = '';

SET default_table_access_method = heap;

--
-- Name: abouts; Type: TABLE; Schema: public; Owner: gas
--

CREATE TABLE public.abouts (
    id integer NOT NULL,
    document_id character varying(255),
    title character varying(255),
    created_at timestamp(6) without time zone,
    updated_at timestamp(6) without time zone,
    published_at timestamp(6) without time zone,
    created_by_id integer,
    updated_by_id integer,
    locale character varying(255)
);


ALTER TABLE public.abouts OWNER TO gas;

--
-- Name: abouts_cmps; Type: TABLE; Schema: public; Owner: gas
--

CREATE TABLE public.abouts_cmps (
    id integer NOT NULL,
    entity_id integer,
    cmp_id integer,
    component_type character varying(255),
    field character varying(255),
    "order" double precision
);


ALTER TABLE public.abouts_cmps OWNER TO gas;

--
-- Name: abouts_cmps_id_seq; Type: SEQUENCE; Schema: public; Owner: gas
--

CREATE SEQUENCE public.abouts_cmps_id_seq
    AS integer
    START WITH 1
    INCREMENT BY 1
    NO MINVALUE
    NO MAXVALUE
    CACHE 1;


ALTER SEQUENCE public.abouts_cmps_id_seq OWNER TO gas;

--
-- Name: abouts_cmps_id_seq; Type: SEQUENCE OWNED BY; Schema: public; Owner: gas
--

ALTER SEQUENCE public.abouts_cmps_id_seq OWNED BY public.abouts_cmps.id;


--
-- Name: abouts_id_seq; Type: SEQUENCE; Schema: public; Owner: gas
--

CREATE SEQUENCE public.abouts_id_seq
    AS integer
    START WITH 1
    INCREMENT BY 1
    NO MINVALUE
    NO MAXVALUE
    CACHE 1;


ALTER SEQUENCE public.abouts_id_seq OWNER TO gas;

--
-- Name: abouts_id_seq; Type: SEQUENCE OWNED BY; Schema: public; Owner: gas
--

ALTER SEQUENCE public.abouts_id_seq OWNED BY public.abouts.id;


--
-- Name: admin_permissions; Type: TABLE; Schema: public; Owner: gas
--

CREATE TABLE public.admin_permissions (
    id integer NOT NULL,
    document_id character varying(255),
    action character varying(255),
    action_parameters jsonb,
    subject character varying(255),
    properties jsonb,
    conditions jsonb,
    created_at timestamp(6) without time zone,
    updated_at timestamp(6) without time zone,
    published_at timestamp(6) without time zone,
    created_by_id integer,
    updated_by_id integer,
    locale character varying(255)
);


ALTER TABLE public.admin_permissions OWNER TO gas;

--
-- Name: admin_permissions_id_seq; Type: SEQUENCE; Schema: public; Owner: gas
--

CREATE SEQUENCE public.admin_permissions_id_seq
    AS integer
    START WITH 1
    INCREMENT BY 1
    NO MINVALUE
    NO MAXVALUE
    CACHE 1;


ALTER SEQUENCE public.admin_permissions_id_seq OWNER TO gas;

--
-- Name: admin_permissions_id_seq; Type: SEQUENCE OWNED BY; Schema: public; Owner: gas
--

ALTER SEQUENCE public.admin_permissions_id_seq OWNED BY public.admin_permissions.id;


--
-- Name: admin_permissions_role_lnk; Type: TABLE; Schema: public; Owner: gas
--

CREATE TABLE public.admin_permissions_role_lnk (
    id integer NOT NULL,
    permission_id integer,
    role_id integer,
    permission_ord double precision
);


ALTER TABLE public.admin_permissions_role_lnk OWNER TO gas;

--
-- Name: admin_permissions_role_lnk_id_seq; Type: SEQUENCE; Schema: public; Owner: gas
--

CREATE SEQUENCE public.admin_permissions_role_lnk_id_seq
    AS integer
    START WITH 1
    INCREMENT BY 1
    NO MINVALUE
    NO MAXVALUE
    CACHE 1;


ALTER SEQUENCE public.admin_permissions_role_lnk_id_seq OWNER TO gas;

--
-- Name: admin_permissions_role_lnk_id_seq; Type: SEQUENCE OWNED BY; Schema: public; Owner: gas
--

ALTER SEQUENCE public.admin_permissions_role_lnk_id_seq OWNED BY public.admin_permissions_role_lnk.id;


--
-- Name: admin_roles; Type: TABLE; Schema: public; Owner: gas
--

CREATE TABLE public.admin_roles (
    id integer NOT NULL,
    document_id character varying(255),
    name character varying(255),
    code character varying(255),
    description character varying(255),
    created_at timestamp(6) without time zone,
    updated_at timestamp(6) without time zone,
    published_at timestamp(6) without time zone,
    created_by_id integer,
    updated_by_id integer,
    locale character varying(255)
);


ALTER TABLE public.admin_roles OWNER TO gas;

--
-- Name: admin_roles_id_seq; Type: SEQUENCE; Schema: public; Owner: gas
--

CREATE SEQUENCE public.admin_roles_id_seq
    AS integer
    START WITH 1
    INCREMENT BY 1
    NO MINVALUE
    NO MAXVALUE
    CACHE 1;


ALTER SEQUENCE public.admin_roles_id_seq OWNER TO gas;

--
-- Name: admin_roles_id_seq; Type: SEQUENCE OWNED BY; Schema: public; Owner: gas
--

ALTER SEQUENCE public.admin_roles_id_seq OWNED BY public.admin_roles.id;


--
-- Name: admin_users; Type: TABLE; Schema: public; Owner: gas
--

CREATE TABLE public.admin_users (
    id integer NOT NULL,
    document_id character varying(255),
    firstname character varying(255),
    lastname character varying(255),
    username character varying(255),
    email character varying(255),
    password character varying(255),
    reset_password_token character varying(255),
    registration_token character varying(255),
    is_active boolean,
    blocked boolean,
    prefered_language character varying(255),
    created_at timestamp(6) without time zone,
    updated_at timestamp(6) without time zone,
    published_at timestamp(6) without time zone,
    created_by_id integer,
    updated_by_id integer,
    locale character varying(255)
);


ALTER TABLE public.admin_users OWNER TO gas;

--
-- Name: admin_users_id_seq; Type: SEQUENCE; Schema: public; Owner: gas
--

CREATE SEQUENCE public.admin_users_id_seq
    AS integer
    START WITH 1
    INCREMENT BY 1
    NO MINVALUE
    NO MAXVALUE
    CACHE 1;


ALTER SEQUENCE public.admin_users_id_seq OWNER TO gas;

--
-- Name: admin_users_id_seq; Type: SEQUENCE OWNED BY; Schema: public; Owner: gas
--

ALTER SEQUENCE public.admin_users_id_seq OWNED BY public.admin_users.id;


--
-- Name: admin_users_roles_lnk; Type: TABLE; Schema: public; Owner: gas
--

CREATE TABLE public.admin_users_roles_lnk (
    id integer NOT NULL,
    user_id integer,
    role_id integer,
    role_ord double precision,
    user_ord double precision
);


ALTER TABLE public.admin_users_roles_lnk OWNER TO gas;

--
-- Name: admin_users_roles_lnk_id_seq; Type: SEQUENCE; Schema: public; Owner: gas
--

CREATE SEQUENCE public.admin_users_roles_lnk_id_seq
    AS integer
    START WITH 1
    INCREMENT BY 1
    NO MINVALUE
    NO MAXVALUE
    CACHE 1;


ALTER SEQUENCE public.admin_users_roles_lnk_id_seq OWNER TO gas;

--
-- Name: admin_users_roles_lnk_id_seq; Type: SEQUENCE OWNED BY; Schema: public; Owner: gas
--

ALTER SEQUENCE public.admin_users_roles_lnk_id_seq OWNED BY public.admin_users_roles_lnk.id;


--
-- Name: articles; Type: TABLE; Schema: public; Owner: gas
--

CREATE TABLE public.articles (
    id integer NOT NULL,
    document_id character varying(255),
    title character varying(255),
    description text,
    slug character varying(255),
    created_at timestamp(6) without time zone,
    updated_at timestamp(6) without time zone,
    published_at timestamp(6) without time zone,
    created_by_id integer,
    updated_by_id integer,
    locale character varying(255)
);


ALTER TABLE public.articles OWNER TO gas;

--
-- Name: articles_author_lnk; Type: TABLE; Schema: public; Owner: gas
--

CREATE TABLE public.articles_author_lnk (
    id integer NOT NULL,
    article_id integer,
    author_id integer,
    article_ord double precision
);


ALTER TABLE public.articles_author_lnk OWNER TO gas;

--
-- Name: articles_author_lnk_id_seq; Type: SEQUENCE; Schema: public; Owner: gas
--

CREATE SEQUENCE public.articles_author_lnk_id_seq
    AS integer
    START WITH 1
    INCREMENT BY 1
    NO MINVALUE
    NO MAXVALUE
    CACHE 1;


ALTER SEQUENCE public.articles_author_lnk_id_seq OWNER TO gas;

--
-- Name: articles_author_lnk_id_seq; Type: SEQUENCE OWNED BY; Schema: public; Owner: gas
--

ALTER SEQUENCE public.articles_author_lnk_id_seq OWNED BY public.articles_author_lnk.id;


--
-- Name: articles_category_lnk; Type: TABLE; Schema: public; Owner: gas
--

CREATE TABLE public.articles_category_lnk (
    id integer NOT NULL,
    article_id integer,
    category_id integer,
    article_ord double precision
);


ALTER TABLE public.articles_category_lnk OWNER TO gas;

--
-- Name: articles_category_lnk_id_seq; Type: SEQUENCE; Schema: public; Owner: gas
--

CREATE SEQUENCE public.articles_category_lnk_id_seq
    AS integer
    START WITH 1
    INCREMENT BY 1
    NO MINVALUE
    NO MAXVALUE
    CACHE 1;


ALTER SEQUENCE public.articles_category_lnk_id_seq OWNER TO gas;

--
-- Name: articles_category_lnk_id_seq; Type: SEQUENCE OWNED BY; Schema: public; Owner: gas
--

ALTER SEQUENCE public.articles_category_lnk_id_seq OWNED BY public.articles_category_lnk.id;


--
-- Name: articles_cmps; Type: TABLE; Schema: public; Owner: gas
--

CREATE TABLE public.articles_cmps (
    id integer NOT NULL,
    entity_id integer,
    cmp_id integer,
    component_type character varying(255),
    field character varying(255),
    "order" double precision
);


ALTER TABLE public.articles_cmps OWNER TO gas;

--
-- Name: articles_cmps_id_seq; Type: SEQUENCE; Schema: public; Owner: gas
--

CREATE SEQUENCE public.articles_cmps_id_seq
    AS integer
    START WITH 1
    INCREMENT BY 1
    NO MINVALUE
    NO MAXVALUE
    CACHE 1;


ALTER SEQUENCE public.articles_cmps_id_seq OWNER TO gas;

--
-- Name: articles_cmps_id_seq; Type: SEQUENCE OWNED BY; Schema: public; Owner: gas
--

ALTER SEQUENCE public.articles_cmps_id_seq OWNED BY public.articles_cmps.id;


--
-- Name: articles_id_seq; Type: SEQUENCE; Schema: public; Owner: gas
--

CREATE SEQUENCE public.articles_id_seq
    AS integer
    START WITH 1
    INCREMENT BY 1
    NO MINVALUE
    NO MAXVALUE
    CACHE 1;


ALTER SEQUENCE public.articles_id_seq OWNER TO gas;

--
-- Name: articles_id_seq; Type: SEQUENCE OWNED BY; Schema: public; Owner: gas
--

ALTER SEQUENCE public.articles_id_seq OWNED BY public.articles.id;


--
-- Name: authors; Type: TABLE; Schema: public; Owner: gas
--

CREATE TABLE public.authors (
    id integer NOT NULL,
    document_id character varying(255),
    name character varying(255),
    email character varying(255),
    created_at timestamp(6) without time zone,
    updated_at timestamp(6) without time zone,
    published_at timestamp(6) without time zone,
    created_by_id integer,
    updated_by_id integer,
    locale character varying(255)
);


ALTER TABLE public.authors OWNER TO gas;

--
-- Name: authors_id_seq; Type: SEQUENCE; Schema: public; Owner: gas
--

CREATE SEQUENCE public.authors_id_seq
    AS integer
    START WITH 1
    INCREMENT BY 1
    NO MINVALUE
    NO MAXVALUE
    CACHE 1;


ALTER SEQUENCE public.authors_id_seq OWNER TO gas;

--
-- Name: authors_id_seq; Type: SEQUENCE OWNED BY; Schema: public; Owner: gas
--

ALTER SEQUENCE public.authors_id_seq OWNED BY public.authors.id;


--
-- Name: categories; Type: TABLE; Schema: public; Owner: gas
--

CREATE TABLE public.categories (
    id integer NOT NULL,
    document_id character varying(255),
    name character varying(255),
    slug character varying(255),
    description text,
    created_at timestamp(6) without time zone,
    updated_at timestamp(6) without time zone,
    published_at timestamp(6) without time zone,
    created_by_id integer,
    updated_by_id integer,
    locale character varying(255)
);


ALTER TABLE public.categories OWNER TO gas;

--
-- Name: categories_id_seq; Type: SEQUENCE; Schema: public; Owner: gas
--

CREATE SEQUENCE public.categories_id_seq
    AS integer
    START WITH 1
    INCREMENT BY 1
    NO MINVALUE
    NO MAXVALUE
    CACHE 1;


ALTER SEQUENCE public.categories_id_seq OWNER TO gas;

--
-- Name: categories_id_seq; Type: SEQUENCE OWNED BY; Schema: public; Owner: gas
--

ALTER SEQUENCE public.categories_id_seq OWNED BY public.categories.id;


--
-- Name: components_shared_media; Type: TABLE; Schema: public; Owner: gas
--

CREATE TABLE public.components_shared_media (
    id integer NOT NULL
);


ALTER TABLE public.components_shared_media OWNER TO gas;

--
-- Name: components_shared_media_id_seq; Type: SEQUENCE; Schema: public; Owner: gas
--

CREATE SEQUENCE public.components_shared_media_id_seq
    AS integer
    START WITH 1
    INCREMENT BY 1
    NO MINVALUE
    NO MAXVALUE
    CACHE 1;


ALTER SEQUENCE public.components_shared_media_id_seq OWNER TO gas;

--
-- Name: components_shared_media_id_seq; Type: SEQUENCE OWNED BY; Schema: public; Owner: gas
--

ALTER SEQUENCE public.components_shared_media_id_seq OWNED BY public.components_shared_media.id;


--
-- Name: components_shared_quotes; Type: TABLE; Schema: public; Owner: gas
--

CREATE TABLE public.components_shared_quotes (
    id integer NOT NULL,
    title character varying(255),
    body text
);


ALTER TABLE public.components_shared_quotes OWNER TO gas;

--
-- Name: components_shared_quotes_id_seq; Type: SEQUENCE; Schema: public; Owner: gas
--

CREATE SEQUENCE public.components_shared_quotes_id_seq
    AS integer
    START WITH 1
    INCREMENT BY 1
    NO MINVALUE
    NO MAXVALUE
    CACHE 1;


ALTER SEQUENCE public.components_shared_quotes_id_seq OWNER TO gas;

--
-- Name: components_shared_quotes_id_seq; Type: SEQUENCE OWNED BY; Schema: public; Owner: gas
--

ALTER SEQUENCE public.components_shared_quotes_id_seq OWNED BY public.components_shared_quotes.id;


--
-- Name: components_shared_rich_texts; Type: TABLE; Schema: public; Owner: gas
--

CREATE TABLE public.components_shared_rich_texts (
    id integer NOT NULL,
    body text
);


ALTER TABLE public.components_shared_rich_texts OWNER TO gas;

--
-- Name: components_shared_rich_texts_id_seq; Type: SEQUENCE; Schema: public; Owner: gas
--

CREATE SEQUENCE public.components_shared_rich_texts_id_seq
    AS integer
    START WITH 1
    INCREMENT BY 1
    NO MINVALUE
    NO MAXVALUE
    CACHE 1;


ALTER SEQUENCE public.components_shared_rich_texts_id_seq OWNER TO gas;

--
-- Name: components_shared_rich_texts_id_seq; Type: SEQUENCE OWNED BY; Schema: public; Owner: gas
--

ALTER SEQUENCE public.components_shared_rich_texts_id_seq OWNED BY public.components_shared_rich_texts.id;


--
-- Name: components_shared_seos; Type: TABLE; Schema: public; Owner: gas
--

CREATE TABLE public.components_shared_seos (
    id integer NOT NULL,
    meta_title character varying(255),
    meta_description text
);


ALTER TABLE public.components_shared_seos OWNER TO gas;

--
-- Name: components_shared_seos_id_seq; Type: SEQUENCE; Schema: public; Owner: gas
--

CREATE SEQUENCE public.components_shared_seos_id_seq
    AS integer
    START WITH 1
    INCREMENT BY 1
    NO MINVALUE
    NO MAXVALUE
    CACHE 1;


ALTER SEQUENCE public.components_shared_seos_id_seq OWNER TO gas;

--
-- Name: components_shared_seos_id_seq; Type: SEQUENCE OWNED BY; Schema: public; Owner: gas
--

ALTER SEQUENCE public.components_shared_seos_id_seq OWNED BY public.components_shared_seos.id;


--
-- Name: components_shared_sliders; Type: TABLE; Schema: public; Owner: gas
--

CREATE TABLE public.components_shared_sliders (
    id integer NOT NULL
);


ALTER TABLE public.components_shared_sliders OWNER TO gas;

--
-- Name: components_shared_sliders_id_seq; Type: SEQUENCE; Schema: public; Owner: gas
--

CREATE SEQUENCE public.components_shared_sliders_id_seq
    AS integer
    START WITH 1
    INCREMENT BY 1
    NO MINVALUE
    NO MAXVALUE
    CACHE 1;


ALTER SEQUENCE public.components_shared_sliders_id_seq OWNER TO gas;

--
-- Name: components_shared_sliders_id_seq; Type: SEQUENCE OWNED BY; Schema: public; Owner: gas
--

ALTER SEQUENCE public.components_shared_sliders_id_seq OWNED BY public.components_shared_sliders.id;


--
-- Name: files; Type: TABLE; Schema: public; Owner: gas
--

CREATE TABLE public.files (
    id integer NOT NULL,
    document_id character varying(255),
    name character varying(255),
    alternative_text text,
    caption text,
    width integer,
    height integer,
    formats jsonb,
    hash character varying(255),
    ext character varying(255),
    mime character varying(255),
    size numeric(10,2),
    url text,
    preview_url text,
    provider character varying(255),
    provider_metadata jsonb,
    folder_path character varying(255),
    created_at timestamp(6) without time zone,
    updated_at timestamp(6) without time zone,
    published_at timestamp(6) without time zone,
    created_by_id integer,
    updated_by_id integer,
    locale character varying(255)
);


ALTER TABLE public.files OWNER TO gas;

--
-- Name: files_folder_lnk; Type: TABLE; Schema: public; Owner: gas
--

CREATE TABLE public.files_folder_lnk (
    id integer NOT NULL,
    file_id integer,
    folder_id integer,
    file_ord double precision
);


ALTER TABLE public.files_folder_lnk OWNER TO gas;

--
-- Name: files_folder_lnk_id_seq; Type: SEQUENCE; Schema: public; Owner: gas
--

CREATE SEQUENCE public.files_folder_lnk_id_seq
    AS integer
    START WITH 1
    INCREMENT BY 1
    NO MINVALUE
    NO MAXVALUE
    CACHE 1;


ALTER SEQUENCE public.files_folder_lnk_id_seq OWNER TO gas;

--
-- Name: files_folder_lnk_id_seq; Type: SEQUENCE OWNED BY; Schema: public; Owner: gas
--

ALTER SEQUENCE public.files_folder_lnk_id_seq OWNED BY public.files_folder_lnk.id;


--
-- Name: files_id_seq; Type: SEQUENCE; Schema: public; Owner: gas
--

CREATE SEQUENCE public.files_id_seq
    AS integer
    START WITH 1
    INCREMENT BY 1
    NO MINVALUE
    NO MAXVALUE
    CACHE 1;


ALTER SEQUENCE public.files_id_seq OWNER TO gas;

--
-- Name: files_id_seq; Type: SEQUENCE OWNED BY; Schema: public; Owner: gas
--

ALTER SEQUENCE public.files_id_seq OWNED BY public.files.id;


--
-- Name: files_related_mph; Type: TABLE; Schema: public; Owner: gas
--

CREATE TABLE public.files_related_mph (
    id integer NOT NULL,
    file_id integer,
    related_id integer,
    related_type character varying(255),
    field character varying(255),
    "order" double precision
);


ALTER TABLE public.files_related_mph OWNER TO gas;

--
-- Name: files_related_mph_id_seq; Type: SEQUENCE; Schema: public; Owner: gas
--

CREATE SEQUENCE public.files_related_mph_id_seq
    AS integer
    START WITH 1
    INCREMENT BY 1
    NO MINVALUE
    NO MAXVALUE
    CACHE 1;


ALTER SEQUENCE public.files_related_mph_id_seq OWNER TO gas;

--
-- Name: files_related_mph_id_seq; Type: SEQUENCE OWNED BY; Schema: public; Owner: gas
--

ALTER SEQUENCE public.files_related_mph_id_seq OWNED BY public.files_related_mph.id;


--
-- Name: globals; Type: TABLE; Schema: public; Owner: gas
--

CREATE TABLE public.globals (
    id integer NOT NULL,
    document_id character varying(255),
    site_name character varying(255),
    site_description text,
    created_at timestamp(6) without time zone,
    updated_at timestamp(6) without time zone,
    published_at timestamp(6) without time zone,
    created_by_id integer,
    updated_by_id integer,
    locale character varying(255)
);


ALTER TABLE public.globals OWNER TO gas;

--
-- Name: globals_cmps; Type: TABLE; Schema: public; Owner: gas
--

CREATE TABLE public.globals_cmps (
    id integer NOT NULL,
    entity_id integer,
    cmp_id integer,
    component_type character varying(255),
    field character varying(255),
    "order" double precision
);


ALTER TABLE public.globals_cmps OWNER TO gas;

--
-- Name: globals_cmps_id_seq; Type: SEQUENCE; Schema: public; Owner: gas
--

CREATE SEQUENCE public.globals_cmps_id_seq
    AS integer
    START WITH 1
    INCREMENT BY 1
    NO MINVALUE
    NO MAXVALUE
    CACHE 1;


ALTER SEQUENCE public.globals_cmps_id_seq OWNER TO gas;

--
-- Name: globals_cmps_id_seq; Type: SEQUENCE OWNED BY; Schema: public; Owner: gas
--

ALTER SEQUENCE public.globals_cmps_id_seq OWNED BY public.globals_cmps.id;


--
-- Name: globals_id_seq; Type: SEQUENCE; Schema: public; Owner: gas
--

CREATE SEQUENCE public.globals_id_seq
    AS integer
    START WITH 1
    INCREMENT BY 1
    NO MINVALUE
    NO MAXVALUE
    CACHE 1;


ALTER SEQUENCE public.globals_id_seq OWNER TO gas;

--
-- Name: globals_id_seq; Type: SEQUENCE OWNED BY; Schema: public; Owner: gas
--

ALTER SEQUENCE public.globals_id_seq OWNED BY public.globals.id;


--
-- Name: i18n_locale; Type: TABLE; Schema: public; Owner: gas
--

CREATE TABLE public.i18n_locale (
    id integer NOT NULL,
    document_id character varying(255),
    name character varying(255),
    code character varying(255),
    created_at timestamp(6) without time zone,
    updated_at timestamp(6) without time zone,
    published_at timestamp(6) without time zone,
    created_by_id integer,
    updated_by_id integer,
    locale character varying(255)
);


ALTER TABLE public.i18n_locale OWNER TO gas;

--
-- Name: i18n_locale_id_seq; Type: SEQUENCE; Schema: public; Owner: gas
--

CREATE SEQUENCE public.i18n_locale_id_seq
    AS integer
    START WITH 1
    INCREMENT BY 1
    NO MINVALUE
    NO MAXVALUE
    CACHE 1;


ALTER SEQUENCE public.i18n_locale_id_seq OWNER TO gas;

--
-- Name: i18n_locale_id_seq; Type: SEQUENCE OWNED BY; Schema: public; Owner: gas
--

ALTER SEQUENCE public.i18n_locale_id_seq OWNED BY public.i18n_locale.id;


--
-- Name: project_features; Type: TABLE; Schema: public; Owner: gas
--

CREATE TABLE public.project_features (
    id integer NOT NULL,
    document_id character varying(255),
    created_at timestamp(6) without time zone,
    updated_at timestamp(6) without time zone,
    published_at timestamp(6) without time zone,
    created_by_id integer,
    updated_by_id integer,
    locale character varying(255),
    key character varying(255),
    label character varying(255),
    value character varying(255)
);


ALTER TABLE public.project_features OWNER TO gas;

--
-- Name: project_features_id_seq; Type: SEQUENCE; Schema: public; Owner: gas
--

CREATE SEQUENCE public.project_features_id_seq
    AS integer
    START WITH 1
    INCREMENT BY 1
    NO MINVALUE
    NO MAXVALUE
    CACHE 1;


ALTER SEQUENCE public.project_features_id_seq OWNER TO gas;

--
-- Name: project_features_id_seq; Type: SEQUENCE OWNED BY; Schema: public; Owner: gas
--

ALTER SEQUENCE public.project_features_id_seq OWNED BY public.project_features.id;


--
-- Name: project_features_project_lnk; Type: TABLE; Schema: public; Owner: gas
--

CREATE TABLE public.project_features_project_lnk (
    id integer NOT NULL,
    project_feature_id integer,
    project_id integer,
    project_feature_ord double precision
);


ALTER TABLE public.project_features_project_lnk OWNER TO gas;

--
-- Name: project_features_project_lnk_id_seq; Type: SEQUENCE; Schema: public; Owner: gas
--

CREATE SEQUENCE public.project_features_project_lnk_id_seq
    AS integer
    START WITH 1
    INCREMENT BY 1
    NO MINVALUE
    NO MAXVALUE
    CACHE 1;


ALTER SEQUENCE public.project_features_project_lnk_id_seq OWNER TO gas;

--
-- Name: project_features_project_lnk_id_seq; Type: SEQUENCE OWNED BY; Schema: public; Owner: gas
--

ALTER SEQUENCE public.project_features_project_lnk_id_seq OWNED BY public.project_features_project_lnk.id;


--
-- Name: project_timings; Type: TABLE; Schema: public; Owner: gas
--

CREATE TABLE public.project_timings (
    id integer NOT NULL,
    document_id character varying(255),
    created_at timestamp(6) without time zone,
    updated_at timestamp(6) without time zone,
    published_at timestamp(6) without time zone,
    created_by_id integer,
    updated_by_id integer,
    locale character varying(255),
    type character varying(255),
    minutes integer
);


ALTER TABLE public.project_timings OWNER TO gas;

--
-- Name: project_timings_id_seq; Type: SEQUENCE; Schema: public; Owner: gas
--

CREATE SEQUENCE public.project_timings_id_seq
    AS integer
    START WITH 1
    INCREMENT BY 1
    NO MINVALUE
    NO MAXVALUE
    CACHE 1;


ALTER SEQUENCE public.project_timings_id_seq OWNER TO gas;

--
-- Name: project_timings_id_seq; Type: SEQUENCE OWNED BY; Schema: public; Owner: gas
--

ALTER SEQUENCE public.project_timings_id_seq OWNED BY public.project_timings.id;


--
-- Name: project_timings_project_lnk; Type: TABLE; Schema: public; Owner: gas
--

CREATE TABLE public.project_timings_project_lnk (
    id integer NOT NULL,
    project_timing_id integer,
    project_id integer,
    project_timing_ord double precision
);


ALTER TABLE public.project_timings_project_lnk OWNER TO gas;

--
-- Name: project_timings_project_lnk_id_seq; Type: SEQUENCE; Schema: public; Owner: gas
--

CREATE SEQUENCE public.project_timings_project_lnk_id_seq
    AS integer
    START WITH 1
    INCREMENT BY 1
    NO MINVALUE
    NO MAXVALUE
    CACHE 1;


ALTER SEQUENCE public.project_timings_project_lnk_id_seq OWNER TO gas;

--
-- Name: project_timings_project_lnk_id_seq; Type: SEQUENCE OWNED BY; Schema: public; Owner: gas
--

ALTER SEQUENCE public.project_timings_project_lnk_id_seq OWNED BY public.project_timings_project_lnk.id;


--
-- Name: project_typologies; Type: TABLE; Schema: public; Owner: gas
--

CREATE TABLE public.project_typologies (
    id integer NOT NULL,
    document_id character varying(255),
    created_at timestamp(6) without time zone,
    updated_at timestamp(6) without time zone,
    published_at timestamp(6) without time zone,
    created_by_id integer,
    updated_by_id integer,
    locale character varying(255),
    code character varying(255),
    surface_min integer,
    surface_max integer,
    price_from bigint,
    status character varying(255)
);


ALTER TABLE public.project_typologies OWNER TO gas;

--
-- Name: project_typologies_id_seq; Type: SEQUENCE; Schema: public; Owner: gas
--

CREATE SEQUENCE public.project_typologies_id_seq
    AS integer
    START WITH 1
    INCREMENT BY 1
    NO MINVALUE
    NO MAXVALUE
    CACHE 1;


ALTER SEQUENCE public.project_typologies_id_seq OWNER TO gas;

--
-- Name: project_typologies_id_seq; Type: SEQUENCE OWNED BY; Schema: public; Owner: gas
--

ALTER SEQUENCE public.project_typologies_id_seq OWNED BY public.project_typologies.id;


--
-- Name: project_typologies_project_lnk; Type: TABLE; Schema: public; Owner: gas
--

CREATE TABLE public.project_typologies_project_lnk (
    id integer NOT NULL,
    project_typologie_id integer,
    project_id integer,
    project_typologie_ord double precision
);


ALTER TABLE public.project_typologies_project_lnk OWNER TO gas;

--
-- Name: project_typologies_project_lnk_id_seq; Type: SEQUENCE; Schema: public; Owner: gas
--

CREATE SEQUENCE public.project_typologies_project_lnk_id_seq
    AS integer
    START WITH 1
    INCREMENT BY 1
    NO MINVALUE
    NO MAXVALUE
    CACHE 1;


ALTER SEQUENCE public.project_typologies_project_lnk_id_seq OWNER TO gas;

--
-- Name: project_typologies_project_lnk_id_seq; Type: SEQUENCE OWNED BY; Schema: public; Owner: gas
--

ALTER SEQUENCE public.project_typologies_project_lnk_id_seq OWNED BY public.project_typologies_project_lnk.id;


--
-- Name: projects; Type: TABLE; Schema: public; Owner: gas
--

CREATE TABLE public.projects (
    id integer NOT NULL,
    document_id character varying(255),
    slug character varying(255),
    project_status character varying(255),
    location character varying(255),
    short_description text,
    description text,
    created_at timestamp(6) without time zone,
    updated_at timestamp(6) without time zone,
    published_at timestamp(6) without time zone,
    created_by_id integer,
    updated_by_id integer,
    locale character varying(255),
    name character varying(255)
);


ALTER TABLE public.projects OWNER TO gas;

--
-- Name: projects_id_seq; Type: SEQUENCE; Schema: public; Owner: gas
--

CREATE SEQUENCE public.projects_id_seq
    AS integer
    START WITH 1
    INCREMENT BY 1
    NO MINVALUE
    NO MAXVALUE
    CACHE 1;


ALTER SEQUENCE public.projects_id_seq OWNER TO gas;

--
-- Name: projects_id_seq; Type: SEQUENCE OWNED BY; Schema: public; Owner: gas
--

ALTER SEQUENCE public.projects_id_seq OWNED BY public.projects.id;


--
-- Name: strapi_ai_localization_jobs; Type: TABLE; Schema: public; Owner: gas
--

CREATE TABLE public.strapi_ai_localization_jobs (
    id integer NOT NULL,
    content_type character varying(255) NOT NULL,
    related_document_id character varying(255) NOT NULL,
    source_locale character varying(255) NOT NULL,
    target_locales jsonb NOT NULL,
    status character varying(255) NOT NULL,
    created_at timestamp(6) without time zone,
    updated_at timestamp(6) without time zone
);


ALTER TABLE public.strapi_ai_localization_jobs OWNER TO gas;

--
-- Name: strapi_ai_localization_jobs_id_seq; Type: SEQUENCE; Schema: public; Owner: gas
--

CREATE SEQUENCE public.strapi_ai_localization_jobs_id_seq
    AS integer
    START WITH 1
    INCREMENT BY 1
    NO MINVALUE
    NO MAXVALUE
    CACHE 1;


ALTER SEQUENCE public.strapi_ai_localization_jobs_id_seq OWNER TO gas;

--
-- Name: strapi_ai_localization_jobs_id_seq; Type: SEQUENCE OWNED BY; Schema: public; Owner: gas
--

ALTER SEQUENCE public.strapi_ai_localization_jobs_id_seq OWNED BY public.strapi_ai_localization_jobs.id;


--
-- Name: strapi_api_token_permissions; Type: TABLE; Schema: public; Owner: gas
--

CREATE TABLE public.strapi_api_token_permissions (
    id integer NOT NULL,
    document_id character varying(255),
    action character varying(255),
    created_at timestamp(6) without time zone,
    updated_at timestamp(6) without time zone,
    published_at timestamp(6) without time zone,
    created_by_id integer,
    updated_by_id integer,
    locale character varying(255)
);


ALTER TABLE public.strapi_api_token_permissions OWNER TO gas;

--
-- Name: strapi_api_token_permissions_id_seq; Type: SEQUENCE; Schema: public; Owner: gas
--

CREATE SEQUENCE public.strapi_api_token_permissions_id_seq
    AS integer
    START WITH 1
    INCREMENT BY 1
    NO MINVALUE
    NO MAXVALUE
    CACHE 1;


ALTER SEQUENCE public.strapi_api_token_permissions_id_seq OWNER TO gas;

--
-- Name: strapi_api_token_permissions_id_seq; Type: SEQUENCE OWNED BY; Schema: public; Owner: gas
--

ALTER SEQUENCE public.strapi_api_token_permissions_id_seq OWNED BY public.strapi_api_token_permissions.id;


--
-- Name: strapi_api_token_permissions_token_lnk; Type: TABLE; Schema: public; Owner: gas
--

CREATE TABLE public.strapi_api_token_permissions_token_lnk (
    id integer NOT NULL,
    api_token_permission_id integer,
    api_token_id integer,
    api_token_permission_ord double precision
);


ALTER TABLE public.strapi_api_token_permissions_token_lnk OWNER TO gas;

--
-- Name: strapi_api_token_permissions_token_lnk_id_seq; Type: SEQUENCE; Schema: public; Owner: gas
--

CREATE SEQUENCE public.strapi_api_token_permissions_token_lnk_id_seq
    AS integer
    START WITH 1
    INCREMENT BY 1
    NO MINVALUE
    NO MAXVALUE
    CACHE 1;


ALTER SEQUENCE public.strapi_api_token_permissions_token_lnk_id_seq OWNER TO gas;

--
-- Name: strapi_api_token_permissions_token_lnk_id_seq; Type: SEQUENCE OWNED BY; Schema: public; Owner: gas
--

ALTER SEQUENCE public.strapi_api_token_permissions_token_lnk_id_seq OWNED BY public.strapi_api_token_permissions_token_lnk.id;


--
-- Name: strapi_api_tokens; Type: TABLE; Schema: public; Owner: gas
--

CREATE TABLE public.strapi_api_tokens (
    id integer NOT NULL,
    document_id character varying(255),
    name character varying(255),
    description character varying(255),
    type character varying(255),
    access_key character varying(255),
    encrypted_key text,
    last_used_at timestamp(6) without time zone,
    expires_at timestamp(6) without time zone,
    lifespan bigint,
    created_at timestamp(6) without time zone,
    updated_at timestamp(6) without time zone,
    published_at timestamp(6) without time zone,
    created_by_id integer,
    updated_by_id integer,
    locale character varying(255)
);


ALTER TABLE public.strapi_api_tokens OWNER TO gas;

--
-- Name: strapi_api_tokens_id_seq; Type: SEQUENCE; Schema: public; Owner: gas
--

CREATE SEQUENCE public.strapi_api_tokens_id_seq
    AS integer
    START WITH 1
    INCREMENT BY 1
    NO MINVALUE
    NO MAXVALUE
    CACHE 1;


ALTER SEQUENCE public.strapi_api_tokens_id_seq OWNER TO gas;

--
-- Name: strapi_api_tokens_id_seq; Type: SEQUENCE OWNED BY; Schema: public; Owner: gas
--

ALTER SEQUENCE public.strapi_api_tokens_id_seq OWNED BY public.strapi_api_tokens.id;


--
-- Name: strapi_core_store_settings; Type: TABLE; Schema: public; Owner: gas
--

CREATE TABLE public.strapi_core_store_settings (
    id integer NOT NULL,
    key character varying(255),
    value text,
    type character varying(255),
    environment character varying(255),
    tag character varying(255)
);


ALTER TABLE public.strapi_core_store_settings OWNER TO gas;

--
-- Name: strapi_core_store_settings_id_seq; Type: SEQUENCE; Schema: public; Owner: gas
--

CREATE SEQUENCE public.strapi_core_store_settings_id_seq
    AS integer
    START WITH 1
    INCREMENT BY 1
    NO MINVALUE
    NO MAXVALUE
    CACHE 1;


ALTER SEQUENCE public.strapi_core_store_settings_id_seq OWNER TO gas;

--
-- Name: strapi_core_store_settings_id_seq; Type: SEQUENCE OWNED BY; Schema: public; Owner: gas
--

ALTER SEQUENCE public.strapi_core_store_settings_id_seq OWNED BY public.strapi_core_store_settings.id;


--
-- Name: strapi_database_schema; Type: TABLE; Schema: public; Owner: gas
--

CREATE TABLE public.strapi_database_schema (
    id integer NOT NULL,
    schema json,
    "time" timestamp without time zone,
    hash character varying(255)
);


ALTER TABLE public.strapi_database_schema OWNER TO gas;

--
-- Name: strapi_database_schema_id_seq; Type: SEQUENCE; Schema: public; Owner: gas
--

CREATE SEQUENCE public.strapi_database_schema_id_seq
    AS integer
    START WITH 1
    INCREMENT BY 1
    NO MINVALUE
    NO MAXVALUE
    CACHE 1;


ALTER SEQUENCE public.strapi_database_schema_id_seq OWNER TO gas;

--
-- Name: strapi_database_schema_id_seq; Type: SEQUENCE OWNED BY; Schema: public; Owner: gas
--

ALTER SEQUENCE public.strapi_database_schema_id_seq OWNED BY public.strapi_database_schema.id;


--
-- Name: strapi_history_versions; Type: TABLE; Schema: public; Owner: gas
--

CREATE TABLE public.strapi_history_versions (
    id integer NOT NULL,
    content_type character varying(255) NOT NULL,
    related_document_id character varying(255),
    locale character varying(255),
    status character varying(255),
    data jsonb,
    schema jsonb,
    created_at timestamp(6) without time zone,
    created_by_id integer
);


ALTER TABLE public.strapi_history_versions OWNER TO gas;

--
-- Name: strapi_history_versions_id_seq; Type: SEQUENCE; Schema: public; Owner: gas
--

CREATE SEQUENCE public.strapi_history_versions_id_seq
    AS integer
    START WITH 1
    INCREMENT BY 1
    NO MINVALUE
    NO MAXVALUE
    CACHE 1;


ALTER SEQUENCE public.strapi_history_versions_id_seq OWNER TO gas;

--
-- Name: strapi_history_versions_id_seq; Type: SEQUENCE OWNED BY; Schema: public; Owner: gas
--

ALTER SEQUENCE public.strapi_history_versions_id_seq OWNED BY public.strapi_history_versions.id;


--
-- Name: strapi_migrations; Type: TABLE; Schema: public; Owner: gas
--

CREATE TABLE public.strapi_migrations (
    id integer NOT NULL,
    name character varying(255),
    "time" timestamp without time zone
);


ALTER TABLE public.strapi_migrations OWNER TO gas;

--
-- Name: strapi_migrations_id_seq; Type: SEQUENCE; Schema: public; Owner: gas
--

CREATE SEQUENCE public.strapi_migrations_id_seq
    AS integer
    START WITH 1
    INCREMENT BY 1
    NO MINVALUE
    NO MAXVALUE
    CACHE 1;


ALTER SEQUENCE public.strapi_migrations_id_seq OWNER TO gas;

--
-- Name: strapi_migrations_id_seq; Type: SEQUENCE OWNED BY; Schema: public; Owner: gas
--

ALTER SEQUENCE public.strapi_migrations_id_seq OWNED BY public.strapi_migrations.id;


--
-- Name: strapi_migrations_internal; Type: TABLE; Schema: public; Owner: gas
--

CREATE TABLE public.strapi_migrations_internal (
    id integer NOT NULL,
    name character varying(255),
    "time" timestamp without time zone
);


ALTER TABLE public.strapi_migrations_internal OWNER TO gas;

--
-- Name: strapi_migrations_internal_id_seq; Type: SEQUENCE; Schema: public; Owner: gas
--

CREATE SEQUENCE public.strapi_migrations_internal_id_seq
    AS integer
    START WITH 1
    INCREMENT BY 1
    NO MINVALUE
    NO MAXVALUE
    CACHE 1;


ALTER SEQUENCE public.strapi_migrations_internal_id_seq OWNER TO gas;

--
-- Name: strapi_migrations_internal_id_seq; Type: SEQUENCE OWNED BY; Schema: public; Owner: gas
--

ALTER SEQUENCE public.strapi_migrations_internal_id_seq OWNED BY public.strapi_migrations_internal.id;


--
-- Name: strapi_release_actions; Type: TABLE; Schema: public; Owner: gas
--

CREATE TABLE public.strapi_release_actions (
    id integer NOT NULL,
    document_id character varying(255),
    type character varying(255),
    content_type character varying(255),
    entry_document_id character varying(255),
    locale character varying(255),
    is_entry_valid boolean,
    created_at timestamp(6) without time zone,
    updated_at timestamp(6) without time zone,
    published_at timestamp(6) without time zone,
    created_by_id integer,
    updated_by_id integer
);


ALTER TABLE public.strapi_release_actions OWNER TO gas;

--
-- Name: strapi_release_actions_id_seq; Type: SEQUENCE; Schema: public; Owner: gas
--

CREATE SEQUENCE public.strapi_release_actions_id_seq
    AS integer
    START WITH 1
    INCREMENT BY 1
    NO MINVALUE
    NO MAXVALUE
    CACHE 1;


ALTER SEQUENCE public.strapi_release_actions_id_seq OWNER TO gas;

--
-- Name: strapi_release_actions_id_seq; Type: SEQUENCE OWNED BY; Schema: public; Owner: gas
--

ALTER SEQUENCE public.strapi_release_actions_id_seq OWNED BY public.strapi_release_actions.id;


--
-- Name: strapi_release_actions_release_lnk; Type: TABLE; Schema: public; Owner: gas
--

CREATE TABLE public.strapi_release_actions_release_lnk (
    id integer NOT NULL,
    release_action_id integer,
    release_id integer,
    release_action_ord double precision
);


ALTER TABLE public.strapi_release_actions_release_lnk OWNER TO gas;

--
-- Name: strapi_release_actions_release_lnk_id_seq; Type: SEQUENCE; Schema: public; Owner: gas
--

CREATE SEQUENCE public.strapi_release_actions_release_lnk_id_seq
    AS integer
    START WITH 1
    INCREMENT BY 1
    NO MINVALUE
    NO MAXVALUE
    CACHE 1;


ALTER SEQUENCE public.strapi_release_actions_release_lnk_id_seq OWNER TO gas;

--
-- Name: strapi_release_actions_release_lnk_id_seq; Type: SEQUENCE OWNED BY; Schema: public; Owner: gas
--

ALTER SEQUENCE public.strapi_release_actions_release_lnk_id_seq OWNED BY public.strapi_release_actions_release_lnk.id;


--
-- Name: strapi_releases; Type: TABLE; Schema: public; Owner: gas
--

CREATE TABLE public.strapi_releases (
    id integer NOT NULL,
    document_id character varying(255),
    name character varying(255),
    released_at timestamp(6) without time zone,
    scheduled_at timestamp(6) without time zone,
    timezone character varying(255),
    status character varying(255),
    created_at timestamp(6) without time zone,
    updated_at timestamp(6) without time zone,
    published_at timestamp(6) without time zone,
    created_by_id integer,
    updated_by_id integer,
    locale character varying(255)
);


ALTER TABLE public.strapi_releases OWNER TO gas;

--
-- Name: strapi_releases_id_seq; Type: SEQUENCE; Schema: public; Owner: gas
--

CREATE SEQUENCE public.strapi_releases_id_seq
    AS integer
    START WITH 1
    INCREMENT BY 1
    NO MINVALUE
    NO MAXVALUE
    CACHE 1;


ALTER SEQUENCE public.strapi_releases_id_seq OWNER TO gas;

--
-- Name: strapi_releases_id_seq; Type: SEQUENCE OWNED BY; Schema: public; Owner: gas
--

ALTER SEQUENCE public.strapi_releases_id_seq OWNED BY public.strapi_releases.id;


--
-- Name: strapi_sessions; Type: TABLE; Schema: public; Owner: gas
--

CREATE TABLE public.strapi_sessions (
    id integer NOT NULL,
    document_id character varying(255),
    user_id character varying(255),
    session_id character varying(255),
    child_id character varying(255),
    device_id character varying(255),
    origin character varying(255),
    expires_at timestamp(6) without time zone,
    absolute_expires_at timestamp(6) without time zone,
    status character varying(255),
    type character varying(255),
    created_at timestamp(6) without time zone,
    updated_at timestamp(6) without time zone,
    published_at timestamp(6) without time zone,
    created_by_id integer,
    updated_by_id integer,
    locale character varying(255)
);


ALTER TABLE public.strapi_sessions OWNER TO gas;

--
-- Name: strapi_sessions_id_seq; Type: SEQUENCE; Schema: public; Owner: gas
--

CREATE SEQUENCE public.strapi_sessions_id_seq
    AS integer
    START WITH 1
    INCREMENT BY 1
    NO MINVALUE
    NO MAXVALUE
    CACHE 1;


ALTER SEQUENCE public.strapi_sessions_id_seq OWNER TO gas;

--
-- Name: strapi_sessions_id_seq; Type: SEQUENCE OWNED BY; Schema: public; Owner: gas
--

ALTER SEQUENCE public.strapi_sessions_id_seq OWNED BY public.strapi_sessions.id;


--
-- Name: strapi_transfer_token_permissions; Type: TABLE; Schema: public; Owner: gas
--

CREATE TABLE public.strapi_transfer_token_permissions (
    id integer NOT NULL,
    document_id character varying(255),
    action character varying(255),
    created_at timestamp(6) without time zone,
    updated_at timestamp(6) without time zone,
    published_at timestamp(6) without time zone,
    created_by_id integer,
    updated_by_id integer,
    locale character varying(255)
);


ALTER TABLE public.strapi_transfer_token_permissions OWNER TO gas;

--
-- Name: strapi_transfer_token_permissions_id_seq; Type: SEQUENCE; Schema: public; Owner: gas
--

CREATE SEQUENCE public.strapi_transfer_token_permissions_id_seq
    AS integer
    START WITH 1
    INCREMENT BY 1
    NO MINVALUE
    NO MAXVALUE
    CACHE 1;


ALTER SEQUENCE public.strapi_transfer_token_permissions_id_seq OWNER TO gas;

--
-- Name: strapi_transfer_token_permissions_id_seq; Type: SEQUENCE OWNED BY; Schema: public; Owner: gas
--

ALTER SEQUENCE public.strapi_transfer_token_permissions_id_seq OWNED BY public.strapi_transfer_token_permissions.id;


--
-- Name: strapi_transfer_token_permissions_token_lnk; Type: TABLE; Schema: public; Owner: gas
--

CREATE TABLE public.strapi_transfer_token_permissions_token_lnk (
    id integer NOT NULL,
    transfer_token_permission_id integer,
    transfer_token_id integer,
    transfer_token_permission_ord double precision
);


ALTER TABLE public.strapi_transfer_token_permissions_token_lnk OWNER TO gas;

--
-- Name: strapi_transfer_token_permissions_token_lnk_id_seq; Type: SEQUENCE; Schema: public; Owner: gas
--

CREATE SEQUENCE public.strapi_transfer_token_permissions_token_lnk_id_seq
    AS integer
    START WITH 1
    INCREMENT BY 1
    NO MINVALUE
    NO MAXVALUE
    CACHE 1;


ALTER SEQUENCE public.strapi_transfer_token_permissions_token_lnk_id_seq OWNER TO gas;

--
-- Name: strapi_transfer_token_permissions_token_lnk_id_seq; Type: SEQUENCE OWNED BY; Schema: public; Owner: gas
--

ALTER SEQUENCE public.strapi_transfer_token_permissions_token_lnk_id_seq OWNED BY public.strapi_transfer_token_permissions_token_lnk.id;


--
-- Name: strapi_transfer_tokens; Type: TABLE; Schema: public; Owner: gas
--

CREATE TABLE public.strapi_transfer_tokens (
    id integer NOT NULL,
    document_id character varying(255),
    name character varying(255),
    description character varying(255),
    access_key character varying(255),
    last_used_at timestamp(6) without time zone,
    expires_at timestamp(6) without time zone,
    lifespan bigint,
    created_at timestamp(6) without time zone,
    updated_at timestamp(6) without time zone,
    published_at timestamp(6) without time zone,
    created_by_id integer,
    updated_by_id integer,
    locale character varying(255)
);


ALTER TABLE public.strapi_transfer_tokens OWNER TO gas;

--
-- Name: strapi_transfer_tokens_id_seq; Type: SEQUENCE; Schema: public; Owner: gas
--

CREATE SEQUENCE public.strapi_transfer_tokens_id_seq
    AS integer
    START WITH 1
    INCREMENT BY 1
    NO MINVALUE
    NO MAXVALUE
    CACHE 1;


ALTER SEQUENCE public.strapi_transfer_tokens_id_seq OWNER TO gas;

--
-- Name: strapi_transfer_tokens_id_seq; Type: SEQUENCE OWNED BY; Schema: public; Owner: gas
--

ALTER SEQUENCE public.strapi_transfer_tokens_id_seq OWNED BY public.strapi_transfer_tokens.id;


--
-- Name: strapi_webhooks; Type: TABLE; Schema: public; Owner: gas
--

CREATE TABLE public.strapi_webhooks (
    id integer NOT NULL,
    name character varying(255),
    url text,
    headers jsonb,
    events jsonb,
    enabled boolean
);


ALTER TABLE public.strapi_webhooks OWNER TO gas;

--
-- Name: strapi_webhooks_id_seq; Type: SEQUENCE; Schema: public; Owner: gas
--

CREATE SEQUENCE public.strapi_webhooks_id_seq
    AS integer
    START WITH 1
    INCREMENT BY 1
    NO MINVALUE
    NO MAXVALUE
    CACHE 1;


ALTER SEQUENCE public.strapi_webhooks_id_seq OWNER TO gas;

--
-- Name: strapi_webhooks_id_seq; Type: SEQUENCE OWNED BY; Schema: public; Owner: gas
--

ALTER SEQUENCE public.strapi_webhooks_id_seq OWNED BY public.strapi_webhooks.id;


--
-- Name: strapi_workflows; Type: TABLE; Schema: public; Owner: gas
--

CREATE TABLE public.strapi_workflows (
    id integer NOT NULL,
    document_id character varying(255),
    name character varying(255),
    content_types jsonb,
    created_at timestamp(6) without time zone,
    updated_at timestamp(6) without time zone,
    published_at timestamp(6) without time zone,
    created_by_id integer,
    updated_by_id integer,
    locale character varying(255)
);


ALTER TABLE public.strapi_workflows OWNER TO gas;

--
-- Name: strapi_workflows_id_seq; Type: SEQUENCE; Schema: public; Owner: gas
--

CREATE SEQUENCE public.strapi_workflows_id_seq
    AS integer
    START WITH 1
    INCREMENT BY 1
    NO MINVALUE
    NO MAXVALUE
    CACHE 1;


ALTER SEQUENCE public.strapi_workflows_id_seq OWNER TO gas;

--
-- Name: strapi_workflows_id_seq; Type: SEQUENCE OWNED BY; Schema: public; Owner: gas
--

ALTER SEQUENCE public.strapi_workflows_id_seq OWNED BY public.strapi_workflows.id;


--
-- Name: strapi_workflows_stage_required_to_publish_lnk; Type: TABLE; Schema: public; Owner: gas
--

CREATE TABLE public.strapi_workflows_stage_required_to_publish_lnk (
    id integer NOT NULL,
    workflow_id integer,
    workflow_stage_id integer
);


ALTER TABLE public.strapi_workflows_stage_required_to_publish_lnk OWNER TO gas;

--
-- Name: strapi_workflows_stage_required_to_publish_lnk_id_seq; Type: SEQUENCE; Schema: public; Owner: gas
--

CREATE SEQUENCE public.strapi_workflows_stage_required_to_publish_lnk_id_seq
    AS integer
    START WITH 1
    INCREMENT BY 1
    NO MINVALUE
    NO MAXVALUE
    CACHE 1;


ALTER SEQUENCE public.strapi_workflows_stage_required_to_publish_lnk_id_seq OWNER TO gas;

--
-- Name: strapi_workflows_stage_required_to_publish_lnk_id_seq; Type: SEQUENCE OWNED BY; Schema: public; Owner: gas
--

ALTER SEQUENCE public.strapi_workflows_stage_required_to_publish_lnk_id_seq OWNED BY public.strapi_workflows_stage_required_to_publish_lnk.id;


--
-- Name: strapi_workflows_stages; Type: TABLE; Schema: public; Owner: gas
--

CREATE TABLE public.strapi_workflows_stages (
    id integer NOT NULL,
    document_id character varying(255),
    name character varying(255),
    color character varying(255),
    created_at timestamp(6) without time zone,
    updated_at timestamp(6) without time zone,
    published_at timestamp(6) without time zone,
    created_by_id integer,
    updated_by_id integer,
    locale character varying(255)
);


ALTER TABLE public.strapi_workflows_stages OWNER TO gas;

--
-- Name: strapi_workflows_stages_id_seq; Type: SEQUENCE; Schema: public; Owner: gas
--

CREATE SEQUENCE public.strapi_workflows_stages_id_seq
    AS integer
    START WITH 1
    INCREMENT BY 1
    NO MINVALUE
    NO MAXVALUE
    CACHE 1;


ALTER SEQUENCE public.strapi_workflows_stages_id_seq OWNER TO gas;

--
-- Name: strapi_workflows_stages_id_seq; Type: SEQUENCE OWNED BY; Schema: public; Owner: gas
--

ALTER SEQUENCE public.strapi_workflows_stages_id_seq OWNED BY public.strapi_workflows_stages.id;


--
-- Name: strapi_workflows_stages_permissions_lnk; Type: TABLE; Schema: public; Owner: gas
--

CREATE TABLE public.strapi_workflows_stages_permissions_lnk (
    id integer NOT NULL,
    workflow_stage_id integer,
    permission_id integer,
    permission_ord double precision
);


ALTER TABLE public.strapi_workflows_stages_permissions_lnk OWNER TO gas;

--
-- Name: strapi_workflows_stages_permissions_lnk_id_seq; Type: SEQUENCE; Schema: public; Owner: gas
--

CREATE SEQUENCE public.strapi_workflows_stages_permissions_lnk_id_seq
    AS integer
    START WITH 1
    INCREMENT BY 1
    NO MINVALUE
    NO MAXVALUE
    CACHE 1;


ALTER SEQUENCE public.strapi_workflows_stages_permissions_lnk_id_seq OWNER TO gas;

--
-- Name: strapi_workflows_stages_permissions_lnk_id_seq; Type: SEQUENCE OWNED BY; Schema: public; Owner: gas
--

ALTER SEQUENCE public.strapi_workflows_stages_permissions_lnk_id_seq OWNED BY public.strapi_workflows_stages_permissions_lnk.id;


--
-- Name: strapi_workflows_stages_workflow_lnk; Type: TABLE; Schema: public; Owner: gas
--

CREATE TABLE public.strapi_workflows_stages_workflow_lnk (
    id integer NOT NULL,
    workflow_stage_id integer,
    workflow_id integer,
    workflow_stage_ord double precision
);


ALTER TABLE public.strapi_workflows_stages_workflow_lnk OWNER TO gas;

--
-- Name: strapi_workflows_stages_workflow_lnk_id_seq; Type: SEQUENCE; Schema: public; Owner: gas
--

CREATE SEQUENCE public.strapi_workflows_stages_workflow_lnk_id_seq
    AS integer
    START WITH 1
    INCREMENT BY 1
    NO MINVALUE
    NO MAXVALUE
    CACHE 1;


ALTER SEQUENCE public.strapi_workflows_stages_workflow_lnk_id_seq OWNER TO gas;

--
-- Name: strapi_workflows_stages_workflow_lnk_id_seq; Type: SEQUENCE OWNED BY; Schema: public; Owner: gas
--

ALTER SEQUENCE public.strapi_workflows_stages_workflow_lnk_id_seq OWNED BY public.strapi_workflows_stages_workflow_lnk.id;


--
-- Name: up_permissions; Type: TABLE; Schema: public; Owner: gas
--

CREATE TABLE public.up_permissions (
    id integer NOT NULL,
    document_id character varying(255),
    action character varying(255),
    created_at timestamp(6) without time zone,
    updated_at timestamp(6) without time zone,
    published_at timestamp(6) without time zone,
    created_by_id integer,
    updated_by_id integer,
    locale character varying(255)
);


ALTER TABLE public.up_permissions OWNER TO gas;

--
-- Name: up_permissions_id_seq; Type: SEQUENCE; Schema: public; Owner: gas
--

CREATE SEQUENCE public.up_permissions_id_seq
    AS integer
    START WITH 1
    INCREMENT BY 1
    NO MINVALUE
    NO MAXVALUE
    CACHE 1;


ALTER SEQUENCE public.up_permissions_id_seq OWNER TO gas;

--
-- Name: up_permissions_id_seq; Type: SEQUENCE OWNED BY; Schema: public; Owner: gas
--

ALTER SEQUENCE public.up_permissions_id_seq OWNED BY public.up_permissions.id;


--
-- Name: up_permissions_role_lnk; Type: TABLE; Schema: public; Owner: gas
--

CREATE TABLE public.up_permissions_role_lnk (
    id integer NOT NULL,
    permission_id integer,
    role_id integer,
    permission_ord double precision
);


ALTER TABLE public.up_permissions_role_lnk OWNER TO gas;

--
-- Name: up_permissions_role_lnk_id_seq; Type: SEQUENCE; Schema: public; Owner: gas
--

CREATE SEQUENCE public.up_permissions_role_lnk_id_seq
    AS integer
    START WITH 1
    INCREMENT BY 1
    NO MINVALUE
    NO MAXVALUE
    CACHE 1;


ALTER SEQUENCE public.up_permissions_role_lnk_id_seq OWNER TO gas;

--
-- Name: up_permissions_role_lnk_id_seq; Type: SEQUENCE OWNED BY; Schema: public; Owner: gas
--

ALTER SEQUENCE public.up_permissions_role_lnk_id_seq OWNED BY public.up_permissions_role_lnk.id;


--
-- Name: up_roles; Type: TABLE; Schema: public; Owner: gas
--

CREATE TABLE public.up_roles (
    id integer NOT NULL,
    document_id character varying(255),
    name character varying(255),
    description character varying(255),
    type character varying(255),
    created_at timestamp(6) without time zone,
    updated_at timestamp(6) without time zone,
    published_at timestamp(6) without time zone,
    created_by_id integer,
    updated_by_id integer,
    locale character varying(255)
);


ALTER TABLE public.up_roles OWNER TO gas;

--
-- Name: up_roles_id_seq; Type: SEQUENCE; Schema: public; Owner: gas
--

CREATE SEQUENCE public.up_roles_id_seq
    AS integer
    START WITH 1
    INCREMENT BY 1
    NO MINVALUE
    NO MAXVALUE
    CACHE 1;


ALTER SEQUENCE public.up_roles_id_seq OWNER TO gas;

--
-- Name: up_roles_id_seq; Type: SEQUENCE OWNED BY; Schema: public; Owner: gas
--

ALTER SEQUENCE public.up_roles_id_seq OWNED BY public.up_roles.id;


--
-- Name: up_users; Type: TABLE; Schema: public; Owner: gas
--

CREATE TABLE public.up_users (
    id integer NOT NULL,
    document_id character varying(255),
    username character varying(255),
    email character varying(255),
    provider character varying(255),
    password character varying(255),
    reset_password_token character varying(255),
    confirmation_token character varying(255),
    confirmed boolean,
    blocked boolean,
    created_at timestamp(6) without time zone,
    updated_at timestamp(6) without time zone,
    published_at timestamp(6) without time zone,
    created_by_id integer,
    updated_by_id integer,
    locale character varying(255)
);


ALTER TABLE public.up_users OWNER TO gas;

--
-- Name: up_users_id_seq; Type: SEQUENCE; Schema: public; Owner: gas
--

CREATE SEQUENCE public.up_users_id_seq
    AS integer
    START WITH 1
    INCREMENT BY 1
    NO MINVALUE
    NO MAXVALUE
    CACHE 1;


ALTER SEQUENCE public.up_users_id_seq OWNER TO gas;

--
-- Name: up_users_id_seq; Type: SEQUENCE OWNED BY; Schema: public; Owner: gas
--

ALTER SEQUENCE public.up_users_id_seq OWNED BY public.up_users.id;


--
-- Name: up_users_role_lnk; Type: TABLE; Schema: public; Owner: gas
--

CREATE TABLE public.up_users_role_lnk (
    id integer NOT NULL,
    user_id integer,
    role_id integer,
    user_ord double precision
);


ALTER TABLE public.up_users_role_lnk OWNER TO gas;

--
-- Name: up_users_role_lnk_id_seq; Type: SEQUENCE; Schema: public; Owner: gas
--

CREATE SEQUENCE public.up_users_role_lnk_id_seq
    AS integer
    START WITH 1
    INCREMENT BY 1
    NO MINVALUE
    NO MAXVALUE
    CACHE 1;


ALTER SEQUENCE public.up_users_role_lnk_id_seq OWNER TO gas;

--
-- Name: up_users_role_lnk_id_seq; Type: SEQUENCE OWNED BY; Schema: public; Owner: gas
--

ALTER SEQUENCE public.up_users_role_lnk_id_seq OWNED BY public.up_users_role_lnk.id;


--
-- Name: upload_folders; Type: TABLE; Schema: public; Owner: gas
--

CREATE TABLE public.upload_folders (
    id integer NOT NULL,
    document_id character varying(255),
    name character varying(255),
    path_id integer,
    path character varying(255),
    created_at timestamp(6) without time zone,
    updated_at timestamp(6) without time zone,
    published_at timestamp(6) without time zone,
    created_by_id integer,
    updated_by_id integer,
    locale character varying(255)
);


ALTER TABLE public.upload_folders OWNER TO gas;

--
-- Name: upload_folders_id_seq; Type: SEQUENCE; Schema: public; Owner: gas
--

CREATE SEQUENCE public.upload_folders_id_seq
    AS integer
    START WITH 1
    INCREMENT BY 1
    NO MINVALUE
    NO MAXVALUE
    CACHE 1;


ALTER SEQUENCE public.upload_folders_id_seq OWNER TO gas;

--
-- Name: upload_folders_id_seq; Type: SEQUENCE OWNED BY; Schema: public; Owner: gas
--

ALTER SEQUENCE public.upload_folders_id_seq OWNED BY public.upload_folders.id;


--
-- Name: upload_folders_parent_lnk; Type: TABLE; Schema: public; Owner: gas
--

CREATE TABLE public.upload_folders_parent_lnk (
    id integer NOT NULL,
    folder_id integer,
    inv_folder_id integer,
    folder_ord double precision
);


ALTER TABLE public.upload_folders_parent_lnk OWNER TO gas;

--
-- Name: upload_folders_parent_lnk_id_seq; Type: SEQUENCE; Schema: public; Owner: gas
--

CREATE SEQUENCE public.upload_folders_parent_lnk_id_seq
    AS integer
    START WITH 1
    INCREMENT BY 1
    NO MINVALUE
    NO MAXVALUE
    CACHE 1;


ALTER SEQUENCE public.upload_folders_parent_lnk_id_seq OWNER TO gas;

--
-- Name: upload_folders_parent_lnk_id_seq; Type: SEQUENCE OWNED BY; Schema: public; Owner: gas
--

ALTER SEQUENCE public.upload_folders_parent_lnk_id_seq OWNED BY public.upload_folders_parent_lnk.id;


--
-- Name: abouts id; Type: DEFAULT; Schema: public; Owner: gas
--

ALTER TABLE ONLY public.abouts ALTER COLUMN id SET DEFAULT nextval('public.abouts_id_seq'::regclass);


--
-- Name: abouts_cmps id; Type: DEFAULT; Schema: public; Owner: gas
--

ALTER TABLE ONLY public.abouts_cmps ALTER COLUMN id SET DEFAULT nextval('public.abouts_cmps_id_seq'::regclass);


--
-- Name: admin_permissions id; Type: DEFAULT; Schema: public; Owner: gas
--

ALTER TABLE ONLY public.admin_permissions ALTER COLUMN id SET DEFAULT nextval('public.admin_permissions_id_seq'::regclass);


--
-- Name: admin_permissions_role_lnk id; Type: DEFAULT; Schema: public; Owner: gas
--

ALTER TABLE ONLY public.admin_permissions_role_lnk ALTER COLUMN id SET DEFAULT nextval('public.admin_permissions_role_lnk_id_seq'::regclass);


--
-- Name: admin_roles id; Type: DEFAULT; Schema: public; Owner: gas
--

ALTER TABLE ONLY public.admin_roles ALTER COLUMN id SET DEFAULT nextval('public.admin_roles_id_seq'::regclass);


--
-- Name: admin_users id; Type: DEFAULT; Schema: public; Owner: gas
--

ALTER TABLE ONLY public.admin_users ALTER COLUMN id SET DEFAULT nextval('public.admin_users_id_seq'::regclass);


--
-- Name: admin_users_roles_lnk id; Type: DEFAULT; Schema: public; Owner: gas
--

ALTER TABLE ONLY public.admin_users_roles_lnk ALTER COLUMN id SET DEFAULT nextval('public.admin_users_roles_lnk_id_seq'::regclass);


--
-- Name: articles id; Type: DEFAULT; Schema: public; Owner: gas
--

ALTER TABLE ONLY public.articles ALTER COLUMN id SET DEFAULT nextval('public.articles_id_seq'::regclass);


--
-- Name: articles_author_lnk id; Type: DEFAULT; Schema: public; Owner: gas
--

ALTER TABLE ONLY public.articles_author_lnk ALTER COLUMN id SET DEFAULT nextval('public.articles_author_lnk_id_seq'::regclass);


--
-- Name: articles_category_lnk id; Type: DEFAULT; Schema: public; Owner: gas
--

ALTER TABLE ONLY public.articles_category_lnk ALTER COLUMN id SET DEFAULT nextval('public.articles_category_lnk_id_seq'::regclass);


--
-- Name: articles_cmps id; Type: DEFAULT; Schema: public; Owner: gas
--

ALTER TABLE ONLY public.articles_cmps ALTER COLUMN id SET DEFAULT nextval('public.articles_cmps_id_seq'::regclass);


--
-- Name: authors id; Type: DEFAULT; Schema: public; Owner: gas
--

ALTER TABLE ONLY public.authors ALTER COLUMN id SET DEFAULT nextval('public.authors_id_seq'::regclass);


--
-- Name: categories id; Type: DEFAULT; Schema: public; Owner: gas
--

ALTER TABLE ONLY public.categories ALTER COLUMN id SET DEFAULT nextval('public.categories_id_seq'::regclass);


--
-- Name: components_shared_media id; Type: DEFAULT; Schema: public; Owner: gas
--

ALTER TABLE ONLY public.components_shared_media ALTER COLUMN id SET DEFAULT nextval('public.components_shared_media_id_seq'::regclass);


--
-- Name: components_shared_quotes id; Type: DEFAULT; Schema: public; Owner: gas
--

ALTER TABLE ONLY public.components_shared_quotes ALTER COLUMN id SET DEFAULT nextval('public.components_shared_quotes_id_seq'::regclass);


--
-- Name: components_shared_rich_texts id; Type: DEFAULT; Schema: public; Owner: gas
--

ALTER TABLE ONLY public.components_shared_rich_texts ALTER COLUMN id SET DEFAULT nextval('public.components_shared_rich_texts_id_seq'::regclass);


--
-- Name: components_shared_seos id; Type: DEFAULT; Schema: public; Owner: gas
--

ALTER TABLE ONLY public.components_shared_seos ALTER COLUMN id SET DEFAULT nextval('public.components_shared_seos_id_seq'::regclass);


--
-- Name: components_shared_sliders id; Type: DEFAULT; Schema: public; Owner: gas
--

ALTER TABLE ONLY public.components_shared_sliders ALTER COLUMN id SET DEFAULT nextval('public.components_shared_sliders_id_seq'::regclass);


--
-- Name: files id; Type: DEFAULT; Schema: public; Owner: gas
--

ALTER TABLE ONLY public.files ALTER COLUMN id SET DEFAULT nextval('public.files_id_seq'::regclass);


--
-- Name: files_folder_lnk id; Type: DEFAULT; Schema: public; Owner: gas
--

ALTER TABLE ONLY public.files_folder_lnk ALTER COLUMN id SET DEFAULT nextval('public.files_folder_lnk_id_seq'::regclass);


--
-- Name: files_related_mph id; Type: DEFAULT; Schema: public; Owner: gas
--

ALTER TABLE ONLY public.files_related_mph ALTER COLUMN id SET DEFAULT nextval('public.files_related_mph_id_seq'::regclass);


--
-- Name: globals id; Type: DEFAULT; Schema: public; Owner: gas
--

ALTER TABLE ONLY public.globals ALTER COLUMN id SET DEFAULT nextval('public.globals_id_seq'::regclass);


--
-- Name: globals_cmps id; Type: DEFAULT; Schema: public; Owner: gas
--

ALTER TABLE ONLY public.globals_cmps ALTER COLUMN id SET DEFAULT nextval('public.globals_cmps_id_seq'::regclass);


--
-- Name: i18n_locale id; Type: DEFAULT; Schema: public; Owner: gas
--

ALTER TABLE ONLY public.i18n_locale ALTER COLUMN id SET DEFAULT nextval('public.i18n_locale_id_seq'::regclass);


--
-- Name: project_features id; Type: DEFAULT; Schema: public; Owner: gas
--

ALTER TABLE ONLY public.project_features ALTER COLUMN id SET DEFAULT nextval('public.project_features_id_seq'::regclass);


--
-- Name: project_features_project_lnk id; Type: DEFAULT; Schema: public; Owner: gas
--

ALTER TABLE ONLY public.project_features_project_lnk ALTER COLUMN id SET DEFAULT nextval('public.project_features_project_lnk_id_seq'::regclass);


--
-- Name: project_timings id; Type: DEFAULT; Schema: public; Owner: gas
--

ALTER TABLE ONLY public.project_timings ALTER COLUMN id SET DEFAULT nextval('public.project_timings_id_seq'::regclass);


--
-- Name: project_timings_project_lnk id; Type: DEFAULT; Schema: public; Owner: gas
--

ALTER TABLE ONLY public.project_timings_project_lnk ALTER COLUMN id SET DEFAULT nextval('public.project_timings_project_lnk_id_seq'::regclass);


--
-- Name: project_typologies id; Type: DEFAULT; Schema: public; Owner: gas
--

ALTER TABLE ONLY public.project_typologies ALTER COLUMN id SET DEFAULT nextval('public.project_typologies_id_seq'::regclass);


--
-- Name: project_typologies_project_lnk id; Type: DEFAULT; Schema: public; Owner: gas
--

ALTER TABLE ONLY public.project_typologies_project_lnk ALTER COLUMN id SET DEFAULT nextval('public.project_typologies_project_lnk_id_seq'::regclass);


--
-- Name: projects id; Type: DEFAULT; Schema: public; Owner: gas
--

ALTER TABLE ONLY public.projects ALTER COLUMN id SET DEFAULT nextval('public.projects_id_seq'::regclass);


--
-- Name: strapi_ai_localization_jobs id; Type: DEFAULT; Schema: public; Owner: gas
--

ALTER TABLE ONLY public.strapi_ai_localization_jobs ALTER COLUMN id SET DEFAULT nextval('public.strapi_ai_localization_jobs_id_seq'::regclass);


--
-- Name: strapi_api_token_permissions id; Type: DEFAULT; Schema: public; Owner: gas
--

ALTER TABLE ONLY public.strapi_api_token_permissions ALTER COLUMN id SET DEFAULT nextval('public.strapi_api_token_permissions_id_seq'::regclass);


--
-- Name: strapi_api_token_permissions_token_lnk id; Type: DEFAULT; Schema: public; Owner: gas
--

ALTER TABLE ONLY public.strapi_api_token_permissions_token_lnk ALTER COLUMN id SET DEFAULT nextval('public.strapi_api_token_permissions_token_lnk_id_seq'::regclass);


--
-- Name: strapi_api_tokens id; Type: DEFAULT; Schema: public; Owner: gas
--

ALTER TABLE ONLY public.strapi_api_tokens ALTER COLUMN id SET DEFAULT nextval('public.strapi_api_tokens_id_seq'::regclass);


--
-- Name: strapi_core_store_settings id; Type: DEFAULT; Schema: public; Owner: gas
--

ALTER TABLE ONLY public.strapi_core_store_settings ALTER COLUMN id SET DEFAULT nextval('public.strapi_core_store_settings_id_seq'::regclass);


--
-- Name: strapi_database_schema id; Type: DEFAULT; Schema: public; Owner: gas
--

ALTER TABLE ONLY public.strapi_database_schema ALTER COLUMN id SET DEFAULT nextval('public.strapi_database_schema_id_seq'::regclass);


--
-- Name: strapi_history_versions id; Type: DEFAULT; Schema: public; Owner: gas
--

ALTER TABLE ONLY public.strapi_history_versions ALTER COLUMN id SET DEFAULT nextval('public.strapi_history_versions_id_seq'::regclass);


--
-- Name: strapi_migrations id; Type: DEFAULT; Schema: public; Owner: gas
--

ALTER TABLE ONLY public.strapi_migrations ALTER COLUMN id SET DEFAULT nextval('public.strapi_migrations_id_seq'::regclass);


--
-- Name: strapi_migrations_internal id; Type: DEFAULT; Schema: public; Owner: gas
--

ALTER TABLE ONLY public.strapi_migrations_internal ALTER COLUMN id SET DEFAULT nextval('public.strapi_migrations_internal_id_seq'::regclass);


--
-- Name: strapi_release_actions id; Type: DEFAULT; Schema: public; Owner: gas
--

ALTER TABLE ONLY public.strapi_release_actions ALTER COLUMN id SET DEFAULT nextval('public.strapi_release_actions_id_seq'::regclass);


--
-- Name: strapi_release_actions_release_lnk id; Type: DEFAULT; Schema: public; Owner: gas
--

ALTER TABLE ONLY public.strapi_release_actions_release_lnk ALTER COLUMN id SET DEFAULT nextval('public.strapi_release_actions_release_lnk_id_seq'::regclass);


--
-- Name: strapi_releases id; Type: DEFAULT; Schema: public; Owner: gas
--

ALTER TABLE ONLY public.strapi_releases ALTER COLUMN id SET DEFAULT nextval('public.strapi_releases_id_seq'::regclass);


--
-- Name: strapi_sessions id; Type: DEFAULT; Schema: public; Owner: gas
--

ALTER TABLE ONLY public.strapi_sessions ALTER COLUMN id SET DEFAULT nextval('public.strapi_sessions_id_seq'::regclass);


--
-- Name: strapi_transfer_token_permissions id; Type: DEFAULT; Schema: public; Owner: gas
--

ALTER TABLE ONLY public.strapi_transfer_token_permissions ALTER COLUMN id SET DEFAULT nextval('public.strapi_transfer_token_permissions_id_seq'::regclass);


--
-- Name: strapi_transfer_token_permissions_token_lnk id; Type: DEFAULT; Schema: public; Owner: gas
--

ALTER TABLE ONLY public.strapi_transfer_token_permissions_token_lnk ALTER COLUMN id SET DEFAULT nextval('public.strapi_transfer_token_permissions_token_lnk_id_seq'::regclass);


--
-- Name: strapi_transfer_tokens id; Type: DEFAULT; Schema: public; Owner: gas
--

ALTER TABLE ONLY public.strapi_transfer_tokens ALTER COLUMN id SET DEFAULT nextval('public.strapi_transfer_tokens_id_seq'::regclass);


--
-- Name: strapi_webhooks id; Type: DEFAULT; Schema: public; Owner: gas
--

ALTER TABLE ONLY public.strapi_webhooks ALTER COLUMN id SET DEFAULT nextval('public.strapi_webhooks_id_seq'::regclass);


--
-- Name: strapi_workflows id; Type: DEFAULT; Schema: public; Owner: gas
--

ALTER TABLE ONLY public.strapi_workflows ALTER COLUMN id SET DEFAULT nextval('public.strapi_workflows_id_seq'::regclass);


--
-- Name: strapi_workflows_stage_required_to_publish_lnk id; Type: DEFAULT; Schema: public; Owner: gas
--

ALTER TABLE ONLY public.strapi_workflows_stage_required_to_publish_lnk ALTER COLUMN id SET DEFAULT nextval('public.strapi_workflows_stage_required_to_publish_lnk_id_seq'::regclass);


--
-- Name: strapi_workflows_stages id; Type: DEFAULT; Schema: public; Owner: gas
--

ALTER TABLE ONLY public.strapi_workflows_stages ALTER COLUMN id SET DEFAULT nextval('public.strapi_workflows_stages_id_seq'::regclass);


--
-- Name: strapi_workflows_stages_permissions_lnk id; Type: DEFAULT; Schema: public; Owner: gas
--

ALTER TABLE ONLY public.strapi_workflows_stages_permissions_lnk ALTER COLUMN id SET DEFAULT nextval('public.strapi_workflows_stages_permissions_lnk_id_seq'::regclass);


--
-- Name: strapi_workflows_stages_workflow_lnk id; Type: DEFAULT; Schema: public; Owner: gas
--

ALTER TABLE ONLY public.strapi_workflows_stages_workflow_lnk ALTER COLUMN id SET DEFAULT nextval('public.strapi_workflows_stages_workflow_lnk_id_seq'::regclass);


--
-- Name: up_permissions id; Type: DEFAULT; Schema: public; Owner: gas
--

ALTER TABLE ONLY public.up_permissions ALTER COLUMN id SET DEFAULT nextval('public.up_permissions_id_seq'::regclass);


--
-- Name: up_permissions_role_lnk id; Type: DEFAULT; Schema: public; Owner: gas
--

ALTER TABLE ONLY public.up_permissions_role_lnk ALTER COLUMN id SET DEFAULT nextval('public.up_permissions_role_lnk_id_seq'::regclass);


--
-- Name: up_roles id; Type: DEFAULT; Schema: public; Owner: gas
--

ALTER TABLE ONLY public.up_roles ALTER COLUMN id SET DEFAULT nextval('public.up_roles_id_seq'::regclass);


--
-- Name: up_users id; Type: DEFAULT; Schema: public; Owner: gas
--

ALTER TABLE ONLY public.up_users ALTER COLUMN id SET DEFAULT nextval('public.up_users_id_seq'::regclass);


--
-- Name: up_users_role_lnk id; Type: DEFAULT; Schema: public; Owner: gas
--

ALTER TABLE ONLY public.up_users_role_lnk ALTER COLUMN id SET DEFAULT nextval('public.up_users_role_lnk_id_seq'::regclass);


--
-- Name: upload_folders id; Type: DEFAULT; Schema: public; Owner: gas
--

ALTER TABLE ONLY public.upload_folders ALTER COLUMN id SET DEFAULT nextval('public.upload_folders_id_seq'::regclass);


--
-- Name: upload_folders_parent_lnk id; Type: DEFAULT; Schema: public; Owner: gas
--

ALTER TABLE ONLY public.upload_folders_parent_lnk ALTER COLUMN id SET DEFAULT nextval('public.upload_folders_parent_lnk_id_seq'::regclass);


--
-- Data for Name: abouts; Type: TABLE DATA; Schema: public; Owner: gas
--

COPY public.abouts (id, document_id, title, created_at, updated_at, published_at, created_by_id, updated_by_id, locale) FROM stdin;
\.


--
-- Data for Name: abouts_cmps; Type: TABLE DATA; Schema: public; Owner: gas
--

COPY public.abouts_cmps (id, entity_id, cmp_id, component_type, field, "order") FROM stdin;
\.


--
-- Data for Name: admin_permissions; Type: TABLE DATA; Schema: public; Owner: gas
--

COPY public.admin_permissions (id, document_id, action, action_parameters, subject, properties, conditions, created_at, updated_at, published_at, created_by_id, updated_by_id, locale) FROM stdin;
1	ffakmb4yk8gq5x00jizatyro	plugin::content-manager.explorer.create	{}	api::about.about	{"fields": ["title", "blocks"]}	[]	2025-12-18 12:09:37.886	2025-12-18 12:09:37.886	2025-12-18 12:09:37.887	\N	\N	\N
2	k0ysy2lsb801cs395hf8az55	plugin::content-manager.explorer.create	{}	api::article.article	{"fields": ["title", "description", "slug", "cover", "author", "category", "blocks"]}	[]	2025-12-18 12:09:37.892	2025-12-18 12:09:37.892	2025-12-18 12:09:37.892	\N	\N	\N
3	kb9og3l09yfwpciir8f34zg6	plugin::content-manager.explorer.create	{}	api::author.author	{"fields": ["name", "avatar", "email", "articles"]}	[]	2025-12-18 12:09:37.897	2025-12-18 12:09:37.897	2025-12-18 12:09:37.897	\N	\N	\N
4	muos1xtoxmba7cn41g8thdzq	plugin::content-manager.explorer.create	{}	api::category.category	{"fields": ["name", "slug", "articles", "description"]}	[]	2025-12-18 12:09:37.901	2025-12-18 12:09:37.901	2025-12-18 12:09:37.901	\N	\N	\N
5	rkm7bxlrziwqzakxoblmfs75	plugin::content-manager.explorer.create	{}	api::global.global	{"fields": ["siteName", "favicon", "siteDescription", "defaultSeo.metaTitle", "defaultSeo.metaDescription", "defaultSeo.shareImage"]}	[]	2025-12-18 12:09:37.906	2025-12-18 12:09:37.906	2025-12-18 12:09:37.907	\N	\N	\N
6	irc0k159mb9uhecqwwqe0zxf	plugin::content-manager.explorer.read	{}	api::about.about	{"fields": ["title", "blocks"]}	[]	2025-12-18 12:09:37.911	2025-12-18 12:09:37.911	2025-12-18 12:09:37.911	\N	\N	\N
7	me63909gxexl5u9prkdy22i3	plugin::content-manager.explorer.read	{}	api::article.article	{"fields": ["title", "description", "slug", "cover", "author", "category", "blocks"]}	[]	2025-12-18 12:09:37.916	2025-12-18 12:09:37.916	2025-12-18 12:09:37.916	\N	\N	\N
8	cb5nrwggbbtbken10fy4vnz8	plugin::content-manager.explorer.read	{}	api::author.author	{"fields": ["name", "avatar", "email", "articles"]}	[]	2025-12-18 12:09:37.92	2025-12-18 12:09:37.92	2025-12-18 12:09:37.92	\N	\N	\N
9	puwl0cybazfpo5cny86h8qvx	plugin::content-manager.explorer.read	{}	api::category.category	{"fields": ["name", "slug", "articles", "description"]}	[]	2025-12-18 12:09:37.923	2025-12-18 12:09:37.923	2025-12-18 12:09:37.923	\N	\N	\N
10	qumd9u7i1ftx17dpqrjtgb9f	plugin::content-manager.explorer.read	{}	api::global.global	{"fields": ["siteName", "favicon", "siteDescription", "defaultSeo.metaTitle", "defaultSeo.metaDescription", "defaultSeo.shareImage"]}	[]	2025-12-18 12:09:37.927	2025-12-18 12:09:37.927	2025-12-18 12:09:37.927	\N	\N	\N
11	lmth2e9w0ptdghx2c44uqcqr	plugin::content-manager.explorer.update	{}	api::about.about	{"fields": ["title", "blocks"]}	[]	2025-12-18 12:09:37.93	2025-12-18 12:09:37.93	2025-12-18 12:09:37.93	\N	\N	\N
12	n5awxg2xtmalpyo7ppz5tiym	plugin::content-manager.explorer.update	{}	api::article.article	{"fields": ["title", "description", "slug", "cover", "author", "category", "blocks"]}	[]	2025-12-18 12:09:37.934	2025-12-18 12:09:37.934	2025-12-18 12:09:37.934	\N	\N	\N
13	qtdxfglukge9kdy4dvrf37wy	plugin::content-manager.explorer.update	{}	api::author.author	{"fields": ["name", "avatar", "email", "articles"]}	[]	2025-12-18 12:09:37.938	2025-12-18 12:09:37.938	2025-12-18 12:09:37.938	\N	\N	\N
14	q6w7coalfoiq8cc1wee2ravg	plugin::content-manager.explorer.update	{}	api::category.category	{"fields": ["name", "slug", "articles", "description"]}	[]	2025-12-18 12:09:37.942	2025-12-18 12:09:37.942	2025-12-18 12:09:37.942	\N	\N	\N
15	q02ldnm469sln80oakbth0p1	plugin::content-manager.explorer.update	{}	api::global.global	{"fields": ["siteName", "favicon", "siteDescription", "defaultSeo.metaTitle", "defaultSeo.metaDescription", "defaultSeo.shareImage"]}	[]	2025-12-18 12:09:37.946	2025-12-18 12:09:37.946	2025-12-18 12:09:37.946	\N	\N	\N
16	jg28mkarpahsxy1swbvz79fd	plugin::content-manager.explorer.delete	{}	api::about.about	{}	[]	2025-12-18 12:09:37.95	2025-12-18 12:09:37.95	2025-12-18 12:09:37.95	\N	\N	\N
17	wz6ke69caoay5tqjev7s7czk	plugin::content-manager.explorer.delete	{}	api::article.article	{}	[]	2025-12-18 12:09:37.956	2025-12-18 12:09:37.956	2025-12-18 12:09:37.956	\N	\N	\N
18	voit2659hldg1k559n9w66js	plugin::content-manager.explorer.delete	{}	api::author.author	{}	[]	2025-12-18 12:09:37.961	2025-12-18 12:09:37.961	2025-12-18 12:09:37.961	\N	\N	\N
19	j5u49b0ew63jqvp47awwqwzg	plugin::content-manager.explorer.delete	{}	api::category.category	{}	[]	2025-12-18 12:09:37.968	2025-12-18 12:09:37.968	2025-12-18 12:09:37.968	\N	\N	\N
20	xbr5c8uk7kfar468nv5su5je	plugin::content-manager.explorer.delete	{}	api::global.global	{}	[]	2025-12-18 12:09:37.976	2025-12-18 12:09:37.976	2025-12-18 12:09:37.976	\N	\N	\N
21	hilcyu4y3121mwagjuxtraqv	plugin::content-manager.explorer.publish	{}	api::about.about	{}	[]	2025-12-18 12:09:37.98	2025-12-18 12:09:37.98	2025-12-18 12:09:37.98	\N	\N	\N
22	kpd24rfg0m71sbgb5wlp2whu	plugin::content-manager.explorer.publish	{}	api::article.article	{}	[]	2025-12-18 12:09:37.984	2025-12-18 12:09:37.984	2025-12-18 12:09:37.984	\N	\N	\N
23	zmqyuyloz7rlffdbiamtgn9r	plugin::content-manager.explorer.publish	{}	api::author.author	{}	[]	2025-12-18 12:09:37.988	2025-12-18 12:09:37.988	2025-12-18 12:09:37.988	\N	\N	\N
24	ky36xj10rvycdkib8odiyhe5	plugin::content-manager.explorer.publish	{}	api::category.category	{}	[]	2025-12-18 12:09:37.991	2025-12-18 12:09:37.991	2025-12-18 12:09:37.991	\N	\N	\N
25	gzm0alzy8aorexs5j8fudify	plugin::content-manager.explorer.publish	{}	api::global.global	{}	[]	2025-12-18 12:09:37.995	2025-12-18 12:09:37.995	2025-12-18 12:09:37.995	\N	\N	\N
26	wxuynq40ffe469ib3j66iwwe	plugin::upload.read	{}	\N	{}	[]	2025-12-18 12:09:37.998	2025-12-18 12:09:37.998	2025-12-18 12:09:37.998	\N	\N	\N
27	qekg8pv4ci5fsp3u2es33gsz	plugin::upload.configure-view	{}	\N	{}	[]	2025-12-18 12:09:38.001	2025-12-18 12:09:38.001	2025-12-18 12:09:38.001	\N	\N	\N
28	wygzwrb99or7sze58x8agzpo	plugin::upload.assets.create	{}	\N	{}	[]	2025-12-18 12:09:38.004	2025-12-18 12:09:38.004	2025-12-18 12:09:38.005	\N	\N	\N
29	bx9rqq1zxj7ff66wm3qgv7t1	plugin::upload.assets.update	{}	\N	{}	[]	2025-12-18 12:09:38.007	2025-12-18 12:09:38.007	2025-12-18 12:09:38.008	\N	\N	\N
30	xs0zbjjm4mjtbvhx4jrlm09t	plugin::upload.assets.download	{}	\N	{}	[]	2025-12-18 12:09:38.011	2025-12-18 12:09:38.011	2025-12-18 12:09:38.011	\N	\N	\N
31	mf31ul61f9055q0dj81rav3i	plugin::upload.assets.copy-link	{}	\N	{}	[]	2025-12-18 12:09:38.014	2025-12-18 12:09:38.014	2025-12-18 12:09:38.014	\N	\N	\N
32	bpri52uk1btpbvervt7yinz1	plugin::content-manager.explorer.create	{}	api::about.about	{"fields": ["title", "blocks"]}	["admin::is-creator"]	2025-12-18 12:09:38.02	2025-12-18 12:09:38.02	2025-12-18 12:09:38.02	\N	\N	\N
33	nfsg3a2bqkebeam4j9mr37kt	plugin::content-manager.explorer.create	{}	api::article.article	{"fields": ["title", "description", "slug", "cover", "author", "category", "blocks"]}	["admin::is-creator"]	2025-12-18 12:09:38.024	2025-12-18 12:09:38.024	2025-12-18 12:09:38.024	\N	\N	\N
34	rqr66ztlgw8e10i2tsxwwnbv	plugin::content-manager.explorer.create	{}	api::author.author	{"fields": ["name", "avatar", "email", "articles"]}	["admin::is-creator"]	2025-12-18 12:09:38.027	2025-12-18 12:09:38.027	2025-12-18 12:09:38.027	\N	\N	\N
35	ya5byhru7sxtnkejwoloyxb6	plugin::content-manager.explorer.create	{}	api::category.category	{"fields": ["name", "slug", "articles", "description"]}	["admin::is-creator"]	2025-12-18 12:09:38.03	2025-12-18 12:09:38.03	2025-12-18 12:09:38.031	\N	\N	\N
36	qlp96wmmmzpukou5jg2djmpz	plugin::content-manager.explorer.create	{}	api::global.global	{"fields": ["siteName", "favicon", "siteDescription", "defaultSeo.metaTitle", "defaultSeo.metaDescription", "defaultSeo.shareImage"]}	["admin::is-creator"]	2025-12-18 12:09:38.034	2025-12-18 12:09:38.034	2025-12-18 12:09:38.034	\N	\N	\N
37	rc0h0n5a4mxljh8jgs685zj9	plugin::content-manager.explorer.read	{}	api::about.about	{"fields": ["title", "blocks"]}	["admin::is-creator"]	2025-12-18 12:09:38.038	2025-12-18 12:09:38.038	2025-12-18 12:09:38.038	\N	\N	\N
38	sref5vcvrhxovt0w09oinxad	plugin::content-manager.explorer.read	{}	api::article.article	{"fields": ["title", "description", "slug", "cover", "author", "category", "blocks"]}	["admin::is-creator"]	2025-12-18 12:09:38.043	2025-12-18 12:09:38.043	2025-12-18 12:09:38.043	\N	\N	\N
39	v9d0zpv5efy07gugjhh825vo	plugin::content-manager.explorer.read	{}	api::author.author	{"fields": ["name", "avatar", "email", "articles"]}	["admin::is-creator"]	2025-12-18 12:09:38.047	2025-12-18 12:09:38.047	2025-12-18 12:09:38.047	\N	\N	\N
40	di803s3mdfnud5du99h1bgng	plugin::content-manager.explorer.read	{}	api::category.category	{"fields": ["name", "slug", "articles", "description"]}	["admin::is-creator"]	2025-12-18 12:09:38.052	2025-12-18 12:09:38.052	2025-12-18 12:09:38.052	\N	\N	\N
41	qn6qc2dpqp73ntiajjwsxh39	plugin::content-manager.explorer.read	{}	api::global.global	{"fields": ["siteName", "favicon", "siteDescription", "defaultSeo.metaTitle", "defaultSeo.metaDescription", "defaultSeo.shareImage"]}	["admin::is-creator"]	2025-12-18 12:09:38.057	2025-12-18 12:09:38.057	2025-12-18 12:09:38.057	\N	\N	\N
42	vjcx4bpxvftfaugzez85j0kg	plugin::content-manager.explorer.update	{}	api::about.about	{"fields": ["title", "blocks"]}	["admin::is-creator"]	2025-12-18 12:09:38.061	2025-12-18 12:09:38.061	2025-12-18 12:09:38.061	\N	\N	\N
43	aad5dg3j5bgevs8zhlaadu5i	plugin::content-manager.explorer.update	{}	api::article.article	{"fields": ["title", "description", "slug", "cover", "author", "category", "blocks"]}	["admin::is-creator"]	2025-12-18 12:09:38.065	2025-12-18 12:09:38.065	2025-12-18 12:09:38.065	\N	\N	\N
44	imavsuu731t4pzytey9n4lml	plugin::content-manager.explorer.update	{}	api::author.author	{"fields": ["name", "avatar", "email", "articles"]}	["admin::is-creator"]	2025-12-18 12:09:38.069	2025-12-18 12:09:38.069	2025-12-18 12:09:38.069	\N	\N	\N
45	x018kxws8djg92zbr9xbjz61	plugin::content-manager.explorer.update	{}	api::category.category	{"fields": ["name", "slug", "articles", "description"]}	["admin::is-creator"]	2025-12-18 12:09:38.072	2025-12-18 12:09:38.072	2025-12-18 12:09:38.073	\N	\N	\N
46	czjjn0u6w4mdswe6jxgtvgk1	plugin::content-manager.explorer.update	{}	api::global.global	{"fields": ["siteName", "favicon", "siteDescription", "defaultSeo.metaTitle", "defaultSeo.metaDescription", "defaultSeo.shareImage"]}	["admin::is-creator"]	2025-12-18 12:09:38.076	2025-12-18 12:09:38.076	2025-12-18 12:09:38.076	\N	\N	\N
47	kyiubqqqumi9oltg873jstye	plugin::content-manager.explorer.delete	{}	api::about.about	{}	["admin::is-creator"]	2025-12-18 12:09:38.079	2025-12-18 12:09:38.079	2025-12-18 12:09:38.079	\N	\N	\N
48	iw3pudvuzft0xy8yd89l3brw	plugin::content-manager.explorer.delete	{}	api::article.article	{}	["admin::is-creator"]	2025-12-18 12:09:38.082	2025-12-18 12:09:38.082	2025-12-18 12:09:38.083	\N	\N	\N
49	n6keop91qocuujyt80p3pxg7	plugin::content-manager.explorer.delete	{}	api::author.author	{}	["admin::is-creator"]	2025-12-18 12:09:38.085	2025-12-18 12:09:38.085	2025-12-18 12:09:38.086	\N	\N	\N
50	binb8i6exoaek7su4obew2i0	plugin::content-manager.explorer.delete	{}	api::category.category	{}	["admin::is-creator"]	2025-12-18 12:09:38.088	2025-12-18 12:09:38.088	2025-12-18 12:09:38.088	\N	\N	\N
51	wcsn5fx3hh5f3cj0zrd2msr0	plugin::content-manager.explorer.delete	{}	api::global.global	{}	["admin::is-creator"]	2025-12-18 12:09:38.091	2025-12-18 12:09:38.091	2025-12-18 12:09:38.091	\N	\N	\N
52	mtdx1l4qygxfwekp26ex0txr	plugin::upload.read	{}	\N	{}	["admin::is-creator"]	2025-12-18 12:09:38.1	2025-12-18 12:09:38.1	2025-12-18 12:09:38.1	\N	\N	\N
53	oelkq1ynie8g68cp859ux1q5	plugin::upload.configure-view	{}	\N	{}	[]	2025-12-18 12:09:38.103	2025-12-18 12:09:38.103	2025-12-18 12:09:38.103	\N	\N	\N
54	a49rm58z321q17ly2p63lkuv	plugin::upload.assets.create	{}	\N	{}	[]	2025-12-18 12:09:38.106	2025-12-18 12:09:38.106	2025-12-18 12:09:38.106	\N	\N	\N
55	lrogir6rqnauzvxmzibywj7w	plugin::upload.assets.update	{}	\N	{}	["admin::is-creator"]	2025-12-18 12:09:38.11	2025-12-18 12:09:38.11	2025-12-18 12:09:38.11	\N	\N	\N
56	ljx1rtull3kvb3weh7zuizi5	plugin::upload.assets.download	{}	\N	{}	[]	2025-12-18 12:09:38.113	2025-12-18 12:09:38.113	2025-12-18 12:09:38.113	\N	\N	\N
57	qgudtz8mphpxsymt1wh38xt4	plugin::upload.assets.copy-link	{}	\N	{}	[]	2025-12-18 12:09:38.117	2025-12-18 12:09:38.117	2025-12-18 12:09:38.117	\N	\N	\N
58	hqqwzyv1kh82qwyvyh5kaf96	plugin::content-manager.explorer.create	{}	plugin::users-permissions.user	{"fields": ["username", "email", "provider", "password", "resetPasswordToken", "confirmationToken", "confirmed", "blocked", "role"]}	[]	2025-12-18 12:09:38.141	2025-12-18 12:09:38.141	2025-12-18 12:09:38.141	\N	\N	\N
59	tid67wybw11s3yhf5ugqlnfx	plugin::content-manager.explorer.create	{}	api::about.about	{"fields": ["title", "blocks"]}	[]	2025-12-18 12:09:38.145	2025-12-18 12:09:38.145	2025-12-18 12:09:38.145	\N	\N	\N
60	ka2583322ll0clculvvv2fzq	plugin::content-manager.explorer.create	{}	api::article.article	{"fields": ["title", "description", "slug", "cover", "author", "category", "blocks"]}	[]	2025-12-18 12:09:38.148	2025-12-18 12:09:38.148	2025-12-18 12:09:38.148	\N	\N	\N
61	gem1wj7vs9p8k5oec941qtvk	plugin::content-manager.explorer.create	{}	api::author.author	{"fields": ["name", "avatar", "email", "articles"]}	[]	2025-12-18 12:09:38.151	2025-12-18 12:09:38.151	2025-12-18 12:09:38.151	\N	\N	\N
62	chx6ylkjgrrhzf8blotkbe1x	plugin::content-manager.explorer.create	{}	api::category.category	{"fields": ["name", "slug", "articles", "description"]}	[]	2025-12-18 12:09:38.155	2025-12-18 12:09:38.155	2025-12-18 12:09:38.155	\N	\N	\N
63	y7n130bkstqxx23dwgqej8yk	plugin::content-manager.explorer.create	{}	api::global.global	{"fields": ["siteName", "favicon", "siteDescription", "defaultSeo.metaTitle", "defaultSeo.metaDescription", "defaultSeo.shareImage"]}	[]	2025-12-18 12:09:38.171	2025-12-18 12:09:38.171	2025-12-18 12:09:38.172	\N	\N	\N
64	j833nu809wl0jdzn2domudn8	plugin::content-manager.explorer.read	{}	plugin::users-permissions.user	{"fields": ["username", "email", "provider", "password", "resetPasswordToken", "confirmationToken", "confirmed", "blocked", "role"]}	[]	2025-12-18 12:09:38.176	2025-12-18 12:09:38.176	2025-12-18 12:09:38.176	\N	\N	\N
65	gkhzfw054ypr1n74tk3ueiw1	plugin::content-manager.explorer.read	{}	api::about.about	{"fields": ["title", "blocks"]}	[]	2025-12-18 12:09:38.183	2025-12-18 12:09:38.183	2025-12-18 12:09:38.183	\N	\N	\N
66	ldb0nt44sjougrgnzg2anl0z	plugin::content-manager.explorer.read	{}	api::article.article	{"fields": ["title", "description", "slug", "cover", "author", "category", "blocks"]}	[]	2025-12-18 12:09:38.188	2025-12-18 12:09:38.188	2025-12-18 12:09:38.188	\N	\N	\N
67	qpsz9yqh7avuposxnfb9h2yt	plugin::content-manager.explorer.read	{}	api::author.author	{"fields": ["name", "avatar", "email", "articles"]}	[]	2025-12-18 12:09:38.192	2025-12-18 12:09:38.192	2025-12-18 12:09:38.193	\N	\N	\N
68	vh4rr1s7c5al59m2sucn5111	plugin::content-manager.explorer.read	{}	api::category.category	{"fields": ["name", "slug", "articles", "description"]}	[]	2025-12-18 12:09:38.198	2025-12-18 12:09:38.198	2025-12-18 12:09:38.199	\N	\N	\N
69	wk0qt57bqhthx37jl4yli1v0	plugin::content-manager.explorer.read	{}	api::global.global	{"fields": ["siteName", "favicon", "siteDescription", "defaultSeo.metaTitle", "defaultSeo.metaDescription", "defaultSeo.shareImage"]}	[]	2025-12-18 12:09:38.204	2025-12-18 12:09:38.204	2025-12-18 12:09:38.205	\N	\N	\N
70	mvi3akgiauliczozmaajcl4m	plugin::content-manager.explorer.update	{}	plugin::users-permissions.user	{"fields": ["username", "email", "provider", "password", "resetPasswordToken", "confirmationToken", "confirmed", "blocked", "role"]}	[]	2025-12-18 12:09:38.21	2025-12-18 12:09:38.21	2025-12-18 12:09:38.21	\N	\N	\N
71	ykrolw54k5uzmb148wf15qw9	plugin::content-manager.explorer.update	{}	api::about.about	{"fields": ["title", "blocks"]}	[]	2025-12-18 12:09:38.216	2025-12-18 12:09:38.216	2025-12-18 12:09:38.216	\N	\N	\N
72	c1w2hqq0ad0zp950ssrxndxj	plugin::content-manager.explorer.update	{}	api::article.article	{"fields": ["title", "description", "slug", "cover", "author", "category", "blocks"]}	[]	2025-12-18 12:09:38.22	2025-12-18 12:09:38.22	2025-12-18 12:09:38.22	\N	\N	\N
73	keeewh5ebnpa5qxoi2vyd00a	plugin::content-manager.explorer.update	{}	api::author.author	{"fields": ["name", "avatar", "email", "articles"]}	[]	2025-12-18 12:09:38.223	2025-12-18 12:09:38.223	2025-12-18 12:09:38.223	\N	\N	\N
74	aoixdl8cl58a5oe3qjamlwb0	plugin::content-manager.explorer.update	{}	api::category.category	{"fields": ["name", "slug", "articles", "description"]}	[]	2025-12-18 12:09:38.227	2025-12-18 12:09:38.227	2025-12-18 12:09:38.227	\N	\N	\N
75	h0n9dfndxolfv3f7zld26mm4	plugin::content-manager.explorer.update	{}	api::global.global	{"fields": ["siteName", "favicon", "siteDescription", "defaultSeo.metaTitle", "defaultSeo.metaDescription", "defaultSeo.shareImage"]}	[]	2025-12-18 12:09:38.231	2025-12-18 12:09:38.231	2025-12-18 12:09:38.231	\N	\N	\N
76	jmft3ns5dhtdcqu8u0vbxd4w	plugin::content-manager.explorer.delete	{}	plugin::users-permissions.user	{}	[]	2025-12-18 12:09:38.234	2025-12-18 12:09:38.234	2025-12-18 12:09:38.234	\N	\N	\N
77	kvbcnyei5s8iyc4t8kswjs2s	plugin::content-manager.explorer.delete	{}	api::about.about	{}	[]	2025-12-18 12:09:38.238	2025-12-18 12:09:38.238	2025-12-18 12:09:38.238	\N	\N	\N
78	rlxa1tc2e8et0bd3bd8st757	plugin::content-manager.explorer.delete	{}	api::article.article	{}	[]	2025-12-18 12:09:38.241	2025-12-18 12:09:38.241	2025-12-18 12:09:38.241	\N	\N	\N
79	ybf5jx4uee02ijru6p1m113t	plugin::content-manager.explorer.delete	{}	api::author.author	{}	[]	2025-12-18 12:09:38.244	2025-12-18 12:09:38.244	2025-12-18 12:09:38.244	\N	\N	\N
80	iwrgflg6f2nbuqmz9vvr1dtr	plugin::content-manager.explorer.delete	{}	api::category.category	{}	[]	2025-12-18 12:09:38.247	2025-12-18 12:09:38.247	2025-12-18 12:09:38.247	\N	\N	\N
81	gjzkt6cnm1orl9gpen185pjr	plugin::content-manager.explorer.delete	{}	api::global.global	{}	[]	2025-12-18 12:09:38.25	2025-12-18 12:09:38.25	2025-12-18 12:09:38.25	\N	\N	\N
82	pfelcxa49pgirpbejspa1w88	plugin::content-manager.explorer.publish	{}	plugin::users-permissions.user	{}	[]	2025-12-18 12:09:38.253	2025-12-18 12:09:38.253	2025-12-18 12:09:38.254	\N	\N	\N
83	b9vuh7buly56q1s4lkxfcxc4	plugin::content-manager.explorer.publish	{}	api::about.about	{}	[]	2025-12-18 12:09:38.257	2025-12-18 12:09:38.257	2025-12-18 12:09:38.257	\N	\N	\N
84	wzei9v65m4nppn3e7cym8r6v	plugin::content-manager.explorer.publish	{}	api::article.article	{}	[]	2025-12-18 12:09:38.26	2025-12-18 12:09:38.26	2025-12-18 12:09:38.26	\N	\N	\N
85	hx1629c47x4tuqgu0avh71v1	plugin::content-manager.explorer.publish	{}	api::author.author	{}	[]	2025-12-18 12:09:38.262	2025-12-18 12:09:38.262	2025-12-18 12:09:38.262	\N	\N	\N
86	yra5rbz9zxk6z2ngs5dtabqt	plugin::content-manager.explorer.publish	{}	api::category.category	{}	[]	2025-12-18 12:09:38.266	2025-12-18 12:09:38.266	2025-12-18 12:09:38.266	\N	\N	\N
87	r32486p6zmkqp8sfll8sscq5	plugin::content-manager.explorer.publish	{}	api::global.global	{}	[]	2025-12-18 12:09:38.269	2025-12-18 12:09:38.269	2025-12-18 12:09:38.269	\N	\N	\N
88	u2aqrgv2t1azsybucn1y2c52	plugin::content-manager.single-types.configure-view	{}	\N	{}	[]	2025-12-18 12:09:38.276	2025-12-18 12:09:38.276	2025-12-18 12:09:38.276	\N	\N	\N
89	t0o5h265ljkcjz21xmh25zzz	plugin::content-manager.collection-types.configure-view	{}	\N	{}	[]	2025-12-18 12:09:38.28	2025-12-18 12:09:38.28	2025-12-18 12:09:38.281	\N	\N	\N
90	sutsxauatbxnyn0tpinl4d2s	plugin::content-manager.components.configure-layout	{}	\N	{}	[]	2025-12-18 12:09:38.285	2025-12-18 12:09:38.285	2025-12-18 12:09:38.285	\N	\N	\N
91	i6gqy4djat7omjc91dnmbpv7	plugin::content-type-builder.read	{}	\N	{}	[]	2025-12-18 12:09:38.291	2025-12-18 12:09:38.291	2025-12-18 12:09:38.291	\N	\N	\N
92	fdup5ahhui6jitk7586ahkkn	plugin::email.settings.read	{}	\N	{}	[]	2025-12-18 12:09:38.297	2025-12-18 12:09:38.297	2025-12-18 12:09:38.297	\N	\N	\N
93	mfwlxp81qbzyctauj3a61cae	plugin::upload.read	{}	\N	{}	[]	2025-12-18 12:09:38.302	2025-12-18 12:09:38.302	2025-12-18 12:09:38.302	\N	\N	\N
94	helcljbpj5umu27y7e9ljegu	plugin::upload.assets.create	{}	\N	{}	[]	2025-12-18 12:09:38.305	2025-12-18 12:09:38.305	2025-12-18 12:09:38.305	\N	\N	\N
95	fjw5ck30aoaehmwu1l0u86sh	plugin::upload.assets.update	{}	\N	{}	[]	2025-12-18 12:09:38.309	2025-12-18 12:09:38.309	2025-12-18 12:09:38.309	\N	\N	\N
96	m5m498ipy9mptfxlulagowh1	plugin::upload.assets.download	{}	\N	{}	[]	2025-12-18 12:09:38.312	2025-12-18 12:09:38.312	2025-12-18 12:09:38.312	\N	\N	\N
97	s8k3otlfz3fd3xpa7s3n7nsv	plugin::upload.assets.copy-link	{}	\N	{}	[]	2025-12-18 12:09:38.316	2025-12-18 12:09:38.316	2025-12-18 12:09:38.316	\N	\N	\N
98	a6wp1npvy4am8axfqlbezqqd	plugin::upload.configure-view	{}	\N	{}	[]	2025-12-18 12:09:38.319	2025-12-18 12:09:38.319	2025-12-18 12:09:38.319	\N	\N	\N
99	zjcn7o8zcxiw465aj1soo9z0	plugin::upload.settings.read	{}	\N	{}	[]	2025-12-18 12:09:38.323	2025-12-18 12:09:38.323	2025-12-18 12:09:38.323	\N	\N	\N
100	lgaamimr8g7ntrora7pvzim6	plugin::i18n.locale.create	{}	\N	{}	[]	2025-12-18 12:09:38.326	2025-12-18 12:09:38.326	2025-12-18 12:09:38.327	\N	\N	\N
101	wdw6hl71imcijdvlnsklexmn	plugin::i18n.locale.read	{}	\N	{}	[]	2025-12-18 12:09:38.33	2025-12-18 12:09:38.33	2025-12-18 12:09:38.33	\N	\N	\N
102	owlgz4du6f7kqacsz5jbatxo	plugin::i18n.locale.update	{}	\N	{}	[]	2025-12-18 12:09:38.334	2025-12-18 12:09:38.334	2025-12-18 12:09:38.334	\N	\N	\N
103	mck14osrnhib8oih3n6ti5v8	plugin::i18n.locale.delete	{}	\N	{}	[]	2025-12-18 12:09:38.337	2025-12-18 12:09:38.337	2025-12-18 12:09:38.337	\N	\N	\N
104	vqgin4go0jvm82ko36ceei6m	plugin::users-permissions.roles.create	{}	\N	{}	[]	2025-12-18 12:09:38.34	2025-12-18 12:09:38.34	2025-12-18 12:09:38.341	\N	\N	\N
105	oyt9f6ypacd17c2xbitxhdso	plugin::users-permissions.roles.read	{}	\N	{}	[]	2025-12-18 12:09:38.344	2025-12-18 12:09:38.344	2025-12-18 12:09:38.344	\N	\N	\N
106	cgsg9n0v01mlgtz00uh6bgot	plugin::users-permissions.roles.update	{}	\N	{}	[]	2025-12-18 12:09:38.348	2025-12-18 12:09:38.348	2025-12-18 12:09:38.348	\N	\N	\N
107	odxx1k501smfgx1g6iyxr1zv	plugin::users-permissions.roles.delete	{}	\N	{}	[]	2025-12-18 12:09:38.351	2025-12-18 12:09:38.351	2025-12-18 12:09:38.351	\N	\N	\N
108	dh3q239nx0x2hj0iymjihj4v	plugin::users-permissions.providers.read	{}	\N	{}	[]	2025-12-18 12:09:38.354	2025-12-18 12:09:38.354	2025-12-18 12:09:38.354	\N	\N	\N
109	m6xg32ffsx356yfjo3fgkddy	plugin::users-permissions.providers.update	{}	\N	{}	[]	2025-12-18 12:09:38.358	2025-12-18 12:09:38.358	2025-12-18 12:09:38.358	\N	\N	\N
110	gpgjkz2573e3edkuyjlp5uij	plugin::users-permissions.email-templates.read	{}	\N	{}	[]	2025-12-18 12:09:38.363	2025-12-18 12:09:38.363	2025-12-18 12:09:38.363	\N	\N	\N
111	d2gygapk6wkyda6kyo3l5pc0	plugin::users-permissions.email-templates.update	{}	\N	{}	[]	2025-12-18 12:09:38.368	2025-12-18 12:09:38.368	2025-12-18 12:09:38.368	\N	\N	\N
112	zkrau41nmus4v7fi5u18t1yx	plugin::users-permissions.advanced-settings.read	{}	\N	{}	[]	2025-12-18 12:09:38.372	2025-12-18 12:09:38.372	2025-12-18 12:09:38.372	\N	\N	\N
113	kh4j2nrhqkri4y7gm4v4vjzv	plugin::users-permissions.advanced-settings.update	{}	\N	{}	[]	2025-12-18 12:09:38.377	2025-12-18 12:09:38.377	2025-12-18 12:09:38.378	\N	\N	\N
114	ha8l02hocralovcg2xtekn0p	admin::marketplace.read	{}	\N	{}	[]	2025-12-18 12:09:38.382	2025-12-18 12:09:38.382	2025-12-18 12:09:38.382	\N	\N	\N
115	u8gh7dizrzqnc5u5xwg63rew	admin::webhooks.create	{}	\N	{}	[]	2025-12-18 12:09:38.385	2025-12-18 12:09:38.385	2025-12-18 12:09:38.385	\N	\N	\N
116	ahtymm9re3tcipvkofcuerj8	admin::webhooks.read	{}	\N	{}	[]	2025-12-18 12:09:38.388	2025-12-18 12:09:38.388	2025-12-18 12:09:38.388	\N	\N	\N
117	u2h4y4ey9qmzsfmqk6eyk660	admin::webhooks.update	{}	\N	{}	[]	2025-12-18 12:09:38.391	2025-12-18 12:09:38.391	2025-12-18 12:09:38.391	\N	\N	\N
118	tu7okcnu90gu0nkp5ka2amcf	admin::webhooks.delete	{}	\N	{}	[]	2025-12-18 12:09:38.395	2025-12-18 12:09:38.395	2025-12-18 12:09:38.395	\N	\N	\N
119	niz0rueg3ghgmaqhuuq2rqi8	admin::users.create	{}	\N	{}	[]	2025-12-18 12:09:38.398	2025-12-18 12:09:38.398	2025-12-18 12:09:38.398	\N	\N	\N
120	dffjiureowabken5dn5ww601	admin::users.read	{}	\N	{}	[]	2025-12-18 12:09:38.401	2025-12-18 12:09:38.401	2025-12-18 12:09:38.401	\N	\N	\N
121	qfv1uco8hcwb4x458dk86pqh	admin::users.update	{}	\N	{}	[]	2025-12-18 12:09:38.404	2025-12-18 12:09:38.404	2025-12-18 12:09:38.404	\N	\N	\N
122	u4d3xkqzaxkroydtnswmok8k	admin::users.delete	{}	\N	{}	[]	2025-12-18 12:09:38.408	2025-12-18 12:09:38.408	2025-12-18 12:09:38.408	\N	\N	\N
123	h8ptmroohz7qhm1ojts4kg1t	admin::roles.create	{}	\N	{}	[]	2025-12-18 12:09:38.411	2025-12-18 12:09:38.411	2025-12-18 12:09:38.411	\N	\N	\N
124	a4ugw0gwg09mgoid1v7uoxhb	admin::roles.read	{}	\N	{}	[]	2025-12-18 12:09:38.414	2025-12-18 12:09:38.414	2025-12-18 12:09:38.414	\N	\N	\N
125	wcjd3dcrp9euh3cmegrmtkpd	admin::roles.update	{}	\N	{}	[]	2025-12-18 12:09:38.417	2025-12-18 12:09:38.417	2025-12-18 12:09:38.417	\N	\N	\N
126	h652m3nslb547hv3gs2f1rjz	admin::roles.delete	{}	\N	{}	[]	2025-12-18 12:09:38.42	2025-12-18 12:09:38.42	2025-12-18 12:09:38.42	\N	\N	\N
127	tu40c3hzk47t7abt2cabvzdo	admin::api-tokens.access	{}	\N	{}	[]	2025-12-18 12:09:38.423	2025-12-18 12:09:38.423	2025-12-18 12:09:38.423	\N	\N	\N
128	duhqodsu55uwmhdjbqypopnh	admin::api-tokens.create	{}	\N	{}	[]	2025-12-18 12:09:38.427	2025-12-18 12:09:38.427	2025-12-18 12:09:38.427	\N	\N	\N
129	vn68wq6splsk2bmh3s9wi8ps	admin::api-tokens.read	{}	\N	{}	[]	2025-12-18 12:09:38.43	2025-12-18 12:09:38.43	2025-12-18 12:09:38.43	\N	\N	\N
130	tnbialxx0eanjyhd85qtjxei	admin::api-tokens.update	{}	\N	{}	[]	2025-12-18 12:09:38.434	2025-12-18 12:09:38.434	2025-12-18 12:09:38.434	\N	\N	\N
131	y52xy01muw5wx3z6si6q87mj	admin::api-tokens.regenerate	{}	\N	{}	[]	2025-12-18 12:09:38.439	2025-12-18 12:09:38.439	2025-12-18 12:09:38.439	\N	\N	\N
132	gx7xgrub9o1jhugc0bmutigf	admin::api-tokens.delete	{}	\N	{}	[]	2025-12-18 12:09:38.445	2025-12-18 12:09:38.445	2025-12-18 12:09:38.445	\N	\N	\N
133	p6mmhgobg771pg6ly03ag1z7	admin::project-settings.update	{}	\N	{}	[]	2025-12-18 12:09:38.451	2025-12-18 12:09:38.451	2025-12-18 12:09:38.452	\N	\N	\N
134	hgl7kmo1ykup2mm6pv9k1ryw	admin::project-settings.read	{}	\N	{}	[]	2025-12-18 12:09:38.457	2025-12-18 12:09:38.457	2025-12-18 12:09:38.457	\N	\N	\N
135	j8jgiu9qyqcro0znf3g7zogm	admin::transfer.tokens.access	{}	\N	{}	[]	2025-12-18 12:09:38.462	2025-12-18 12:09:38.462	2025-12-18 12:09:38.462	\N	\N	\N
136	f7ziu9x8lgnmbzemms8zfhgz	admin::transfer.tokens.create	{}	\N	{}	[]	2025-12-18 12:09:38.467	2025-12-18 12:09:38.467	2025-12-18 12:09:38.467	\N	\N	\N
137	ev8rxzavc103r09x4sf44he2	admin::transfer.tokens.read	{}	\N	{}	[]	2025-12-18 12:09:38.472	2025-12-18 12:09:38.472	2025-12-18 12:09:38.472	\N	\N	\N
138	ufowjoj253yhcavytchzrvt3	admin::transfer.tokens.update	{}	\N	{}	[]	2025-12-18 12:09:38.479	2025-12-18 12:09:38.479	2025-12-18 12:09:38.479	\N	\N	\N
139	mbjqvrxckrgeuq6oriratnln	admin::transfer.tokens.regenerate	{}	\N	{}	[]	2025-12-18 12:09:38.485	2025-12-18 12:09:38.485	2025-12-18 12:09:38.485	\N	\N	\N
140	aw2m9ry4vworeuispwnqtrr3	admin::transfer.tokens.delete	{}	\N	{}	[]	2025-12-18 12:09:38.49	2025-12-18 12:09:38.49	2025-12-18 12:09:38.49	\N	\N	\N
144	xd2u3ycdn0jg8kyhmxksmvc7	plugin::content-manager.explorer.delete	{}	api::project.project	{}	[]	2025-12-19 16:11:00.284	2025-12-19 16:11:00.284	2025-12-19 16:11:00.284	\N	\N	\N
145	u8ww7o2pcpjdqg4f53v4eqcg	plugin::content-manager.explorer.publish	{}	api::project.project	{}	[]	2025-12-19 16:11:00.289	2025-12-19 16:11:00.289	2025-12-19 16:11:00.289	\N	\N	\N
152	nvjx3hrdd4jaatewid5y4xuu	plugin::content-manager.explorer.delete	{}	api::project-feature.project-feature	{}	[]	2025-12-19 16:55:48.616	2025-12-19 16:55:48.616	2025-12-19 16:55:48.617	\N	\N	\N
153	z0c0puee4k2lcqt36lhxjc7i	plugin::content-manager.explorer.delete	{}	api::project-timing.project-timing	{}	[]	2025-12-19 16:55:48.621	2025-12-19 16:55:48.621	2025-12-19 16:55:48.621	\N	\N	\N
154	uinikocfan1dfa8sien7mo00	plugin::content-manager.explorer.publish	{}	api::project-feature.project-feature	{}	[]	2025-12-19 16:55:48.625	2025-12-19 16:55:48.625	2025-12-19 16:55:48.625	\N	\N	\N
155	acg7b5r447kcn3rclwkzu8yw	plugin::content-manager.explorer.publish	{}	api::project-timing.project-timing	{}	[]	2025-12-19 16:55:48.629	2025-12-19 16:55:48.629	2025-12-19 16:55:48.629	\N	\N	\N
157	b6ppd3sod3313fccndfjacak	plugin::content-manager.explorer.create	{}	api::project-feature.project-feature	{"fields": ["key", "label", "value", "project"]}	[]	2025-12-19 17:00:21.663	2025-12-19 17:00:21.663	2025-12-19 17:00:21.664	\N	\N	\N
158	ix8do9ti7wrpvxah7ybldkmd	plugin::content-manager.explorer.create	{}	api::project-timing.project-timing	{"fields": ["type", "minutes", "project"]}	[]	2025-12-19 17:00:21.668	2025-12-19 17:00:21.668	2025-12-19 17:00:21.669	\N	\N	\N
160	kwf1tcnz81tt03zrx2i27b3g	plugin::content-manager.explorer.read	{}	api::project-feature.project-feature	{"fields": ["key", "label", "value", "project"]}	[]	2025-12-19 17:00:21.677	2025-12-19 17:00:21.677	2025-12-19 17:00:21.677	\N	\N	\N
161	lt340fkfhwrm2d4j90c595nw	plugin::content-manager.explorer.read	{}	api::project-timing.project-timing	{"fields": ["type", "minutes", "project"]}	[]	2025-12-19 17:00:21.681	2025-12-19 17:00:21.681	2025-12-19 17:00:21.681	\N	\N	\N
163	rcojsn537uawf1fj11apy675	plugin::content-manager.explorer.update	{}	api::project-feature.project-feature	{"fields": ["key", "label", "value", "project"]}	[]	2025-12-19 17:00:21.689	2025-12-19 17:00:21.689	2025-12-19 17:00:21.689	\N	\N	\N
164	gkxqkr1ritq3hqjl81why0f4	plugin::content-manager.explorer.update	{}	api::project-timing.project-timing	{"fields": ["type", "minutes", "project"]}	[]	2025-12-19 17:00:21.693	2025-12-19 17:00:21.693	2025-12-19 17:00:21.693	\N	\N	\N
168	pp20yg476ves9plqq77gva49	plugin::content-manager.explorer.delete	{}	api::project-typologie.project-typologie	{}	[]	2025-12-19 17:00:50.249	2025-12-19 17:00:50.249	2025-12-19 17:00:50.25	\N	\N	\N
169	t8jtq6yoss8y27o30ool4jvq	plugin::content-manager.explorer.publish	{}	api::project-typologie.project-typologie	{}	[]	2025-12-19 17:00:50.255	2025-12-19 17:00:50.255	2025-12-19 17:00:50.255	\N	\N	\N
170	sa1edzf2z5liczto0wi2fm1u	plugin::content-manager.explorer.create	{}	api::project.project	{"fields": ["name", "slug", "shortDescription", "description", "projectStatus", "location", "coverImage", "gallery", "mapImage", "features", "timings", "typologies"]}	[]	2025-12-19 17:03:10.841	2025-12-19 17:03:10.841	2025-12-19 17:03:10.841	\N	\N	\N
171	tznrmsotwh01y4k2f0pmmnrj	plugin::content-manager.explorer.create	{}	api::project-typologie.project-typologie	{"fields": ["code", "surfaceMin", "surfaceMax", "priceFrom", "status", "project"]}	[]	2025-12-19 17:03:10.848	2025-12-19 17:03:10.848	2025-12-19 17:03:10.848	\N	\N	\N
172	ddzaf1txlm57a0kffofqm5i4	plugin::content-manager.explorer.read	{}	api::project.project	{"fields": ["name", "slug", "shortDescription", "description", "projectStatus", "location", "coverImage", "gallery", "mapImage", "features", "timings", "typologies"]}	[]	2025-12-19 17:03:10.853	2025-12-19 17:03:10.853	2025-12-19 17:03:10.854	\N	\N	\N
173	kkymjmxams8ik2abbv03zc6e	plugin::content-manager.explorer.read	{}	api::project-typologie.project-typologie	{"fields": ["code", "surfaceMin", "surfaceMax", "priceFrom", "status", "project"]}	[]	2025-12-19 17:03:10.859	2025-12-19 17:03:10.859	2025-12-19 17:03:10.86	\N	\N	\N
174	f54abrzvbjcssnsdrl27lpgx	plugin::content-manager.explorer.update	{}	api::project.project	{"fields": ["name", "slug", "shortDescription", "description", "projectStatus", "location", "coverImage", "gallery", "mapImage", "features", "timings", "typologies"]}	[]	2025-12-19 17:03:10.866	2025-12-19 17:03:10.866	2025-12-19 17:03:10.867	\N	\N	\N
175	em9dkx9kbhp694r7eoj74lw7	plugin::content-manager.explorer.update	{}	api::project-typologie.project-typologie	{"fields": ["code", "surfaceMin", "surfaceMax", "priceFrom", "status", "project"]}	[]	2025-12-19 17:03:10.871	2025-12-19 17:03:10.871	2025-12-19 17:03:10.871	\N	\N	\N
\.


--
-- Data for Name: admin_permissions_role_lnk; Type: TABLE DATA; Schema: public; Owner: gas
--

COPY public.admin_permissions_role_lnk (id, permission_id, role_id, permission_ord) FROM stdin;
1	1	2	1
2	2	2	2
3	3	2	3
4	4	2	4
5	5	2	5
6	6	2	6
7	7	2	7
8	8	2	8
9	9	2	9
10	10	2	10
11	11	2	11
12	12	2	12
13	13	2	13
14	14	2	14
15	15	2	15
16	16	2	16
17	17	2	17
18	18	2	18
19	19	2	19
20	20	2	20
21	21	2	21
22	22	2	22
23	23	2	23
24	24	2	24
25	25	2	25
26	26	2	26
27	27	2	27
28	28	2	28
29	29	2	29
30	30	2	30
31	31	2	31
32	32	3	1
33	33	3	2
34	34	3	3
35	35	3	4
36	36	3	5
37	37	3	6
38	38	3	7
39	39	3	8
40	40	3	9
41	41	3	10
42	42	3	11
43	43	3	12
44	44	3	13
45	45	3	14
46	46	3	15
47	47	3	16
48	48	3	17
49	49	3	18
50	50	3	19
51	51	3	20
52	52	3	21
53	53	3	22
54	54	3	23
55	55	3	24
56	56	3	25
57	57	3	26
58	58	1	1
59	59	1	2
60	60	1	3
61	61	1	4
62	62	1	5
63	63	1	6
64	64	1	7
65	65	1	8
66	66	1	9
67	67	1	10
68	68	1	11
69	69	1	12
70	70	1	13
71	71	1	14
72	72	1	15
73	73	1	16
74	74	1	17
75	75	1	18
76	76	1	19
77	77	1	20
78	78	1	21
79	79	1	22
80	80	1	23
81	81	1	24
82	82	1	25
83	83	1	26
84	84	1	27
85	85	1	28
86	86	1	29
87	87	1	30
88	88	1	31
89	89	1	32
90	90	1	33
91	91	1	34
92	92	1	35
93	93	1	36
94	94	1	37
95	95	1	38
96	96	1	39
97	97	1	40
98	98	1	41
99	99	1	42
100	100	1	43
101	101	1	44
102	102	1	45
103	103	1	46
104	104	1	47
105	105	1	48
106	106	1	49
107	107	1	50
108	108	1	51
109	109	1	52
110	110	1	53
111	111	1	54
112	112	1	55
113	113	1	56
114	114	1	57
115	115	1	58
116	116	1	59
117	117	1	60
118	118	1	61
119	119	1	62
120	120	1	63
121	121	1	64
122	122	1	65
123	123	1	66
124	124	1	67
125	125	1	68
126	126	1	69
127	127	1	70
128	128	1	71
129	129	1	72
130	130	1	73
131	131	1	74
132	132	1	75
133	133	1	76
134	134	1	77
135	135	1	78
136	136	1	79
137	137	1	80
138	138	1	81
139	139	1	82
140	140	1	83
144	144	1	87
145	145	1	88
152	152	1	95
153	153	1	96
154	154	1	97
155	155	1	98
157	157	1	100
158	158	1	101
160	160	1	103
161	161	1	104
163	163	1	106
164	164	1	107
168	168	1	111
169	169	1	112
170	170	1	113
171	171	1	114
172	172	1	115
173	173	1	116
174	174	1	117
175	175	1	118
\.


--
-- Data for Name: admin_roles; Type: TABLE DATA; Schema: public; Owner: gas
--

COPY public.admin_roles (id, document_id, name, code, description, created_at, updated_at, published_at, created_by_id, updated_by_id, locale) FROM stdin;
1	cl3o3tubrl5bcpw0onw8jh7l	Super Admin	strapi-super-admin	Super Admins can access and manage all features and settings.	2025-12-18 12:09:37.864	2025-12-18 12:09:37.864	2025-12-18 12:09:37.864	\N	\N	\N
2	ope1ht8vwaqed78khqigf964	Editor	strapi-editor	Editors can manage and publish contents including those of other users.	2025-12-18 12:09:37.873	2025-12-18 12:09:37.873	2025-12-18 12:09:37.873	\N	\N	\N
3	ewi614qhwl3fb2xdvtsyc6rc	Author	strapi-author	Authors can manage the content they have created.	2025-12-18 12:09:37.878	2025-12-18 12:09:37.878	2025-12-18 12:09:37.878	\N	\N	\N
\.


--
-- Data for Name: admin_users; Type: TABLE DATA; Schema: public; Owner: gas
--

COPY public.admin_users (id, document_id, firstname, lastname, username, email, password, reset_password_token, registration_token, is_active, blocked, prefered_language, created_at, updated_at, published_at, created_by_id, updated_by_id, locale) FROM stdin;
1	wj3fokedzs3h6bo1pyip1zbp	Younes Kaouani	KAOUANI	\N	kaouani.younes@proton.me	$2a$10$hEdr7jfRNSo1vmDOfvznte3kC65d9FmfFsbhWRZdLDJ8WhEY8V1wO	\N	\N	t	f	\N	2025-12-18 12:12:32.191	2025-12-18 12:12:32.191	2025-12-18 12:12:32.191	\N	\N	\N
\.


--
-- Data for Name: admin_users_roles_lnk; Type: TABLE DATA; Schema: public; Owner: gas
--

COPY public.admin_users_roles_lnk (id, user_id, role_id, role_ord, user_ord) FROM stdin;
1	1	1	1	1
\.


--
-- Data for Name: articles; Type: TABLE DATA; Schema: public; Owner: gas
--

COPY public.articles (id, document_id, title, description, slug, created_at, updated_at, published_at, created_by_id, updated_by_id, locale) FROM stdin;
\.


--
-- Data for Name: articles_author_lnk; Type: TABLE DATA; Schema: public; Owner: gas
--

COPY public.articles_author_lnk (id, article_id, author_id, article_ord) FROM stdin;
\.


--
-- Data for Name: articles_category_lnk; Type: TABLE DATA; Schema: public; Owner: gas
--

COPY public.articles_category_lnk (id, article_id, category_id, article_ord) FROM stdin;
\.


--
-- Data for Name: articles_cmps; Type: TABLE DATA; Schema: public; Owner: gas
--

COPY public.articles_cmps (id, entity_id, cmp_id, component_type, field, "order") FROM stdin;
\.


--
-- Data for Name: authors; Type: TABLE DATA; Schema: public; Owner: gas
--

COPY public.authors (id, document_id, name, email, created_at, updated_at, published_at, created_by_id, updated_by_id, locale) FROM stdin;
\.


--
-- Data for Name: categories; Type: TABLE DATA; Schema: public; Owner: gas
--

COPY public.categories (id, document_id, name, slug, description, created_at, updated_at, published_at, created_by_id, updated_by_id, locale) FROM stdin;
\.


--
-- Data for Name: components_shared_media; Type: TABLE DATA; Schema: public; Owner: gas
--

COPY public.components_shared_media (id) FROM stdin;
\.


--
-- Data for Name: components_shared_quotes; Type: TABLE DATA; Schema: public; Owner: gas
--

COPY public.components_shared_quotes (id, title, body) FROM stdin;
\.


--
-- Data for Name: components_shared_rich_texts; Type: TABLE DATA; Schema: public; Owner: gas
--

COPY public.components_shared_rich_texts (id, body) FROM stdin;
\.


--
-- Data for Name: components_shared_seos; Type: TABLE DATA; Schema: public; Owner: gas
--

COPY public.components_shared_seos (id, meta_title, meta_description) FROM stdin;
\.


--
-- Data for Name: components_shared_sliders; Type: TABLE DATA; Schema: public; Owner: gas
--

COPY public.components_shared_sliders (id) FROM stdin;
\.


--
-- Data for Name: files; Type: TABLE DATA; Schema: public; Owner: gas
--

COPY public.files (id, document_id, name, alternative_text, caption, width, height, formats, hash, ext, mime, size, url, preview_url, provider, provider_metadata, folder_path, created_at, updated_at, published_at, created_by_id, updated_by_id, locale) FROM stdin;
1	vuuuko8gnoxyhkkgksj01100	276f178d243f34771ae2e90a566cea8795a05e42.jpg	\N	\N	1080	607	{"large": {"ext": ".jpg", "url": "/uploads/large_276f178d243f34771ae2e90a566cea8795a05e42_cdfb4d0b99.jpg", "hash": "large_276f178d243f34771ae2e90a566cea8795a05e42_cdfb4d0b99", "mime": "image/jpeg", "name": "large_276f178d243f34771ae2e90a566cea8795a05e42.jpg", "path": null, "size": 122.86, "width": 1000, "height": 562, "sizeInBytes": 122855}, "small": {"ext": ".jpg", "url": "/uploads/small_276f178d243f34771ae2e90a566cea8795a05e42_cdfb4d0b99.jpg", "hash": "small_276f178d243f34771ae2e90a566cea8795a05e42_cdfb4d0b99", "mime": "image/jpeg", "name": "small_276f178d243f34771ae2e90a566cea8795a05e42.jpg", "path": null, "size": 37.9, "width": 500, "height": 281, "sizeInBytes": 37897}, "medium": {"ext": ".jpg", "url": "/uploads/medium_276f178d243f34771ae2e90a566cea8795a05e42_cdfb4d0b99.jpg", "hash": "medium_276f178d243f34771ae2e90a566cea8795a05e42_cdfb4d0b99", "mime": "image/jpeg", "name": "medium_276f178d243f34771ae2e90a566cea8795a05e42.jpg", "path": null, "size": 75.13, "width": 750, "height": 422, "sizeInBytes": 75131}, "thumbnail": {"ext": ".jpg", "url": "/uploads/thumbnail_276f178d243f34771ae2e90a566cea8795a05e42_cdfb4d0b99.jpg", "hash": "thumbnail_276f178d243f34771ae2e90a566cea8795a05e42_cdfb4d0b99", "mime": "image/jpeg", "name": "thumbnail_276f178d243f34771ae2e90a566cea8795a05e42.jpg", "path": null, "size": 11.83, "width": 245, "height": 137, "sizeInBytes": 11834}}	276f178d243f34771ae2e90a566cea8795a05e42_cdfb4d0b99	.jpg	image/jpeg	138.02	/uploads/276f178d243f34771ae2e90a566cea8795a05e42_cdfb4d0b99.jpg	\N	local	\N	/	2025-12-19 16:13:08.969	2025-12-19 16:13:45.205	2025-12-19 16:13:08.97	1	1	\N
\.


--
-- Data for Name: files_folder_lnk; Type: TABLE DATA; Schema: public; Owner: gas
--

COPY public.files_folder_lnk (id, file_id, folder_id, file_ord) FROM stdin;
\.


--
-- Data for Name: files_related_mph; Type: TABLE DATA; Schema: public; Owner: gas
--

COPY public.files_related_mph (id, file_id, related_id, related_type, field, "order") FROM stdin;
1	1	1	api::project.project	bannerImage	1
2	1	1	api::project.project	cardImage	1
3	1	1	api::project.project	galleryImages	1
4	1	2	api::project.project	bannerImage	1
5	1	2	api::project.project	cardImage	1
6	1	2	api::project.project	galleryImages	1
34	1	1	api::project.project	coverImage	1
35	1	1	api::project.project	gallery	1
36	1	1	api::project.project	mapImage	1
37	1	5	api::project.project	coverImage	1
38	1	5	api::project.project	gallery	1
39	1	5	api::project.project	mapImage	1
\.


--
-- Data for Name: globals; Type: TABLE DATA; Schema: public; Owner: gas
--

COPY public.globals (id, document_id, site_name, site_description, created_at, updated_at, published_at, created_by_id, updated_by_id, locale) FROM stdin;
\.


--
-- Data for Name: globals_cmps; Type: TABLE DATA; Schema: public; Owner: gas
--

COPY public.globals_cmps (id, entity_id, cmp_id, component_type, field, "order") FROM stdin;
\.


--
-- Data for Name: i18n_locale; Type: TABLE DATA; Schema: public; Owner: gas
--

COPY public.i18n_locale (id, document_id, name, code, created_at, updated_at, published_at, created_by_id, updated_by_id, locale) FROM stdin;
1	y2mr8p8ajrksgdejn38g9yyc	English (en)	en	2025-12-18 12:09:37.787	2025-12-18 12:09:37.787	2025-12-18 12:09:37.788	\N	\N	\N
\.


--
-- Data for Name: project_features; Type: TABLE DATA; Schema: public; Owner: gas
--

COPY public.project_features (id, document_id, created_at, updated_at, published_at, created_by_id, updated_by_id, locale, key, label, value) FROM stdin;
1	bhd1onrdtzzhmmio906rtmc5	2025-12-19 17:12:03.711	2025-12-19 17:12:03.711	2025-12-19 17:12:03.702	1	1	\N	blocks	Blocks	12
2	zthw8l7hma4zl10zt7ijvwt2	2025-12-19 17:12:30.254	2025-12-19 17:12:30.254	2025-12-19 17:12:30.248	1	1	\N	floors	Etages	18
3	hnxlwulvdpw8g3klsim4plnh	2025-12-19 17:13:05.149	2025-12-19 17:13:05.149	2025-12-19 17:13:05.137	1	1	\N	elevator	Ascenseurs	\N
\.


--
-- Data for Name: project_features_project_lnk; Type: TABLE DATA; Schema: public; Owner: gas
--

COPY public.project_features_project_lnk (id, project_feature_id, project_id, project_feature_ord) FROM stdin;
1	1	1	1
4	2	1	2
7	3	1	3
13	1	5	1
14	2	5	2
15	3	5	3
\.


--
-- Data for Name: project_timings; Type: TABLE DATA; Schema: public; Owner: gas
--

COPY public.project_timings (id, document_id, created_at, updated_at, published_at, created_by_id, updated_by_id, locale, type, minutes) FROM stdin;
1	xvgmm51gpu1le84vf4swrium	2025-12-19 17:08:55.124	2025-12-19 17:08:55.124	2025-12-19 17:08:55.109	1	1	\N	sea	3
2	cw31xbr8fowxh0quyrr9ydpj	2025-12-19 17:09:27.619	2025-12-19 17:09:27.619	2025-12-19 17:09:27.605	1	1	\N	school	15
3	e0woc19l9d8hn6fod7stk269	2025-12-19 17:09:49.091	2025-12-19 17:09:49.091	2025-12-19 17:09:49.083	1	1	\N	transport	12
\.


--
-- Data for Name: project_timings_project_lnk; Type: TABLE DATA; Schema: public; Owner: gas
--

COPY public.project_timings_project_lnk (id, project_timing_id, project_id, project_timing_ord) FROM stdin;
1	1	1	1
4	2	1	2
7	3	1	3
13	1	5	1
14	2	5	2
15	3	5	3
\.


--
-- Data for Name: project_typologies; Type: TABLE DATA; Schema: public; Owner: gas
--

COPY public.project_typologies (id, document_id, created_at, updated_at, published_at, created_by_id, updated_by_id, locale, code, surface_min, surface_max, price_from, status) FROM stdin;
\.


--
-- Data for Name: project_typologies_project_lnk; Type: TABLE DATA; Schema: public; Owner: gas
--

COPY public.project_typologies_project_lnk (id, project_typologie_id, project_id, project_typologie_ord) FROM stdin;
\.


--
-- Data for Name: projects; Type: TABLE DATA; Schema: public; Owner: gas
--

COPY public.projects (id, document_id, slug, project_status, location, short_description, description, created_at, updated_at, published_at, created_by_id, updated_by_id, locale, name) FROM stdin;
1	oz4d8oa45qoqxeko5ezdjnyo	residence_lotus	en_cours	Bordj El Kiffan	Un projet pens pour le confort des familles	Rsidence Lotus propose des appartements lumineux, des espaces verts et des prestations conues pour la vie de famille. Proximit de la mer, coles et commerces tout est pens pour votre quotidien.	2025-12-19 16:16:38.771	2025-12-19 18:16:14.665	\N	1	1	\N	Rsidence Lotus
5	oz4d8oa45qoqxeko5ezdjnyo	residence_lotus	en_cours	Bordj El Kiffan	Un projet pens pour le confort des familles	Rsidence Lotus propose des appartements lumineux, des espaces verts et des prestations conues pour la vie de famille. Proximit de la mer, coles et commerces tout est pens pour votre quotidien.	2025-12-19 16:16:38.771	2025-12-19 18:16:14.665	2025-12-19 18:16:14.703	1	1	\N	Rsidence Lotus
\.


--
-- Data for Name: strapi_ai_localization_jobs; Type: TABLE DATA; Schema: public; Owner: gas
--

COPY public.strapi_ai_localization_jobs (id, content_type, related_document_id, source_locale, target_locales, status, created_at, updated_at) FROM stdin;
\.


--
-- Data for Name: strapi_api_token_permissions; Type: TABLE DATA; Schema: public; Owner: gas
--

COPY public.strapi_api_token_permissions (id, document_id, action, created_at, updated_at, published_at, created_by_id, updated_by_id, locale) FROM stdin;
\.


--
-- Data for Name: strapi_api_token_permissions_token_lnk; Type: TABLE DATA; Schema: public; Owner: gas
--

COPY public.strapi_api_token_permissions_token_lnk (id, api_token_permission_id, api_token_id, api_token_permission_ord) FROM stdin;
\.


--
-- Data for Name: strapi_api_tokens; Type: TABLE DATA; Schema: public; Owner: gas
--

COPY public.strapi_api_tokens (id, document_id, name, description, type, access_key, encrypted_key, last_used_at, expires_at, lifespan, created_at, updated_at, published_at, created_by_id, updated_by_id, locale) FROM stdin;
1	qktjpejbrd6gzpl9pt5xvolu	Read Only	A default API token with read-only permissions, only used for accessing resources	read-only	55c31e94ab0aecc72f642bf06f8392ba3bc76f62be61311da84ffe90eb30f01e0743c77b6c90eaaa093b4c7e83344897390780d0b1cb9e75a267674c21e80ebc	v1:0c1cacae7365bec8e6eeb6debccf92bd:d3d7d1e74f942707cd5c1512eab6e6939f6612ae60e8d05da70195bf25e26697a9c4b5b6be3c3ac01c00f2f5bb6a1c477856847509232227694c06768dacfb1a17c1ef83da664f3e0d68bd13ea3ef3cbefc590b0caaddbfb7dfdea7049c510db4e783b244fe867d42a0934d1be24605e945b42b0cc4b41eecca86cd2bbe7563f775ae5c708ba059f06a25b0afe7b074be2d0932e9f65d53f0116a32a0ab3d9ecd5b89be2e656a2350a23043ef4ea36fc4eb5177767d53eb4cf17a8657595af8c5b88c5c58d123fed9b739f106d28857673b40bcd567ff67b6c51a6f7163561803d432201c2971950536b8a5ab4265d453644d17c2e7a042746b0d77e9caccdd5:e8f9eb77a2124f14d3e4b33af476b225	\N	\N	\N	2025-12-18 12:09:38.531	2025-12-18 12:09:38.531	2025-12-18 12:09:38.531	\N	\N	\N
2	qwung3dvynf4yy8mfvteu9az	Full Access	A default API token with full access permissions, used for accessing or modifying resources	full-access	b58ac793b4d156194126904cb3ebef35f01d843516d28bdcddc480f662e9d6c41da1158089e05ed3df61bc7ce6ba500bdc89b240fc823d4b97359942c912e9e9	v1:b83b9809393c3b0d817e58427cba7aee:821dea385a8a4368a0a1c1aa6fd695b1d152fa00a9f94e2ba9d77e13e5e588c6d254932c790ac14432d05b322ad5eb5c793e276cd1564c982e758c0ca2953e34cfed46212335d98c7650ff739602042dd246d3589a590a6c8bcc85971b72400683d1d7a5c65be9d4de294edbe70d33975ed6b98adc56bccc567371dfa6fb958e9f8c2beaf12283b8e3ccd8c4dbdcbe2fefe91eeee57cf18662f3b91b81d3670a7445c89338f7f129c33b134908aa203d24db4021ad8bd03b2d63929152367f884ffe680694f64b0a8dfe688fed3ba11eed2cf926fdfb71fdeaeee8f8547a7ae84062f40bcaa913c2fcefea92905f8ac52bd5a783f7b31f3f7ab7dc8cc385ecc4:bf00abf208b9114ef4a95c6faf717025	\N	\N	\N	2025-12-18 12:09:38.536	2025-12-18 12:09:38.536	2025-12-18 12:09:38.536	\N	\N	\N
\.


--
-- Data for Name: strapi_core_store_settings; Type: TABLE DATA; Schema: public; Owner: gas
--

COPY public.strapi_core_store_settings (id, key, value, type, environment, tag) FROM stdin;
1	strapi_unidirectional-join-table-repair-ran	true	boolean	\N	\N
9	plugin_content_manager_configuration_content_types::plugin::content-releases.release-action	{"settings":{"bulkable":true,"filterable":true,"searchable":true,"pageSize":10,"mainField":"contentType","defaultSortBy":"contentType","defaultSortOrder":"ASC"},"metadatas":{"id":{"edit":{},"list":{"label":"id","searchable":true,"sortable":true}},"type":{"edit":{"label":"type","description":"","placeholder":"","visible":true,"editable":true},"list":{"label":"type","searchable":true,"sortable":true}},"contentType":{"edit":{"label":"contentType","description":"","placeholder":"","visible":true,"editable":true},"list":{"label":"contentType","searchable":true,"sortable":true}},"entryDocumentId":{"edit":{"label":"entryDocumentId","description":"","placeholder":"","visible":true,"editable":true},"list":{"label":"entryDocumentId","searchable":true,"sortable":true}},"release":{"edit":{"label":"release","description":"","placeholder":"","visible":true,"editable":true,"mainField":"name"},"list":{"label":"release","searchable":true,"sortable":true}},"isEntryValid":{"edit":{"label":"isEntryValid","description":"","placeholder":"","visible":true,"editable":true},"list":{"label":"isEntryValid","searchable":true,"sortable":true}},"createdAt":{"edit":{"label":"createdAt","description":"","placeholder":"","visible":false,"editable":true},"list":{"label":"createdAt","searchable":true,"sortable":true}},"updatedAt":{"edit":{"label":"updatedAt","description":"","placeholder":"","visible":false,"editable":true},"list":{"label":"updatedAt","searchable":true,"sortable":true}},"createdBy":{"edit":{"label":"createdBy","description":"","placeholder":"","visible":false,"editable":true,"mainField":"firstname"},"list":{"label":"createdBy","searchable":true,"sortable":true}},"updatedBy":{"edit":{"label":"updatedBy","description":"","placeholder":"","visible":false,"editable":true,"mainField":"firstname"},"list":{"label":"updatedBy","searchable":true,"sortable":true}},"documentId":{"edit":{},"list":{"label":"documentId","searchable":true,"sortable":true}}},"layouts":{"list":["id","type","contentType","entryDocumentId"],"edit":[[{"name":"type","size":6},{"name":"contentType","size":6}],[{"name":"entryDocumentId","size":6},{"name":"release","size":6}],[{"name":"isEntryValid","size":4}]]},"uid":"plugin::content-releases.release-action"}	object	\N	\N
8	plugin_content_manager_configuration_content_types::plugin::upload.file	{"settings":{"bulkable":true,"filterable":true,"searchable":true,"pageSize":10,"mainField":"name","defaultSortBy":"name","defaultSortOrder":"ASC"},"metadatas":{"id":{"edit":{},"list":{"label":"id","searchable":true,"sortable":true}},"name":{"edit":{"label":"name","description":"","placeholder":"","visible":true,"editable":true},"list":{"label":"name","searchable":true,"sortable":true}},"alternativeText":{"edit":{"label":"alternativeText","description":"","placeholder":"","visible":true,"editable":true},"list":{"label":"alternativeText","searchable":true,"sortable":true}},"caption":{"edit":{"label":"caption","description":"","placeholder":"","visible":true,"editable":true},"list":{"label":"caption","searchable":true,"sortable":true}},"width":{"edit":{"label":"width","description":"","placeholder":"","visible":true,"editable":true},"list":{"label":"width","searchable":true,"sortable":true}},"height":{"edit":{"label":"height","description":"","placeholder":"","visible":true,"editable":true},"list":{"label":"height","searchable":true,"sortable":true}},"formats":{"edit":{"label":"formats","description":"","placeholder":"","visible":true,"editable":true},"list":{"label":"formats","searchable":false,"sortable":false}},"hash":{"edit":{"label":"hash","description":"","placeholder":"","visible":true,"editable":true},"list":{"label":"hash","searchable":true,"sortable":true}},"ext":{"edit":{"label":"ext","description":"","placeholder":"","visible":true,"editable":true},"list":{"label":"ext","searchable":true,"sortable":true}},"mime":{"edit":{"label":"mime","description":"","placeholder":"","visible":true,"editable":true},"list":{"label":"mime","searchable":true,"sortable":true}},"size":{"edit":{"label":"size","description":"","placeholder":"","visible":true,"editable":true},"list":{"label":"size","searchable":true,"sortable":true}},"url":{"edit":{"label":"url","description":"","placeholder":"","visible":true,"editable":true},"list":{"label":"url","searchable":true,"sortable":true}},"previewUrl":{"edit":{"label":"previewUrl","description":"","placeholder":"","visible":true,"editable":true},"list":{"label":"previewUrl","searchable":true,"sortable":true}},"provider":{"edit":{"label":"provider","description":"","placeholder":"","visible":true,"editable":true},"list":{"label":"provider","searchable":true,"sortable":true}},"provider_metadata":{"edit":{"label":"provider_metadata","description":"","placeholder":"","visible":true,"editable":true},"list":{"label":"provider_metadata","searchable":false,"sortable":false}},"folder":{"edit":{"label":"folder","description":"","placeholder":"","visible":true,"editable":true,"mainField":"name"},"list":{"label":"folder","searchable":true,"sortable":true}},"folderPath":{"edit":{"label":"folderPath","description":"","placeholder":"","visible":true,"editable":true},"list":{"label":"folderPath","searchable":true,"sortable":true}},"createdAt":{"edit":{"label":"createdAt","description":"","placeholder":"","visible":false,"editable":true},"list":{"label":"createdAt","searchable":true,"sortable":true}},"updatedAt":{"edit":{"label":"updatedAt","description":"","placeholder":"","visible":false,"editable":true},"list":{"label":"updatedAt","searchable":true,"sortable":true}},"createdBy":{"edit":{"label":"createdBy","description":"","placeholder":"","visible":false,"editable":true,"mainField":"firstname"},"list":{"label":"createdBy","searchable":true,"sortable":true}},"updatedBy":{"edit":{"label":"updatedBy","description":"","placeholder":"","visible":false,"editable":true,"mainField":"firstname"},"list":{"label":"updatedBy","searchable":true,"sortable":true}},"documentId":{"edit":{},"list":{"label":"documentId","searchable":true,"sortable":true}}},"layouts":{"list":["id","name","alternativeText","caption"],"edit":[[{"name":"name","size":6},{"name":"alternativeText","size":6}],[{"name":"caption","size":6},{"name":"width","size":4}],[{"name":"height","size":4}],[{"name":"formats","size":12}],[{"name":"hash","size":6},{"name":"ext","size":6}],[{"name":"mime","size":6},{"name":"size","size":4}],[{"name":"url","size":6},{"name":"previewUrl","size":6}],[{"name":"provider","size":6}],[{"name":"provider_metadata","size":12}],[{"name":"folder","size":6},{"name":"folderPath","size":6}]]},"uid":"plugin::upload.file"}	object	\N	\N
10	plugin_content_manager_configuration_content_types::plugin::review-workflows.workflow	{"settings":{"bulkable":true,"filterable":true,"searchable":true,"pageSize":10,"mainField":"name","defaultSortBy":"name","defaultSortOrder":"ASC"},"metadatas":{"id":{"edit":{},"list":{"label":"id","searchable":true,"sortable":true}},"name":{"edit":{"label":"name","description":"","placeholder":"","visible":true,"editable":true},"list":{"label":"name","searchable":true,"sortable":true}},"stages":{"edit":{"label":"stages","description":"","placeholder":"","visible":true,"editable":true,"mainField":"name"},"list":{"label":"stages","searchable":false,"sortable":false}},"stageRequiredToPublish":{"edit":{"label":"stageRequiredToPublish","description":"","placeholder":"","visible":true,"editable":true,"mainField":"name"},"list":{"label":"stageRequiredToPublish","searchable":true,"sortable":true}},"contentTypes":{"edit":{"label":"contentTypes","description":"","placeholder":"","visible":true,"editable":true},"list":{"label":"contentTypes","searchable":false,"sortable":false}},"createdAt":{"edit":{"label":"createdAt","description":"","placeholder":"","visible":false,"editable":true},"list":{"label":"createdAt","searchable":true,"sortable":true}},"updatedAt":{"edit":{"label":"updatedAt","description":"","placeholder":"","visible":false,"editable":true},"list":{"label":"updatedAt","searchable":true,"sortable":true}},"createdBy":{"edit":{"label":"createdBy","description":"","placeholder":"","visible":false,"editable":true,"mainField":"firstname"},"list":{"label":"createdBy","searchable":true,"sortable":true}},"updatedBy":{"edit":{"label":"updatedBy","description":"","placeholder":"","visible":false,"editable":true,"mainField":"firstname"},"list":{"label":"updatedBy","searchable":true,"sortable":true}},"documentId":{"edit":{},"list":{"label":"documentId","searchable":true,"sortable":true}}},"layouts":{"list":["id","name","stages","stageRequiredToPublish"],"edit":[[{"name":"name","size":6},{"name":"stages","size":6}],[{"name":"stageRequiredToPublish","size":6}],[{"name":"contentTypes","size":12}]]},"uid":"plugin::review-workflows.workflow"}	object	\N	\N
11	plugin_content_manager_configuration_content_types::plugin::content-releases.release	{"settings":{"bulkable":true,"filterable":true,"searchable":true,"pageSize":10,"mainField":"name","defaultSortBy":"name","defaultSortOrder":"ASC"},"metadatas":{"id":{"edit":{},"list":{"label":"id","searchable":true,"sortable":true}},"name":{"edit":{"label":"name","description":"","placeholder":"","visible":true,"editable":true},"list":{"label":"name","searchable":true,"sortable":true}},"releasedAt":{"edit":{"label":"releasedAt","description":"","placeholder":"","visible":true,"editable":true},"list":{"label":"releasedAt","searchable":true,"sortable":true}},"scheduledAt":{"edit":{"label":"scheduledAt","description":"","placeholder":"","visible":true,"editable":true},"list":{"label":"scheduledAt","searchable":true,"sortable":true}},"timezone":{"edit":{"label":"timezone","description":"","placeholder":"","visible":true,"editable":true},"list":{"label":"timezone","searchable":true,"sortable":true}},"status":{"edit":{"label":"status","description":"","placeholder":"","visible":true,"editable":true},"list":{"label":"status","searchable":true,"sortable":true}},"actions":{"edit":{"label":"actions","description":"","placeholder":"","visible":true,"editable":true,"mainField":"contentType"},"list":{"label":"actions","searchable":false,"sortable":false}},"createdAt":{"edit":{"label":"createdAt","description":"","placeholder":"","visible":false,"editable":true},"list":{"label":"createdAt","searchable":true,"sortable":true}},"updatedAt":{"edit":{"label":"updatedAt","description":"","placeholder":"","visible":false,"editable":true},"list":{"label":"updatedAt","searchable":true,"sortable":true}},"createdBy":{"edit":{"label":"createdBy","description":"","placeholder":"","visible":false,"editable":true,"mainField":"firstname"},"list":{"label":"createdBy","searchable":true,"sortable":true}},"updatedBy":{"edit":{"label":"updatedBy","description":"","placeholder":"","visible":false,"editable":true,"mainField":"firstname"},"list":{"label":"updatedBy","searchable":true,"sortable":true}},"documentId":{"edit":{},"list":{"label":"documentId","searchable":true,"sortable":true}}},"layouts":{"list":["id","name","releasedAt","scheduledAt"],"edit":[[{"name":"name","size":6},{"name":"releasedAt","size":6}],[{"name":"scheduledAt","size":6},{"name":"timezone","size":6}],[{"name":"status","size":6},{"name":"actions","size":6}]]},"uid":"plugin::content-releases.release"}	object	\N	\N
15	plugin_content_manager_configuration_content_types::plugin::upload.folder	{"settings":{"bulkable":true,"filterable":true,"searchable":true,"pageSize":10,"mainField":"name","defaultSortBy":"name","defaultSortOrder":"ASC"},"metadatas":{"id":{"edit":{},"list":{"label":"id","searchable":true,"sortable":true}},"name":{"edit":{"label":"name","description":"","placeholder":"","visible":true,"editable":true},"list":{"label":"name","searchable":true,"sortable":true}},"pathId":{"edit":{"label":"pathId","description":"","placeholder":"","visible":true,"editable":true},"list":{"label":"pathId","searchable":true,"sortable":true}},"parent":{"edit":{"label":"parent","description":"","placeholder":"","visible":true,"editable":true,"mainField":"name"},"list":{"label":"parent","searchable":true,"sortable":true}},"children":{"edit":{"label":"children","description":"","placeholder":"","visible":true,"editable":true,"mainField":"name"},"list":{"label":"children","searchable":false,"sortable":false}},"files":{"edit":{"label":"files","description":"","placeholder":"","visible":true,"editable":true,"mainField":"name"},"list":{"label":"files","searchable":false,"sortable":false}},"path":{"edit":{"label":"path","description":"","placeholder":"","visible":true,"editable":true},"list":{"label":"path","searchable":true,"sortable":true}},"createdAt":{"edit":{"label":"createdAt","description":"","placeholder":"","visible":false,"editable":true},"list":{"label":"createdAt","searchable":true,"sortable":true}},"updatedAt":{"edit":{"label":"updatedAt","description":"","placeholder":"","visible":false,"editable":true},"list":{"label":"updatedAt","searchable":true,"sortable":true}},"createdBy":{"edit":{"label":"createdBy","description":"","placeholder":"","visible":false,"editable":true,"mainField":"firstname"},"list":{"label":"createdBy","searchable":true,"sortable":true}},"updatedBy":{"edit":{"label":"updatedBy","description":"","placeholder":"","visible":false,"editable":true,"mainField":"firstname"},"list":{"label":"updatedBy","searchable":true,"sortable":true}},"documentId":{"edit":{},"list":{"label":"documentId","searchable":true,"sortable":true}}},"layouts":{"list":["id","name","pathId","parent"],"edit":[[{"name":"name","size":6},{"name":"pathId","size":4}],[{"name":"parent","size":6},{"name":"children","size":6}],[{"name":"files","size":6},{"name":"path","size":6}]]},"uid":"plugin::upload.folder"}	object	\N	\N
12	plugin_content_manager_configuration_content_types::plugin::users-permissions.permission	{"settings":{"bulkable":true,"filterable":true,"searchable":true,"pageSize":10,"mainField":"action","defaultSortBy":"action","defaultSortOrder":"ASC"},"metadatas":{"id":{"edit":{},"list":{"label":"id","searchable":true,"sortable":true}},"action":{"edit":{"label":"action","description":"","placeholder":"","visible":true,"editable":true},"list":{"label":"action","searchable":true,"sortable":true}},"role":{"edit":{"label":"role","description":"","placeholder":"","visible":true,"editable":true,"mainField":"name"},"list":{"label":"role","searchable":true,"sortable":true}},"createdAt":{"edit":{"label":"createdAt","description":"","placeholder":"","visible":false,"editable":true},"list":{"label":"createdAt","searchable":true,"sortable":true}},"updatedAt":{"edit":{"label":"updatedAt","description":"","placeholder":"","visible":false,"editable":true},"list":{"label":"updatedAt","searchable":true,"sortable":true}},"createdBy":{"edit":{"label":"createdBy","description":"","placeholder":"","visible":false,"editable":true,"mainField":"firstname"},"list":{"label":"createdBy","searchable":true,"sortable":true}},"updatedBy":{"edit":{"label":"updatedBy","description":"","placeholder":"","visible":false,"editable":true,"mainField":"firstname"},"list":{"label":"updatedBy","searchable":true,"sortable":true}},"documentId":{"edit":{},"list":{"label":"documentId","searchable":true,"sortable":true}}},"layouts":{"list":["id","action","role","createdAt"],"edit":[[{"name":"action","size":6},{"name":"role","size":6}]]},"uid":"plugin::users-permissions.permission"}	object	\N	\N
13	plugin_content_manager_configuration_content_types::plugin::review-workflows.workflow-stage	{"settings":{"bulkable":true,"filterable":true,"searchable":true,"pageSize":10,"mainField":"name","defaultSortBy":"name","defaultSortOrder":"ASC"},"metadatas":{"id":{"edit":{},"list":{"label":"id","searchable":true,"sortable":true}},"name":{"edit":{"label":"name","description":"","placeholder":"","visible":true,"editable":true},"list":{"label":"name","searchable":true,"sortable":true}},"color":{"edit":{"label":"color","description":"","placeholder":"","visible":true,"editable":true},"list":{"label":"color","searchable":true,"sortable":true}},"workflow":{"edit":{"label":"workflow","description":"","placeholder":"","visible":true,"editable":true,"mainField":"name"},"list":{"label":"workflow","searchable":true,"sortable":true}},"permissions":{"edit":{"label":"permissions","description":"","placeholder":"","visible":true,"editable":true,"mainField":"action"},"list":{"label":"permissions","searchable":false,"sortable":false}},"createdAt":{"edit":{"label":"createdAt","description":"","placeholder":"","visible":false,"editable":true},"list":{"label":"createdAt","searchable":true,"sortable":true}},"updatedAt":{"edit":{"label":"updatedAt","description":"","placeholder":"","visible":false,"editable":true},"list":{"label":"updatedAt","searchable":true,"sortable":true}},"createdBy":{"edit":{"label":"createdBy","description":"","placeholder":"","visible":false,"editable":true,"mainField":"firstname"},"list":{"label":"createdBy","searchable":true,"sortable":true}},"updatedBy":{"edit":{"label":"updatedBy","description":"","placeholder":"","visible":false,"editable":true,"mainField":"firstname"},"list":{"label":"updatedBy","searchable":true,"sortable":true}},"documentId":{"edit":{},"list":{"label":"documentId","searchable":true,"sortable":true}}},"layouts":{"list":["id","name","color","workflow"],"edit":[[{"name":"name","size":6},{"name":"color","size":6}],[{"name":"workflow","size":6},{"name":"permissions","size":6}]]},"uid":"plugin::review-workflows.workflow-stage"}	object	\N	\N
17	plugin_content_manager_configuration_content_types::plugin::users-permissions.role	{"settings":{"bulkable":true,"filterable":true,"searchable":true,"pageSize":10,"mainField":"name","defaultSortBy":"name","defaultSortOrder":"ASC"},"metadatas":{"id":{"edit":{},"list":{"label":"id","searchable":true,"sortable":true}},"name":{"edit":{"label":"name","description":"","placeholder":"","visible":true,"editable":true},"list":{"label":"name","searchable":true,"sortable":true}},"description":{"edit":{"label":"description","description":"","placeholder":"","visible":true,"editable":true},"list":{"label":"description","searchable":true,"sortable":true}},"type":{"edit":{"label":"type","description":"","placeholder":"","visible":true,"editable":true},"list":{"label":"type","searchable":true,"sortable":true}},"permissions":{"edit":{"label":"permissions","description":"","placeholder":"","visible":true,"editable":true,"mainField":"action"},"list":{"label":"permissions","searchable":false,"sortable":false}},"users":{"edit":{"label":"users","description":"","placeholder":"","visible":true,"editable":true,"mainField":"username"},"list":{"label":"users","searchable":false,"sortable":false}},"createdAt":{"edit":{"label":"createdAt","description":"","placeholder":"","visible":false,"editable":true},"list":{"label":"createdAt","searchable":true,"sortable":true}},"updatedAt":{"edit":{"label":"updatedAt","description":"","placeholder":"","visible":false,"editable":true},"list":{"label":"updatedAt","searchable":true,"sortable":true}},"createdBy":{"edit":{"label":"createdBy","description":"","placeholder":"","visible":false,"editable":true,"mainField":"firstname"},"list":{"label":"createdBy","searchable":true,"sortable":true}},"updatedBy":{"edit":{"label":"updatedBy","description":"","placeholder":"","visible":false,"editable":true,"mainField":"firstname"},"list":{"label":"updatedBy","searchable":true,"sortable":true}},"documentId":{"edit":{},"list":{"label":"documentId","searchable":true,"sortable":true}}},"layouts":{"list":["id","name","description","type"],"edit":[[{"name":"name","size":6},{"name":"description","size":6}],[{"name":"type","size":6},{"name":"permissions","size":6}],[{"name":"users","size":6}]]},"uid":"plugin::users-permissions.role"}	object	\N	\N
16	plugin_content_manager_configuration_content_types::plugin::users-permissions.user	{"settings":{"bulkable":true,"filterable":true,"searchable":true,"pageSize":10,"mainField":"username","defaultSortBy":"username","defaultSortOrder":"ASC"},"metadatas":{"id":{"edit":{},"list":{"label":"id","searchable":true,"sortable":true}},"username":{"edit":{"label":"username","description":"","placeholder":"","visible":true,"editable":true},"list":{"label":"username","searchable":true,"sortable":true}},"email":{"edit":{"label":"email","description":"","placeholder":"","visible":true,"editable":true},"list":{"label":"email","searchable":true,"sortable":true}},"provider":{"edit":{"label":"provider","description":"","placeholder":"","visible":false,"editable":true},"list":{"label":"provider","searchable":true,"sortable":true}},"password":{"edit":{"label":"password","description":"","placeholder":"","visible":true,"editable":true},"list":{"label":"password","searchable":true,"sortable":true}},"resetPasswordToken":{"edit":{"label":"resetPasswordToken","description":"","placeholder":"","visible":false,"editable":true},"list":{"label":"resetPasswordToken","searchable":true,"sortable":true}},"confirmationToken":{"edit":{"label":"confirmationToken","description":"","placeholder":"","visible":false,"editable":true},"list":{"label":"confirmationToken","searchable":true,"sortable":true}},"confirmed":{"edit":{"label":"confirmed","description":"","placeholder":"","visible":true,"editable":true},"list":{"label":"confirmed","searchable":true,"sortable":true}},"blocked":{"edit":{"label":"blocked","description":"","placeholder":"","visible":true,"editable":true},"list":{"label":"blocked","searchable":true,"sortable":true}},"role":{"edit":{"label":"role","description":"","placeholder":"","visible":true,"editable":true,"mainField":"name"},"list":{"label":"role","searchable":true,"sortable":true}},"createdAt":{"edit":{"label":"createdAt","description":"","placeholder":"","visible":false,"editable":true},"list":{"label":"createdAt","searchable":true,"sortable":true}},"updatedAt":{"edit":{"label":"updatedAt","description":"","placeholder":"","visible":false,"editable":true},"list":{"label":"updatedAt","searchable":true,"sortable":true}},"createdBy":{"edit":{"label":"createdBy","description":"","placeholder":"","visible":false,"editable":true,"mainField":"firstname"},"list":{"label":"createdBy","searchable":true,"sortable":true}},"updatedBy":{"edit":{"label":"updatedBy","description":"","placeholder":"","visible":false,"editable":true,"mainField":"firstname"},"list":{"label":"updatedBy","searchable":true,"sortable":true}},"documentId":{"edit":{},"list":{"label":"documentId","searchable":true,"sortable":true}}},"layouts":{"list":["id","username","email","confirmed"],"edit":[[{"name":"username","size":6},{"name":"email","size":6}],[{"name":"password","size":6},{"name":"confirmed","size":4}],[{"name":"blocked","size":4},{"name":"role","size":6}]]},"uid":"plugin::users-permissions.user"}	object	\N	\N
26	plugin_content_manager_configuration_content_types::admin::api-token	{"settings":{"bulkable":true,"filterable":true,"searchable":true,"pageSize":10,"mainField":"name","defaultSortBy":"name","defaultSortOrder":"ASC"},"metadatas":{"id":{"edit":{},"list":{"label":"id","searchable":true,"sortable":true}},"name":{"edit":{"label":"name","description":"","placeholder":"","visible":true,"editable":true},"list":{"label":"name","searchable":true,"sortable":true}},"description":{"edit":{"label":"description","description":"","placeholder":"","visible":true,"editable":true},"list":{"label":"description","searchable":true,"sortable":true}},"type":{"edit":{"label":"type","description":"","placeholder":"","visible":true,"editable":true},"list":{"label":"type","searchable":true,"sortable":true}},"accessKey":{"edit":{"label":"accessKey","description":"","placeholder":"","visible":true,"editable":true},"list":{"label":"accessKey","searchable":true,"sortable":true}},"encryptedKey":{"edit":{"label":"encryptedKey","description":"","placeholder":"","visible":true,"editable":true},"list":{"label":"encryptedKey","searchable":true,"sortable":true}},"lastUsedAt":{"edit":{"label":"lastUsedAt","description":"","placeholder":"","visible":true,"editable":true},"list":{"label":"lastUsedAt","searchable":true,"sortable":true}},"permissions":{"edit":{"label":"permissions","description":"","placeholder":"","visible":true,"editable":true,"mainField":"action"},"list":{"label":"permissions","searchable":false,"sortable":false}},"expiresAt":{"edit":{"label":"expiresAt","description":"","placeholder":"","visible":true,"editable":true},"list":{"label":"expiresAt","searchable":true,"sortable":true}},"lifespan":{"edit":{"label":"lifespan","description":"","placeholder":"","visible":true,"editable":true},"list":{"label":"lifespan","searchable":true,"sortable":true}},"createdAt":{"edit":{"label":"createdAt","description":"","placeholder":"","visible":false,"editable":true},"list":{"label":"createdAt","searchable":true,"sortable":true}},"updatedAt":{"edit":{"label":"updatedAt","description":"","placeholder":"","visible":false,"editable":true},"list":{"label":"updatedAt","searchable":true,"sortable":true}},"createdBy":{"edit":{"label":"createdBy","description":"","placeholder":"","visible":false,"editable":true,"mainField":"firstname"},"list":{"label":"createdBy","searchable":true,"sortable":true}},"updatedBy":{"edit":{"label":"updatedBy","description":"","placeholder":"","visible":false,"editable":true,"mainField":"firstname"},"list":{"label":"updatedBy","searchable":true,"sortable":true}},"documentId":{"edit":{},"list":{"label":"documentId","searchable":true,"sortable":true}}},"layouts":{"list":["id","name","description","type"],"edit":[[{"name":"name","size":6},{"name":"description","size":6}],[{"name":"type","size":6},{"name":"accessKey","size":6}],[{"name":"encryptedKey","size":6},{"name":"lastUsedAt","size":6}],[{"name":"permissions","size":6},{"name":"expiresAt","size":6}],[{"name":"lifespan","size":4}]]},"uid":"admin::api-token"}	object	\N	\N
30	plugin_content_manager_configuration_content_types::admin::session	{"settings":{"bulkable":true,"filterable":true,"searchable":true,"pageSize":10,"mainField":"userId","defaultSortBy":"userId","defaultSortOrder":"ASC"},"metadatas":{"id":{"edit":{},"list":{"label":"id","searchable":true,"sortable":true}},"userId":{"edit":{"label":"userId","description":"","placeholder":"","visible":true,"editable":true},"list":{"label":"userId","searchable":true,"sortable":true}},"sessionId":{"edit":{"label":"sessionId","description":"","placeholder":"","visible":true,"editable":true},"list":{"label":"sessionId","searchable":true,"sortable":true}},"childId":{"edit":{"label":"childId","description":"","placeholder":"","visible":true,"editable":true},"list":{"label":"childId","searchable":true,"sortable":true}},"deviceId":{"edit":{"label":"deviceId","description":"","placeholder":"","visible":true,"editable":true},"list":{"label":"deviceId","searchable":true,"sortable":true}},"origin":{"edit":{"label":"origin","description":"","placeholder":"","visible":true,"editable":true},"list":{"label":"origin","searchable":true,"sortable":true}},"expiresAt":{"edit":{"label":"expiresAt","description":"","placeholder":"","visible":true,"editable":true},"list":{"label":"expiresAt","searchable":true,"sortable":true}},"absoluteExpiresAt":{"edit":{"label":"absoluteExpiresAt","description":"","placeholder":"","visible":true,"editable":true},"list":{"label":"absoluteExpiresAt","searchable":true,"sortable":true}},"status":{"edit":{"label":"status","description":"","placeholder":"","visible":true,"editable":true},"list":{"label":"status","searchable":true,"sortable":true}},"type":{"edit":{"label":"type","description":"","placeholder":"","visible":true,"editable":true},"list":{"label":"type","searchable":true,"sortable":true}},"createdAt":{"edit":{"label":"createdAt","description":"","placeholder":"","visible":false,"editable":true},"list":{"label":"createdAt","searchable":true,"sortable":true}},"updatedAt":{"edit":{"label":"updatedAt","description":"","placeholder":"","visible":false,"editable":true},"list":{"label":"updatedAt","searchable":true,"sortable":true}},"createdBy":{"edit":{"label":"createdBy","description":"","placeholder":"","visible":false,"editable":true,"mainField":"firstname"},"list":{"label":"createdBy","searchable":true,"sortable":true}},"updatedBy":{"edit":{"label":"updatedBy","description":"","placeholder":"","visible":false,"editable":true,"mainField":"firstname"},"list":{"label":"updatedBy","searchable":true,"sortable":true}},"documentId":{"edit":{},"list":{"label":"documentId","searchable":true,"sortable":true}}},"layouts":{"list":["id","userId","sessionId","childId"],"edit":[[{"name":"userId","size":6},{"name":"sessionId","size":6}],[{"name":"childId","size":6},{"name":"deviceId","size":6}],[{"name":"origin","size":6},{"name":"expiresAt","size":6}],[{"name":"absoluteExpiresAt","size":6},{"name":"status","size":6}],[{"name":"type","size":6}]]},"uid":"admin::session"}	object	\N	\N
14	plugin_content_manager_configuration_content_types::plugin::i18n.locale	{"settings":{"bulkable":true,"filterable":true,"searchable":true,"pageSize":10,"mainField":"name","defaultSortBy":"name","defaultSortOrder":"ASC"},"metadatas":{"id":{"edit":{},"list":{"label":"id","searchable":true,"sortable":true}},"name":{"edit":{"label":"name","description":"","placeholder":"","visible":true,"editable":true},"list":{"label":"name","searchable":true,"sortable":true}},"code":{"edit":{"label":"code","description":"","placeholder":"","visible":true,"editable":true},"list":{"label":"code","searchable":true,"sortable":true}},"createdAt":{"edit":{"label":"createdAt","description":"","placeholder":"","visible":false,"editable":true},"list":{"label":"createdAt","searchable":true,"sortable":true}},"updatedAt":{"edit":{"label":"updatedAt","description":"","placeholder":"","visible":false,"editable":true},"list":{"label":"updatedAt","searchable":true,"sortable":true}},"createdBy":{"edit":{"label":"createdBy","description":"","placeholder":"","visible":false,"editable":true,"mainField":"firstname"},"list":{"label":"createdBy","searchable":true,"sortable":true}},"updatedBy":{"edit":{"label":"updatedBy","description":"","placeholder":"","visible":false,"editable":true,"mainField":"firstname"},"list":{"label":"updatedBy","searchable":true,"sortable":true}},"documentId":{"edit":{},"list":{"label":"documentId","searchable":true,"sortable":true}}},"layouts":{"list":["id","name","code","createdAt"],"edit":[[{"name":"name","size":6},{"name":"code","size":6}]]},"uid":"plugin::i18n.locale"}	object	\N	\N
24	plugin_content_manager_configuration_content_types::admin::user	{"settings":{"bulkable":true,"filterable":true,"searchable":true,"pageSize":10,"mainField":"firstname","defaultSortBy":"firstname","defaultSortOrder":"ASC"},"metadatas":{"id":{"edit":{},"list":{"label":"id","searchable":true,"sortable":true}},"firstname":{"edit":{"label":"firstname","description":"","placeholder":"","visible":true,"editable":true},"list":{"label":"firstname","searchable":true,"sortable":true}},"lastname":{"edit":{"label":"lastname","description":"","placeholder":"","visible":true,"editable":true},"list":{"label":"lastname","searchable":true,"sortable":true}},"username":{"edit":{"label":"username","description":"","placeholder":"","visible":true,"editable":true},"list":{"label":"username","searchable":true,"sortable":true}},"email":{"edit":{"label":"email","description":"","placeholder":"","visible":true,"editable":true},"list":{"label":"email","searchable":true,"sortable":true}},"password":{"edit":{"label":"password","description":"","placeholder":"","visible":true,"editable":true},"list":{"label":"password","searchable":true,"sortable":true}},"resetPasswordToken":{"edit":{"label":"resetPasswordToken","description":"","placeholder":"","visible":false,"editable":true},"list":{"label":"resetPasswordToken","searchable":true,"sortable":true}},"registrationToken":{"edit":{"label":"registrationToken","description":"","placeholder":"","visible":false,"editable":true},"list":{"label":"registrationToken","searchable":true,"sortable":true}},"isActive":{"edit":{"label":"isActive","description":"","placeholder":"","visible":true,"editable":true},"list":{"label":"isActive","searchable":true,"sortable":true}},"roles":{"edit":{"label":"roles","description":"","placeholder":"","visible":true,"editable":true,"mainField":"name"},"list":{"label":"roles","searchable":false,"sortable":false}},"blocked":{"edit":{"label":"blocked","description":"","placeholder":"","visible":true,"editable":true},"list":{"label":"blocked","searchable":true,"sortable":true}},"preferedLanguage":{"edit":{"label":"preferedLanguage","description":"","placeholder":"","visible":true,"editable":true},"list":{"label":"preferedLanguage","searchable":true,"sortable":true}},"createdAt":{"edit":{"label":"createdAt","description":"","placeholder":"","visible":false,"editable":true},"list":{"label":"createdAt","searchable":true,"sortable":true}},"updatedAt":{"edit":{"label":"updatedAt","description":"","placeholder":"","visible":false,"editable":true},"list":{"label":"updatedAt","searchable":true,"sortable":true}},"createdBy":{"edit":{"label":"createdBy","description":"","placeholder":"","visible":false,"editable":true,"mainField":"firstname"},"list":{"label":"createdBy","searchable":true,"sortable":true}},"updatedBy":{"edit":{"label":"updatedBy","description":"","placeholder":"","visible":false,"editable":true,"mainField":"firstname"},"list":{"label":"updatedBy","searchable":true,"sortable":true}},"documentId":{"edit":{},"list":{"label":"documentId","searchable":true,"sortable":true}}},"layouts":{"list":["id","firstname","lastname","username"],"edit":[[{"name":"firstname","size":6},{"name":"lastname","size":6}],[{"name":"username","size":6},{"name":"email","size":6}],[{"name":"password","size":6},{"name":"isActive","size":4}],[{"name":"roles","size":6},{"name":"blocked","size":4}],[{"name":"preferedLanguage","size":6}]]},"uid":"admin::user"}	object	\N	\N
18	plugin_content_manager_configuration_content_types::api::category.category	{"settings":{"bulkable":true,"filterable":true,"searchable":true,"pageSize":10,"mainField":"name","defaultSortBy":"name","defaultSortOrder":"ASC"},"metadatas":{"id":{"edit":{},"list":{"label":"id","searchable":true,"sortable":true}},"name":{"edit":{"label":"name","description":"","placeholder":"","visible":true,"editable":true},"list":{"label":"name","searchable":true,"sortable":true}},"slug":{"edit":{"label":"slug","description":"","placeholder":"","visible":true,"editable":true},"list":{"label":"slug","searchable":true,"sortable":true}},"articles":{"edit":{"label":"articles","description":"","placeholder":"","visible":true,"editable":true,"mainField":"title"},"list":{"label":"articles","searchable":false,"sortable":false}},"description":{"edit":{"label":"description","description":"","placeholder":"","visible":true,"editable":true},"list":{"label":"description","searchable":true,"sortable":true}},"createdAt":{"edit":{"label":"createdAt","description":"","placeholder":"","visible":false,"editable":true},"list":{"label":"createdAt","searchable":true,"sortable":true}},"updatedAt":{"edit":{"label":"updatedAt","description":"","placeholder":"","visible":false,"editable":true},"list":{"label":"updatedAt","searchable":true,"sortable":true}},"createdBy":{"edit":{"label":"createdBy","description":"","placeholder":"","visible":false,"editable":true,"mainField":"firstname"},"list":{"label":"createdBy","searchable":true,"sortable":true}},"updatedBy":{"edit":{"label":"updatedBy","description":"","placeholder":"","visible":false,"editable":true,"mainField":"firstname"},"list":{"label":"updatedBy","searchable":true,"sortable":true}},"documentId":{"edit":{},"list":{"label":"documentId","searchable":true,"sortable":true}}},"layouts":{"list":["id","name","slug","articles"],"edit":[[{"name":"name","size":6},{"name":"slug","size":6}],[{"name":"articles","size":6},{"name":"description","size":6}]]},"uid":"api::category.category"}	object	\N	\N
19	plugin_content_manager_configuration_content_types::api::about.about	{"settings":{"bulkable":true,"filterable":true,"searchable":true,"pageSize":10,"mainField":"title","defaultSortBy":"title","defaultSortOrder":"ASC"},"metadatas":{"id":{"edit":{},"list":{"label":"id","searchable":true,"sortable":true}},"title":{"edit":{"label":"title","description":"","placeholder":"","visible":true,"editable":true},"list":{"label":"title","searchable":true,"sortable":true}},"blocks":{"edit":{"label":"blocks","description":"","placeholder":"","visible":true,"editable":true},"list":{"label":"blocks","searchable":false,"sortable":false}},"createdAt":{"edit":{"label":"createdAt","description":"","placeholder":"","visible":false,"editable":true},"list":{"label":"createdAt","searchable":true,"sortable":true}},"updatedAt":{"edit":{"label":"updatedAt","description":"","placeholder":"","visible":false,"editable":true},"list":{"label":"updatedAt","searchable":true,"sortable":true}},"createdBy":{"edit":{"label":"createdBy","description":"","placeholder":"","visible":false,"editable":true,"mainField":"firstname"},"list":{"label":"createdBy","searchable":true,"sortable":true}},"updatedBy":{"edit":{"label":"updatedBy","description":"","placeholder":"","visible":false,"editable":true,"mainField":"firstname"},"list":{"label":"updatedBy","searchable":true,"sortable":true}},"documentId":{"edit":{},"list":{"label":"documentId","searchable":true,"sortable":true}}},"layouts":{"list":["id","title","createdAt","updatedAt"],"edit":[[{"name":"title","size":6}],[{"name":"blocks","size":12}]]},"uid":"api::about.about"}	object	\N	\N
20	plugin_content_manager_configuration_content_types::api::article.article	{"settings":{"bulkable":true,"filterable":true,"searchable":true,"pageSize":10,"mainField":"title","defaultSortBy":"title","defaultSortOrder":"ASC"},"metadatas":{"id":{"edit":{},"list":{"label":"id","searchable":true,"sortable":true}},"title":{"edit":{"label":"title","description":"","placeholder":"","visible":true,"editable":true},"list":{"label":"title","searchable":true,"sortable":true}},"description":{"edit":{"label":"description","description":"","placeholder":"","visible":true,"editable":true},"list":{"label":"description","searchable":true,"sortable":true}},"slug":{"edit":{"label":"slug","description":"","placeholder":"","visible":true,"editable":true},"list":{"label":"slug","searchable":true,"sortable":true}},"cover":{"edit":{"label":"cover","description":"","placeholder":"","visible":true,"editable":true},"list":{"label":"cover","searchable":false,"sortable":false}},"author":{"edit":{"label":"author","description":"","placeholder":"","visible":true,"editable":true,"mainField":"name"},"list":{"label":"author","searchable":true,"sortable":true}},"category":{"edit":{"label":"category","description":"","placeholder":"","visible":true,"editable":true,"mainField":"name"},"list":{"label":"category","searchable":true,"sortable":true}},"blocks":{"edit":{"label":"blocks","description":"","placeholder":"","visible":true,"editable":true},"list":{"label":"blocks","searchable":false,"sortable":false}},"createdAt":{"edit":{"label":"createdAt","description":"","placeholder":"","visible":false,"editable":true},"list":{"label":"createdAt","searchable":true,"sortable":true}},"updatedAt":{"edit":{"label":"updatedAt","description":"","placeholder":"","visible":false,"editable":true},"list":{"label":"updatedAt","searchable":true,"sortable":true}},"createdBy":{"edit":{"label":"createdBy","description":"","placeholder":"","visible":false,"editable":true,"mainField":"firstname"},"list":{"label":"createdBy","searchable":true,"sortable":true}},"updatedBy":{"edit":{"label":"updatedBy","description":"","placeholder":"","visible":false,"editable":true,"mainField":"firstname"},"list":{"label":"updatedBy","searchable":true,"sortable":true}},"documentId":{"edit":{},"list":{"label":"documentId","searchable":true,"sortable":true}}},"layouts":{"list":["id","title","description","slug"],"edit":[[{"name":"title","size":6},{"name":"description","size":6}],[{"name":"slug","size":6},{"name":"cover","size":6}],[{"name":"author","size":6},{"name":"category","size":6}],[{"name":"blocks","size":12}]]},"uid":"api::article.article"}	object	\N	\N
21	plugin_content_manager_configuration_content_types::admin::role	{"settings":{"bulkable":true,"filterable":true,"searchable":true,"pageSize":10,"mainField":"name","defaultSortBy":"name","defaultSortOrder":"ASC"},"metadatas":{"id":{"edit":{},"list":{"label":"id","searchable":true,"sortable":true}},"name":{"edit":{"label":"name","description":"","placeholder":"","visible":true,"editable":true},"list":{"label":"name","searchable":true,"sortable":true}},"code":{"edit":{"label":"code","description":"","placeholder":"","visible":true,"editable":true},"list":{"label":"code","searchable":true,"sortable":true}},"description":{"edit":{"label":"description","description":"","placeholder":"","visible":true,"editable":true},"list":{"label":"description","searchable":true,"sortable":true}},"users":{"edit":{"label":"users","description":"","placeholder":"","visible":true,"editable":true,"mainField":"firstname"},"list":{"label":"users","searchable":false,"sortable":false}},"permissions":{"edit":{"label":"permissions","description":"","placeholder":"","visible":true,"editable":true,"mainField":"action"},"list":{"label":"permissions","searchable":false,"sortable":false}},"createdAt":{"edit":{"label":"createdAt","description":"","placeholder":"","visible":false,"editable":true},"list":{"label":"createdAt","searchable":true,"sortable":true}},"updatedAt":{"edit":{"label":"updatedAt","description":"","placeholder":"","visible":false,"editable":true},"list":{"label":"updatedAt","searchable":true,"sortable":true}},"createdBy":{"edit":{"label":"createdBy","description":"","placeholder":"","visible":false,"editable":true,"mainField":"firstname"},"list":{"label":"createdBy","searchable":true,"sortable":true}},"updatedBy":{"edit":{"label":"updatedBy","description":"","placeholder":"","visible":false,"editable":true,"mainField":"firstname"},"list":{"label":"updatedBy","searchable":true,"sortable":true}},"documentId":{"edit":{},"list":{"label":"documentId","searchable":true,"sortable":true}}},"layouts":{"list":["id","name","code","description"],"edit":[[{"name":"name","size":6},{"name":"code","size":6}],[{"name":"description","size":6},{"name":"users","size":6}],[{"name":"permissions","size":6}]]},"uid":"admin::role"}	object	\N	\N
22	plugin_content_manager_configuration_content_types::api::author.author	{"settings":{"bulkable":true,"filterable":true,"searchable":true,"pageSize":10,"mainField":"name","defaultSortBy":"name","defaultSortOrder":"ASC"},"metadatas":{"id":{"edit":{},"list":{"label":"id","searchable":true,"sortable":true}},"name":{"edit":{"label":"name","description":"","placeholder":"","visible":true,"editable":true},"list":{"label":"name","searchable":true,"sortable":true}},"avatar":{"edit":{"label":"avatar","description":"","placeholder":"","visible":true,"editable":true},"list":{"label":"avatar","searchable":false,"sortable":false}},"email":{"edit":{"label":"email","description":"","placeholder":"","visible":true,"editable":true},"list":{"label":"email","searchable":true,"sortable":true}},"articles":{"edit":{"label":"articles","description":"","placeholder":"","visible":true,"editable":true,"mainField":"title"},"list":{"label":"articles","searchable":false,"sortable":false}},"createdAt":{"edit":{"label":"createdAt","description":"","placeholder":"","visible":false,"editable":true},"list":{"label":"createdAt","searchable":true,"sortable":true}},"updatedAt":{"edit":{"label":"updatedAt","description":"","placeholder":"","visible":false,"editable":true},"list":{"label":"updatedAt","searchable":true,"sortable":true}},"createdBy":{"edit":{"label":"createdBy","description":"","placeholder":"","visible":false,"editable":true,"mainField":"firstname"},"list":{"label":"createdBy","searchable":true,"sortable":true}},"updatedBy":{"edit":{"label":"updatedBy","description":"","placeholder":"","visible":false,"editable":true,"mainField":"firstname"},"list":{"label":"updatedBy","searchable":true,"sortable":true}},"documentId":{"edit":{},"list":{"label":"documentId","searchable":true,"sortable":true}}},"layouts":{"list":["id","name","avatar","email"],"edit":[[{"name":"name","size":6},{"name":"avatar","size":6}],[{"name":"email","size":6},{"name":"articles","size":6}]]},"uid":"api::author.author"}	object	\N	\N
23	plugin_content_manager_configuration_content_types::api::global.global	{"settings":{"bulkable":true,"filterable":true,"searchable":true,"pageSize":10,"mainField":"siteName","defaultSortBy":"siteName","defaultSortOrder":"ASC"},"metadatas":{"id":{"edit":{},"list":{"label":"id","searchable":true,"sortable":true}},"siteName":{"edit":{"label":"siteName","description":"","placeholder":"","visible":true,"editable":true},"list":{"label":"siteName","searchable":true,"sortable":true}},"favicon":{"edit":{"label":"favicon","description":"","placeholder":"","visible":true,"editable":true},"list":{"label":"favicon","searchable":false,"sortable":false}},"siteDescription":{"edit":{"label":"siteDescription","description":"","placeholder":"","visible":true,"editable":true},"list":{"label":"siteDescription","searchable":true,"sortable":true}},"defaultSeo":{"edit":{"label":"defaultSeo","description":"","placeholder":"","visible":true,"editable":true},"list":{"label":"defaultSeo","searchable":false,"sortable":false}},"createdAt":{"edit":{"label":"createdAt","description":"","placeholder":"","visible":false,"editable":true},"list":{"label":"createdAt","searchable":true,"sortable":true}},"updatedAt":{"edit":{"label":"updatedAt","description":"","placeholder":"","visible":false,"editable":true},"list":{"label":"updatedAt","searchable":true,"sortable":true}},"createdBy":{"edit":{"label":"createdBy","description":"","placeholder":"","visible":false,"editable":true,"mainField":"firstname"},"list":{"label":"createdBy","searchable":true,"sortable":true}},"updatedBy":{"edit":{"label":"updatedBy","description":"","placeholder":"","visible":false,"editable":true,"mainField":"firstname"},"list":{"label":"updatedBy","searchable":true,"sortable":true}},"documentId":{"edit":{},"list":{"label":"documentId","searchable":true,"sortable":true}}},"layouts":{"list":["id","siteName","favicon","siteDescription"],"edit":[[{"name":"siteName","size":6},{"name":"favicon","size":6}],[{"name":"siteDescription","size":6}],[{"name":"defaultSeo","size":12}]]},"uid":"api::global.global"}	object	\N	\N
27	plugin_content_manager_configuration_content_types::admin::api-token-permission	{"settings":{"bulkable":true,"filterable":true,"searchable":true,"pageSize":10,"mainField":"action","defaultSortBy":"action","defaultSortOrder":"ASC"},"metadatas":{"id":{"edit":{},"list":{"label":"id","searchable":true,"sortable":true}},"action":{"edit":{"label":"action","description":"","placeholder":"","visible":true,"editable":true},"list":{"label":"action","searchable":true,"sortable":true}},"token":{"edit":{"label":"token","description":"","placeholder":"","visible":true,"editable":true,"mainField":"name"},"list":{"label":"token","searchable":true,"sortable":true}},"createdAt":{"edit":{"label":"createdAt","description":"","placeholder":"","visible":false,"editable":true},"list":{"label":"createdAt","searchable":true,"sortable":true}},"updatedAt":{"edit":{"label":"updatedAt","description":"","placeholder":"","visible":false,"editable":true},"list":{"label":"updatedAt","searchable":true,"sortable":true}},"createdBy":{"edit":{"label":"createdBy","description":"","placeholder":"","visible":false,"editable":true,"mainField":"firstname"},"list":{"label":"createdBy","searchable":true,"sortable":true}},"updatedBy":{"edit":{"label":"updatedBy","description":"","placeholder":"","visible":false,"editable":true,"mainField":"firstname"},"list":{"label":"updatedBy","searchable":true,"sortable":true}},"documentId":{"edit":{},"list":{"label":"documentId","searchable":true,"sortable":true}}},"layouts":{"list":["id","action","token","createdAt"],"edit":[[{"name":"action","size":6},{"name":"token","size":6}]]},"uid":"admin::api-token-permission"}	object	\N	\N
25	plugin_content_manager_configuration_content_types::admin::permission	{"settings":{"bulkable":true,"filterable":true,"searchable":true,"pageSize":10,"mainField":"action","defaultSortBy":"action","defaultSortOrder":"ASC"},"metadatas":{"id":{"edit":{},"list":{"label":"id","searchable":true,"sortable":true}},"action":{"edit":{"label":"action","description":"","placeholder":"","visible":true,"editable":true},"list":{"label":"action","searchable":true,"sortable":true}},"actionParameters":{"edit":{"label":"actionParameters","description":"","placeholder":"","visible":true,"editable":true},"list":{"label":"actionParameters","searchable":false,"sortable":false}},"subject":{"edit":{"label":"subject","description":"","placeholder":"","visible":true,"editable":true},"list":{"label":"subject","searchable":true,"sortable":true}},"properties":{"edit":{"label":"properties","description":"","placeholder":"","visible":true,"editable":true},"list":{"label":"properties","searchable":false,"sortable":false}},"conditions":{"edit":{"label":"conditions","description":"","placeholder":"","visible":true,"editable":true},"list":{"label":"conditions","searchable":false,"sortable":false}},"role":{"edit":{"label":"role","description":"","placeholder":"","visible":true,"editable":true,"mainField":"name"},"list":{"label":"role","searchable":true,"sortable":true}},"createdAt":{"edit":{"label":"createdAt","description":"","placeholder":"","visible":false,"editable":true},"list":{"label":"createdAt","searchable":true,"sortable":true}},"updatedAt":{"edit":{"label":"updatedAt","description":"","placeholder":"","visible":false,"editable":true},"list":{"label":"updatedAt","searchable":true,"sortable":true}},"createdBy":{"edit":{"label":"createdBy","description":"","placeholder":"","visible":false,"editable":true,"mainField":"firstname"},"list":{"label":"createdBy","searchable":true,"sortable":true}},"updatedBy":{"edit":{"label":"updatedBy","description":"","placeholder":"","visible":false,"editable":true,"mainField":"firstname"},"list":{"label":"updatedBy","searchable":true,"sortable":true}},"documentId":{"edit":{},"list":{"label":"documentId","searchable":true,"sortable":true}}},"layouts":{"list":["id","action","subject","role"],"edit":[[{"name":"action","size":6}],[{"name":"actionParameters","size":12}],[{"name":"subject","size":6}],[{"name":"properties","size":12}],[{"name":"conditions","size":12}],[{"name":"role","size":6}]]},"uid":"admin::permission"}	object	\N	\N
28	plugin_content_manager_configuration_content_types::admin::transfer-token-permission	{"settings":{"bulkable":true,"filterable":true,"searchable":true,"pageSize":10,"mainField":"action","defaultSortBy":"action","defaultSortOrder":"ASC"},"metadatas":{"id":{"edit":{},"list":{"label":"id","searchable":true,"sortable":true}},"action":{"edit":{"label":"action","description":"","placeholder":"","visible":true,"editable":true},"list":{"label":"action","searchable":true,"sortable":true}},"token":{"edit":{"label":"token","description":"","placeholder":"","visible":true,"editable":true,"mainField":"name"},"list":{"label":"token","searchable":true,"sortable":true}},"createdAt":{"edit":{"label":"createdAt","description":"","placeholder":"","visible":false,"editable":true},"list":{"label":"createdAt","searchable":true,"sortable":true}},"updatedAt":{"edit":{"label":"updatedAt","description":"","placeholder":"","visible":false,"editable":true},"list":{"label":"updatedAt","searchable":true,"sortable":true}},"createdBy":{"edit":{"label":"createdBy","description":"","placeholder":"","visible":false,"editable":true,"mainField":"firstname"},"list":{"label":"createdBy","searchable":true,"sortable":true}},"updatedBy":{"edit":{"label":"updatedBy","description":"","placeholder":"","visible":false,"editable":true,"mainField":"firstname"},"list":{"label":"updatedBy","searchable":true,"sortable":true}},"documentId":{"edit":{},"list":{"label":"documentId","searchable":true,"sortable":true}}},"layouts":{"list":["id","action","token","createdAt"],"edit":[[{"name":"action","size":6},{"name":"token","size":6}]]},"uid":"admin::transfer-token-permission"}	object	\N	\N
29	plugin_content_manager_configuration_content_types::admin::transfer-token	{"settings":{"bulkable":true,"filterable":true,"searchable":true,"pageSize":10,"mainField":"name","defaultSortBy":"name","defaultSortOrder":"ASC"},"metadatas":{"id":{"edit":{},"list":{"label":"id","searchable":true,"sortable":true}},"name":{"edit":{"label":"name","description":"","placeholder":"","visible":true,"editable":true},"list":{"label":"name","searchable":true,"sortable":true}},"description":{"edit":{"label":"description","description":"","placeholder":"","visible":true,"editable":true},"list":{"label":"description","searchable":true,"sortable":true}},"accessKey":{"edit":{"label":"accessKey","description":"","placeholder":"","visible":true,"editable":true},"list":{"label":"accessKey","searchable":true,"sortable":true}},"lastUsedAt":{"edit":{"label":"lastUsedAt","description":"","placeholder":"","visible":true,"editable":true},"list":{"label":"lastUsedAt","searchable":true,"sortable":true}},"permissions":{"edit":{"label":"permissions","description":"","placeholder":"","visible":true,"editable":true,"mainField":"action"},"list":{"label":"permissions","searchable":false,"sortable":false}},"expiresAt":{"edit":{"label":"expiresAt","description":"","placeholder":"","visible":true,"editable":true},"list":{"label":"expiresAt","searchable":true,"sortable":true}},"lifespan":{"edit":{"label":"lifespan","description":"","placeholder":"","visible":true,"editable":true},"list":{"label":"lifespan","searchable":true,"sortable":true}},"createdAt":{"edit":{"label":"createdAt","description":"","placeholder":"","visible":false,"editable":true},"list":{"label":"createdAt","searchable":true,"sortable":true}},"updatedAt":{"edit":{"label":"updatedAt","description":"","placeholder":"","visible":false,"editable":true},"list":{"label":"updatedAt","searchable":true,"sortable":true}},"createdBy":{"edit":{"label":"createdBy","description":"","placeholder":"","visible":false,"editable":true,"mainField":"firstname"},"list":{"label":"createdBy","searchable":true,"sortable":true}},"updatedBy":{"edit":{"label":"updatedBy","description":"","placeholder":"","visible":false,"editable":true,"mainField":"firstname"},"list":{"label":"updatedBy","searchable":true,"sortable":true}},"documentId":{"edit":{},"list":{"label":"documentId","searchable":true,"sortable":true}}},"layouts":{"list":["id","name","description","accessKey"],"edit":[[{"name":"name","size":6},{"name":"description","size":6}],[{"name":"accessKey","size":6},{"name":"lastUsedAt","size":6}],[{"name":"permissions","size":6},{"name":"expiresAt","size":6}],[{"name":"lifespan","size":4}]]},"uid":"admin::transfer-token"}	object	\N	\N
31	plugin_upload_settings	{"sizeOptimization":true,"responsiveDimensions":true,"autoOrientation":false,"aiMetadata":true}	object	\N	\N
32	plugin_upload_view_configuration	{"pageSize":10,"sort":"createdAt:DESC"}	object	\N	\N
34	plugin_i18n_default_locale	"en"	string	\N	\N
33	plugin_upload_metrics	{"weeklySchedule":"52 9 12 * * 4","lastWeeklyUpdate":1766056192536}	object	\N	\N
35	plugin_users-permissions_grant	{"email":{"icon":"envelope","enabled":true},"discord":{"icon":"discord","enabled":false,"key":"","secret":"","callbackUrl":"http://127.0.0.1:1337/api/auth/discord/callback","scope":["identify","email"]},"facebook":{"icon":"facebook-square","enabled":false,"key":"","secret":"","callbackUrl":"http://127.0.0.1:1337/api/auth/facebook/callback","scope":["email"]},"google":{"icon":"google","enabled":false,"key":"","secret":"","callbackUrl":"http://127.0.0.1:1337/api/auth/google/callback","scope":["email"]},"github":{"icon":"github","enabled":false,"key":"","secret":"","callbackUrl":"http://127.0.0.1:1337/api/auth/github/callback","scope":["user","user:email"]},"microsoft":{"icon":"windows","enabled":false,"key":"","secret":"","callbackUrl":"http://127.0.0.1:1337/api/auth/microsoft/callback","scope":["user.read"]},"twitter":{"icon":"twitter","enabled":false,"key":"","secret":"","callbackUrl":"http://127.0.0.1:1337/api/auth/twitter/callback"},"instagram":{"icon":"instagram","enabled":false,"key":"","secret":"","callbackUrl":"http://127.0.0.1:1337/api/auth/instagram/callback","scope":["user_profile"]},"vk":{"icon":"vk","enabled":false,"key":"","secret":"","callbackUrl":"http://127.0.0.1:1337/api/auth/vk/callback","scope":["email"]},"twitch":{"icon":"twitch","enabled":false,"key":"","secret":"","callbackUrl":"http://127.0.0.1:1337/api/auth/twitch/callback","scope":["user:read:email"]},"linkedin":{"icon":"linkedin","enabled":false,"key":"","secret":"","callbackUrl":"http://127.0.0.1:1337/api/auth/linkedin/callback","scope":["r_liteprofile","r_emailaddress"]},"cognito":{"icon":"aws","enabled":false,"key":"","secret":"","subdomain":"my.subdomain.com","callback":"http://127.0.0.1:1337/api/auth/cognito/callback","scope":["email","openid","profile"]},"reddit":{"icon":"reddit","enabled":false,"key":"","secret":"","callback":"http://127.0.0.1:1337/api/auth/reddit/callback","scope":["identity"]},"auth0":{"icon":"","enabled":false,"key":"","secret":"","subdomain":"my-tenant.eu","callback":"http://127.0.0.1:1337/api/auth/auth0/callback","scope":["openid","email","profile"]},"cas":{"icon":"book","enabled":false,"key":"","secret":"","callback":"http://127.0.0.1:1337/api/auth/cas/callback","scope":["openid email"],"subdomain":"my.subdomain.com/cas"},"patreon":{"icon":"","enabled":false,"key":"","secret":"","callback":"http://127.0.0.1:1337/api/auth/patreon/callback","scope":["identity","identity[email]"]},"keycloak":{"icon":"","enabled":false,"key":"","secret":"","subdomain":"myKeycloakProvider.com/realms/myrealm","callback":"http://127.0.0.1:1337/api/auth/keycloak/callback","scope":["openid","email","profile"]}}	object	\N	\N
36	plugin_users-permissions_email	{"reset_password":{"display":"Email.template.reset_password","icon":"sync","options":{"from":{"name":"Administration Panel","email":"no-reply@strapi.io"},"response_email":"","object":"Reset password","message":"<p>We heard that you lost your password. Sorry about that!</p>\\n\\n<p>But dont worry! You can use the following link to reset your password:</p>\\n<p><%= URL %>?code=<%= TOKEN %></p>\\n\\n<p>Thanks.</p>"}},"email_confirmation":{"display":"Email.template.email_confirmation","icon":"check-square","options":{"from":{"name":"Administration Panel","email":"no-reply@strapi.io"},"response_email":"","object":"Account confirmation","message":"<p>Thank you for registering!</p>\\n\\n<p>You have to confirm your email address. Please click on the link below.</p>\\n\\n<p><%= URL %>?confirmation=<%= CODE %></p>\\n\\n<p>Thanks.</p>"}}}	object	\N	\N
37	plugin_users-permissions_advanced	{"unique_email":true,"allow_register":true,"email_confirmation":false,"email_reset_password":null,"email_confirmation_redirection":null,"default_role":"authenticated"}	object	\N	\N
4	plugin_content_manager_configuration_components::shared.rich-text	{"settings":{"bulkable":true,"filterable":true,"searchable":true,"pageSize":10,"mainField":"documentId","defaultSortBy":"documentId","defaultSortOrder":"ASC"},"metadatas":{"id":{"edit":{},"list":{"label":"id","searchable":false,"sortable":false}},"body":{"edit":{"label":"body","description":"","placeholder":"","visible":true,"editable":true},"list":{"label":"body","searchable":false,"sortable":false}},"documentId":{"edit":{},"list":{"label":"documentId","searchable":true,"sortable":true}}},"layouts":{"list":["id"],"edit":[[{"name":"body","size":12}]]},"uid":"shared.rich-text","isComponent":true}	object	\N	\N
3	plugin_content_manager_configuration_components::shared.slider	{"settings":{"bulkable":true,"filterable":true,"searchable":true,"pageSize":10,"mainField":"documentId","defaultSortBy":"documentId","defaultSortOrder":"ASC"},"metadatas":{"id":{"edit":{},"list":{"label":"id","searchable":false,"sortable":false}},"files":{"edit":{"label":"files","description":"","placeholder":"","visible":true,"editable":true},"list":{"label":"files","searchable":false,"sortable":false}},"documentId":{"edit":{},"list":{"label":"documentId","searchable":true,"sortable":true}}},"layouts":{"list":["id","files"],"edit":[[{"name":"files","size":6}]]},"uid":"shared.slider","isComponent":true}	object	\N	\N
7	plugin_content_manager_configuration_components::shared.quote	{"settings":{"bulkable":true,"filterable":true,"searchable":true,"pageSize":10,"mainField":"title","defaultSortBy":"title","defaultSortOrder":"ASC"},"metadatas":{"id":{"edit":{},"list":{"label":"id","searchable":false,"sortable":false}},"title":{"edit":{"label":"title","description":"","placeholder":"","visible":true,"editable":true},"list":{"label":"title","searchable":true,"sortable":true}},"body":{"edit":{"label":"body","description":"","placeholder":"","visible":true,"editable":true},"list":{"label":"body","searchable":true,"sortable":true}},"documentId":{"edit":{},"list":{"label":"documentId","searchable":true,"sortable":true}}},"layouts":{"list":["id","title","body"],"edit":[[{"name":"title","size":6},{"name":"body","size":6}]]},"uid":"shared.quote","isComponent":true}	object	\N	\N
5	plugin_content_manager_configuration_components::shared.seo	{"settings":{"bulkable":true,"filterable":true,"searchable":true,"pageSize":10,"mainField":"metaTitle","defaultSortBy":"metaTitle","defaultSortOrder":"ASC"},"metadatas":{"id":{"edit":{},"list":{"label":"id","searchable":false,"sortable":false}},"metaTitle":{"edit":{"label":"metaTitle","description":"","placeholder":"","visible":true,"editable":true},"list":{"label":"metaTitle","searchable":true,"sortable":true}},"metaDescription":{"edit":{"label":"metaDescription","description":"","placeholder":"","visible":true,"editable":true},"list":{"label":"metaDescription","searchable":true,"sortable":true}},"shareImage":{"edit":{"label":"shareImage","description":"","placeholder":"","visible":true,"editable":true},"list":{"label":"shareImage","searchable":false,"sortable":false}},"documentId":{"edit":{},"list":{"label":"documentId","searchable":true,"sortable":true}}},"layouts":{"list":["id","metaTitle","metaDescription","shareImage"],"edit":[[{"name":"metaTitle","size":6},{"name":"metaDescription","size":6}],[{"name":"shareImage","size":6}]]},"uid":"shared.seo","isComponent":true}	object	\N	\N
6	plugin_content_manager_configuration_components::shared.media	{"settings":{"bulkable":true,"filterable":true,"searchable":true,"pageSize":10,"mainField":"documentId","defaultSortBy":"documentId","defaultSortOrder":"ASC"},"metadatas":{"id":{"edit":{},"list":{"label":"id","searchable":false,"sortable":false}},"file":{"edit":{"label":"file","description":"","placeholder":"","visible":true,"editable":true},"list":{"label":"file","searchable":false,"sortable":false}},"documentId":{"edit":{},"list":{"label":"documentId","searchable":true,"sortable":true}}},"layouts":{"list":["id","file"],"edit":[[{"name":"file","size":6}]]},"uid":"shared.media","isComponent":true}	object	\N	\N
39	plugin_content_manager_configuration_content_types::api::project.project	{"settings":{"bulkable":true,"filterable":true,"searchable":true,"pageSize":10,"mainField":"name","defaultSortBy":"name","defaultSortOrder":"ASC"},"metadatas":{"id":{"edit":{},"list":{"label":"id","searchable":true,"sortable":true}},"name":{"edit":{"label":"name","description":"","placeholder":"","visible":true,"editable":true},"list":{"label":"name","searchable":true,"sortable":true}},"slug":{"edit":{"label":"slug","description":"","placeholder":"","visible":true,"editable":true},"list":{"label":"slug","searchable":true,"sortable":true}},"shortDescription":{"edit":{"label":"shortDescription","description":"","placeholder":"","visible":true,"editable":true},"list":{"label":"shortDescription","searchable":true,"sortable":true}},"description":{"edit":{"label":"description","description":"","placeholder":"","visible":true,"editable":true},"list":{"label":"description","searchable":false,"sortable":false}},"projectStatus":{"edit":{"label":"projectStatus","description":"","placeholder":"","visible":true,"editable":true},"list":{"label":"projectStatus","searchable":true,"sortable":true}},"location":{"edit":{"label":"location","description":"","placeholder":"","visible":true,"editable":true},"list":{"label":"location","searchable":true,"sortable":true}},"coverImage":{"edit":{"label":"coverImage","description":"","placeholder":"","visible":true,"editable":true},"list":{"label":"coverImage","searchable":false,"sortable":false}},"gallery":{"edit":{"label":"gallery","description":"","placeholder":"","visible":true,"editable":true},"list":{"label":"gallery","searchable":false,"sortable":false}},"mapImage":{"edit":{"label":"mapImage","description":"","placeholder":"","visible":true,"editable":true},"list":{"label":"mapImage","searchable":false,"sortable":false}},"features":{"edit":{"label":"features","description":"","placeholder":"","visible":true,"editable":true,"mainField":"label"},"list":{"label":"features","searchable":false,"sortable":false}},"timings":{"edit":{"label":"timings","description":"","placeholder":"","visible":true,"editable":true,"mainField":"documentId"},"list":{"label":"timings","searchable":false,"sortable":false}},"typologies":{"edit":{"label":"typologies","description":"","placeholder":"","visible":true,"editable":true,"mainField":"code"},"list":{"label":"typologies","searchable":false,"sortable":false}},"createdAt":{"edit":{"label":"createdAt","description":"","placeholder":"","visible":false,"editable":true},"list":{"label":"createdAt","searchable":true,"sortable":true}},"updatedAt":{"edit":{"label":"updatedAt","description":"","placeholder":"","visible":false,"editable":true},"list":{"label":"updatedAt","searchable":true,"sortable":true}},"createdBy":{"edit":{"label":"createdBy","description":"","placeholder":"","visible":false,"editable":true,"mainField":"firstname"},"list":{"label":"createdBy","searchable":true,"sortable":true}},"updatedBy":{"edit":{"label":"updatedBy","description":"","placeholder":"","visible":false,"editable":true,"mainField":"firstname"},"list":{"label":"updatedBy","searchable":true,"sortable":true}},"documentId":{"edit":{},"list":{"label":"documentId","searchable":true,"sortable":true}}},"layouts":{"list":["id","slug","projectStatus","name"],"edit":[[{"name":"slug","size":6}],[{"name":"projectStatus","size":6},{"name":"location","size":6}],[{"name":"shortDescription","size":6}],[{"name":"description","size":12}],[{"name":"name","size":6},{"name":"coverImage","size":6}],[{"name":"gallery","size":6},{"name":"mapImage","size":6}],[{"name":"features","size":6},{"name":"timings","size":6}],[{"name":"typologies","size":6}]]},"uid":"api::project.project"}	object	\N	\N
2	strapi_content_types_schema	{"plugin::upload.file":{"collectionName":"files","info":{"singularName":"file","pluralName":"files","displayName":"File","description":""},"options":{"draftAndPublish":false},"pluginOptions":{"content-manager":{"visible":false},"content-type-builder":{"visible":false}},"attributes":{"name":{"type":"string","configurable":false,"required":true},"alternativeText":{"type":"text","configurable":false},"caption":{"type":"text","configurable":false},"width":{"type":"integer","configurable":false},"height":{"type":"integer","configurable":false},"formats":{"type":"json","configurable":false},"hash":{"type":"string","configurable":false,"required":true},"ext":{"type":"string","configurable":false},"mime":{"type":"string","configurable":false,"required":true},"size":{"type":"decimal","configurable":false,"required":true},"url":{"type":"text","configurable":false,"required":true},"previewUrl":{"type":"text","configurable":false},"provider":{"type":"string","configurable":false,"required":true},"provider_metadata":{"type":"json","configurable":false},"related":{"type":"relation","relation":"morphToMany","configurable":false},"folder":{"type":"relation","relation":"manyToOne","target":"plugin::upload.folder","inversedBy":"files","private":true},"folderPath":{"type":"string","minLength":1,"required":true,"private":true,"searchable":false},"createdAt":{"type":"datetime"},"updatedAt":{"type":"datetime"},"publishedAt":{"type":"datetime","configurable":false,"writable":true,"visible":false},"createdBy":{"type":"relation","relation":"oneToOne","target":"admin::user","configurable":false,"writable":false,"visible":false,"useJoinTable":false,"private":true},"updatedBy":{"type":"relation","relation":"oneToOne","target":"admin::user","configurable":false,"writable":false,"visible":false,"useJoinTable":false,"private":true},"locale":{"writable":true,"private":true,"configurable":false,"visible":false,"type":"string"},"localizations":{"type":"relation","relation":"oneToMany","target":"plugin::upload.file","writable":false,"private":true,"configurable":false,"visible":false,"unstable_virtual":true,"joinColumn":{"name":"document_id","referencedColumn":"document_id","referencedTable":"files"}}},"indexes":[{"name":"upload_files_folder_path_index","columns":["folder_path"],"type":null},{"name":"upload_files_created_at_index","columns":["created_at"],"type":null},{"name":"upload_files_updated_at_index","columns":["updated_at"],"type":null},{"name":"upload_files_name_index","columns":["name"],"type":null},{"name":"upload_files_size_index","columns":["size"],"type":null},{"name":"upload_files_ext_index","columns":["ext"],"type":null}],"plugin":"upload","globalId":"UploadFile","uid":"plugin::upload.file","modelType":"contentType","kind":"collectionType","__schema__":{"collectionName":"files","info":{"singularName":"file","pluralName":"files","displayName":"File","description":""},"options":{},"pluginOptions":{"content-manager":{"visible":false},"content-type-builder":{"visible":false}},"attributes":{"name":{"type":"string","configurable":false,"required":true},"alternativeText":{"type":"text","configurable":false},"caption":{"type":"text","configurable":false},"width":{"type":"integer","configurable":false},"height":{"type":"integer","configurable":false},"formats":{"type":"json","configurable":false},"hash":{"type":"string","configurable":false,"required":true},"ext":{"type":"string","configurable":false},"mime":{"type":"string","configurable":false,"required":true},"size":{"type":"decimal","configurable":false,"required":true},"url":{"type":"text","configurable":false,"required":true},"previewUrl":{"type":"text","configurable":false},"provider":{"type":"string","configurable":false,"required":true},"provider_metadata":{"type":"json","configurable":false},"related":{"type":"relation","relation":"morphToMany","configurable":false},"folder":{"type":"relation","relation":"manyToOne","target":"plugin::upload.folder","inversedBy":"files","private":true},"folderPath":{"type":"string","minLength":1,"required":true,"private":true,"searchable":false}},"kind":"collectionType"},"modelName":"file"},"plugin::upload.folder":{"collectionName":"upload_folders","info":{"singularName":"folder","pluralName":"folders","displayName":"Folder"},"options":{"draftAndPublish":false},"pluginOptions":{"content-manager":{"visible":false},"content-type-builder":{"visible":false}},"attributes":{"name":{"type":"string","minLength":1,"required":true},"pathId":{"type":"integer","unique":true,"required":true},"parent":{"type":"relation","relation":"manyToOne","target":"plugin::upload.folder","inversedBy":"children"},"children":{"type":"relation","relation":"oneToMany","target":"plugin::upload.folder","mappedBy":"parent"},"files":{"type":"relation","relation":"oneToMany","target":"plugin::upload.file","mappedBy":"folder"},"path":{"type":"string","minLength":1,"required":true},"createdAt":{"type":"datetime"},"updatedAt":{"type":"datetime"},"publishedAt":{"type":"datetime","configurable":false,"writable":true,"visible":false},"createdBy":{"type":"relation","relation":"oneToOne","target":"admin::user","configurable":false,"writable":false,"visible":false,"useJoinTable":false,"private":true},"updatedBy":{"type":"relation","relation":"oneToOne","target":"admin::user","configurable":false,"writable":false,"visible":false,"useJoinTable":false,"private":true},"locale":{"writable":true,"private":true,"configurable":false,"visible":false,"type":"string"},"localizations":{"type":"relation","relation":"oneToMany","target":"plugin::upload.folder","writable":false,"private":true,"configurable":false,"visible":false,"unstable_virtual":true,"joinColumn":{"name":"document_id","referencedColumn":"document_id","referencedTable":"upload_folders"}}},"indexes":[{"name":"upload_folders_path_id_index","columns":["path_id"],"type":"unique"},{"name":"upload_folders_path_index","columns":["path"],"type":"unique"}],"plugin":"upload","globalId":"UploadFolder","uid":"plugin::upload.folder","modelType":"contentType","kind":"collectionType","__schema__":{"collectionName":"upload_folders","info":{"singularName":"folder","pluralName":"folders","displayName":"Folder"},"options":{},"pluginOptions":{"content-manager":{"visible":false},"content-type-builder":{"visible":false}},"attributes":{"name":{"type":"string","minLength":1,"required":true},"pathId":{"type":"integer","unique":true,"required":true},"parent":{"type":"relation","relation":"manyToOne","target":"plugin::upload.folder","inversedBy":"children"},"children":{"type":"relation","relation":"oneToMany","target":"plugin::upload.folder","mappedBy":"parent"},"files":{"type":"relation","relation":"oneToMany","target":"plugin::upload.file","mappedBy":"folder"},"path":{"type":"string","minLength":1,"required":true}},"kind":"collectionType"},"modelName":"folder"},"plugin::i18n.locale":{"info":{"singularName":"locale","pluralName":"locales","collectionName":"locales","displayName":"Locale","description":""},"options":{"draftAndPublish":false},"pluginOptions":{"content-manager":{"visible":false},"content-type-builder":{"visible":false}},"attributes":{"name":{"type":"string","min":1,"max":50,"configurable":false},"code":{"type":"string","unique":true,"configurable":false},"createdAt":{"type":"datetime"},"updatedAt":{"type":"datetime"},"publishedAt":{"type":"datetime","configurable":false,"writable":true,"visible":false},"createdBy":{"type":"relation","relation":"oneToOne","target":"admin::user","configurable":false,"writable":false,"visible":false,"useJoinTable":false,"private":true},"updatedBy":{"type":"relation","relation":"oneToOne","target":"admin::user","configurable":false,"writable":false,"visible":false,"useJoinTable":false,"private":true},"locale":{"writable":true,"private":true,"configurable":false,"visible":false,"type":"string"},"localizations":{"type":"relation","relation":"oneToMany","target":"plugin::i18n.locale","writable":false,"private":true,"configurable":false,"visible":false,"unstable_virtual":true,"joinColumn":{"name":"document_id","referencedColumn":"document_id","referencedTable":"i18n_locale"}}},"plugin":"i18n","collectionName":"i18n_locale","globalId":"I18NLocale","uid":"plugin::i18n.locale","modelType":"contentType","kind":"collectionType","__schema__":{"collectionName":"i18n_locale","info":{"singularName":"locale","pluralName":"locales","collectionName":"locales","displayName":"Locale","description":""},"options":{},"pluginOptions":{"content-manager":{"visible":false},"content-type-builder":{"visible":false}},"attributes":{"name":{"type":"string","min":1,"max":50,"configurable":false},"code":{"type":"string","unique":true,"configurable":false}},"kind":"collectionType"},"modelName":"locale"},"plugin::content-releases.release":{"collectionName":"strapi_releases","info":{"singularName":"release","pluralName":"releases","displayName":"Release"},"options":{"draftAndPublish":false},"pluginOptions":{"content-manager":{"visible":false},"content-type-builder":{"visible":false}},"attributes":{"name":{"type":"string","required":true},"releasedAt":{"type":"datetime"},"scheduledAt":{"type":"datetime"},"timezone":{"type":"string"},"status":{"type":"enumeration","enum":["ready","blocked","failed","done","empty"],"required":true},"actions":{"type":"relation","relation":"oneToMany","target":"plugin::content-releases.release-action","mappedBy":"release"},"createdAt":{"type":"datetime"},"updatedAt":{"type":"datetime"},"publishedAt":{"type":"datetime","configurable":false,"writable":true,"visible":false},"createdBy":{"type":"relation","relation":"oneToOne","target":"admin::user","configurable":false,"writable":false,"visible":false,"useJoinTable":false,"private":true},"updatedBy":{"type":"relation","relation":"oneToOne","target":"admin::user","configurable":false,"writable":false,"visible":false,"useJoinTable":false,"private":true},"locale":{"writable":true,"private":true,"configurable":false,"visible":false,"type":"string"},"localizations":{"type":"relation","relation":"oneToMany","target":"plugin::content-releases.release","writable":false,"private":true,"configurable":false,"visible":false,"unstable_virtual":true,"joinColumn":{"name":"document_id","referencedColumn":"document_id","referencedTable":"strapi_releases"}}},"plugin":"content-releases","globalId":"ContentReleasesRelease","uid":"plugin::content-releases.release","modelType":"contentType","kind":"collectionType","__schema__":{"collectionName":"strapi_releases","info":{"singularName":"release","pluralName":"releases","displayName":"Release"},"options":{"draftAndPublish":false},"pluginOptions":{"content-manager":{"visible":false},"content-type-builder":{"visible":false}},"attributes":{"name":{"type":"string","required":true},"releasedAt":{"type":"datetime"},"scheduledAt":{"type":"datetime"},"timezone":{"type":"string"},"status":{"type":"enumeration","enum":["ready","blocked","failed","done","empty"],"required":true},"actions":{"type":"relation","relation":"oneToMany","target":"plugin::content-releases.release-action","mappedBy":"release"}},"kind":"collectionType"},"modelName":"release"},"plugin::content-releases.release-action":{"collectionName":"strapi_release_actions","info":{"singularName":"release-action","pluralName":"release-actions","displayName":"Release Action"},"options":{"draftAndPublish":false},"pluginOptions":{"content-manager":{"visible":false},"content-type-builder":{"visible":false}},"attributes":{"type":{"type":"enumeration","enum":["publish","unpublish"],"required":true},"contentType":{"type":"string","required":true},"entryDocumentId":{"type":"string"},"locale":{"writable":true,"private":true,"configurable":false,"visible":false,"type":"string"},"release":{"type":"relation","relation":"manyToOne","target":"plugin::content-releases.release","inversedBy":"actions"},"isEntryValid":{"type":"boolean"},"createdAt":{"type":"datetime"},"updatedAt":{"type":"datetime"},"publishedAt":{"type":"datetime","configurable":false,"writable":true,"visible":false},"createdBy":{"type":"relation","relation":"oneToOne","target":"admin::user","configurable":false,"writable":false,"visible":false,"useJoinTable":false,"private":true},"updatedBy":{"type":"relation","relation":"oneToOne","target":"admin::user","configurable":false,"writable":false,"visible":false,"useJoinTable":false,"private":true},"localizations":{"type":"relation","relation":"oneToMany","target":"plugin::content-releases.release-action","writable":false,"private":true,"configurable":false,"visible":false,"unstable_virtual":true,"joinColumn":{"name":"document_id","referencedColumn":"document_id","referencedTable":"strapi_release_actions"}}},"plugin":"content-releases","globalId":"ContentReleasesReleaseAction","uid":"plugin::content-releases.release-action","modelType":"contentType","kind":"collectionType","__schema__":{"collectionName":"strapi_release_actions","info":{"singularName":"release-action","pluralName":"release-actions","displayName":"Release Action"},"options":{"draftAndPublish":false},"pluginOptions":{"content-manager":{"visible":false},"content-type-builder":{"visible":false}},"attributes":{"type":{"type":"enumeration","enum":["publish","unpublish"],"required":true},"contentType":{"type":"string","required":true},"entryDocumentId":{"type":"string"},"locale":{"type":"string"},"release":{"type":"relation","relation":"manyToOne","target":"plugin::content-releases.release","inversedBy":"actions"},"isEntryValid":{"type":"boolean"}},"kind":"collectionType"},"modelName":"release-action"},"plugin::review-workflows.workflow":{"collectionName":"strapi_workflows","info":{"name":"Workflow","description":"","singularName":"workflow","pluralName":"workflows","displayName":"Workflow"},"options":{"draftAndPublish":false},"pluginOptions":{"content-manager":{"visible":false},"content-type-builder":{"visible":false}},"attributes":{"name":{"type":"string","required":true,"unique":true},"stages":{"type":"relation","target":"plugin::review-workflows.workflow-stage","relation":"oneToMany","mappedBy":"workflow"},"stageRequiredToPublish":{"type":"relation","target":"plugin::review-workflows.workflow-stage","relation":"oneToOne","required":false},"contentTypes":{"type":"json","required":true,"default":"[]"},"createdAt":{"type":"datetime"},"updatedAt":{"type":"datetime"},"publishedAt":{"type":"datetime","configurable":false,"writable":true,"visible":false},"createdBy":{"type":"relation","relation":"oneToOne","target":"admin::user","configurable":false,"writable":false,"visible":false,"useJoinTable":false,"private":true},"updatedBy":{"type":"relation","relation":"oneToOne","target":"admin::user","configurable":false,"writable":false,"visible":false,"useJoinTable":false,"private":true},"locale":{"writable":true,"private":true,"configurable":false,"visible":false,"type":"string"},"localizations":{"type":"relation","relation":"oneToMany","target":"plugin::review-workflows.workflow","writable":false,"private":true,"configurable":false,"visible":false,"unstable_virtual":true,"joinColumn":{"name":"document_id","referencedColumn":"document_id","referencedTable":"strapi_workflows"}}},"plugin":"review-workflows","globalId":"ReviewWorkflowsWorkflow","uid":"plugin::review-workflows.workflow","modelType":"contentType","kind":"collectionType","__schema__":{"collectionName":"strapi_workflows","info":{"name":"Workflow","description":"","singularName":"workflow","pluralName":"workflows","displayName":"Workflow"},"options":{},"pluginOptions":{"content-manager":{"visible":false},"content-type-builder":{"visible":false}},"attributes":{"name":{"type":"string","required":true,"unique":true},"stages":{"type":"relation","target":"plugin::review-workflows.workflow-stage","relation":"oneToMany","mappedBy":"workflow"},"stageRequiredToPublish":{"type":"relation","target":"plugin::review-workflows.workflow-stage","relation":"oneToOne","required":false},"contentTypes":{"type":"json","required":true,"default":"[]"}},"kind":"collectionType"},"modelName":"workflow"},"plugin::review-workflows.workflow-stage":{"collectionName":"strapi_workflows_stages","info":{"name":"Workflow Stage","description":"","singularName":"workflow-stage","pluralName":"workflow-stages","displayName":"Stages"},"options":{"version":"1.1.0","draftAndPublish":false},"pluginOptions":{"content-manager":{"visible":false},"content-type-builder":{"visible":false}},"attributes":{"name":{"type":"string","configurable":false},"color":{"type":"string","configurable":false,"default":"#4945FF"},"workflow":{"type":"relation","target":"plugin::review-workflows.workflow","relation":"manyToOne","inversedBy":"stages","configurable":false},"permissions":{"type":"relation","target":"admin::permission","relation":"manyToMany","configurable":false},"createdAt":{"type":"datetime"},"updatedAt":{"type":"datetime"},"publishedAt":{"type":"datetime","configurable":false,"writable":true,"visible":false},"createdBy":{"type":"relation","relation":"oneToOne","target":"admin::user","configurable":false,"writable":false,"visible":false,"useJoinTable":false,"private":true},"updatedBy":{"type":"relation","relation":"oneToOne","target":"admin::user","configurable":false,"writable":false,"visible":false,"useJoinTable":false,"private":true},"locale":{"writable":true,"private":true,"configurable":false,"visible":false,"type":"string"},"localizations":{"type":"relation","relation":"oneToMany","target":"plugin::review-workflows.workflow-stage","writable":false,"private":true,"configurable":false,"visible":false,"unstable_virtual":true,"joinColumn":{"name":"document_id","referencedColumn":"document_id","referencedTable":"strapi_workflows_stages"}}},"plugin":"review-workflows","globalId":"ReviewWorkflowsWorkflowStage","uid":"plugin::review-workflows.workflow-stage","modelType":"contentType","kind":"collectionType","__schema__":{"collectionName":"strapi_workflows_stages","info":{"name":"Workflow Stage","description":"","singularName":"workflow-stage","pluralName":"workflow-stages","displayName":"Stages"},"options":{"version":"1.1.0"},"pluginOptions":{"content-manager":{"visible":false},"content-type-builder":{"visible":false}},"attributes":{"name":{"type":"string","configurable":false},"color":{"type":"string","configurable":false,"default":"#4945FF"},"workflow":{"type":"relation","target":"plugin::review-workflows.workflow","relation":"manyToOne","inversedBy":"stages","configurable":false},"permissions":{"type":"relation","target":"admin::permission","relation":"manyToMany","configurable":false}},"kind":"collectionType"},"modelName":"workflow-stage"},"plugin::users-permissions.permission":{"collectionName":"up_permissions","info":{"name":"permission","description":"","singularName":"permission","pluralName":"permissions","displayName":"Permission"},"pluginOptions":{"content-manager":{"visible":false},"content-type-builder":{"visible":false}},"attributes":{"action":{"type":"string","required":true,"configurable":false},"role":{"type":"relation","relation":"manyToOne","target":"plugin::users-permissions.role","inversedBy":"permissions","configurable":false},"createdAt":{"type":"datetime"},"updatedAt":{"type":"datetime"},"publishedAt":{"type":"datetime","configurable":false,"writable":true,"visible":false},"createdBy":{"type":"relation","relation":"oneToOne","target":"admin::user","configurable":false,"writable":false,"visible":false,"useJoinTable":false,"private":true},"updatedBy":{"type":"relation","relation":"oneToOne","target":"admin::user","configurable":false,"writable":false,"visible":false,"useJoinTable":false,"private":true},"locale":{"writable":true,"private":true,"configurable":false,"visible":false,"type":"string"},"localizations":{"type":"relation","relation":"oneToMany","target":"plugin::users-permissions.permission","writable":false,"private":true,"configurable":false,"visible":false,"unstable_virtual":true,"joinColumn":{"name":"document_id","referencedColumn":"document_id","referencedTable":"up_permissions"}}},"plugin":"users-permissions","globalId":"UsersPermissionsPermission","uid":"plugin::users-permissions.permission","modelType":"contentType","kind":"collectionType","__schema__":{"collectionName":"up_permissions","info":{"name":"permission","description":"","singularName":"permission","pluralName":"permissions","displayName":"Permission"},"pluginOptions":{"content-manager":{"visible":false},"content-type-builder":{"visible":false}},"attributes":{"action":{"type":"string","required":true,"configurable":false},"role":{"type":"relation","relation":"manyToOne","target":"plugin::users-permissions.role","inversedBy":"permissions","configurable":false}},"kind":"collectionType"},"modelName":"permission","options":{"draftAndPublish":false}},"plugin::users-permissions.role":{"collectionName":"up_roles","info":{"name":"role","description":"","singularName":"role","pluralName":"roles","displayName":"Role"},"pluginOptions":{"content-manager":{"visible":false},"content-type-builder":{"visible":false}},"attributes":{"name":{"type":"string","minLength":3,"required":true,"configurable":false},"description":{"type":"string","configurable":false},"type":{"type":"string","unique":true,"configurable":false},"permissions":{"type":"relation","relation":"oneToMany","target":"plugin::users-permissions.permission","mappedBy":"role","configurable":false},"users":{"type":"relation","relation":"oneToMany","target":"plugin::users-permissions.user","mappedBy":"role","configurable":false},"createdAt":{"type":"datetime"},"updatedAt":{"type":"datetime"},"publishedAt":{"type":"datetime","configurable":false,"writable":true,"visible":false},"createdBy":{"type":"relation","relation":"oneToOne","target":"admin::user","configurable":false,"writable":false,"visible":false,"useJoinTable":false,"private":true},"updatedBy":{"type":"relation","relation":"oneToOne","target":"admin::user","configurable":false,"writable":false,"visible":false,"useJoinTable":false,"private":true},"locale":{"writable":true,"private":true,"configurable":false,"visible":false,"type":"string"},"localizations":{"type":"relation","relation":"oneToMany","target":"plugin::users-permissions.role","writable":false,"private":true,"configurable":false,"visible":false,"unstable_virtual":true,"joinColumn":{"name":"document_id","referencedColumn":"document_id","referencedTable":"up_roles"}}},"plugin":"users-permissions","globalId":"UsersPermissionsRole","uid":"plugin::users-permissions.role","modelType":"contentType","kind":"collectionType","__schema__":{"collectionName":"up_roles","info":{"name":"role","description":"","singularName":"role","pluralName":"roles","displayName":"Role"},"pluginOptions":{"content-manager":{"visible":false},"content-type-builder":{"visible":false}},"attributes":{"name":{"type":"string","minLength":3,"required":true,"configurable":false},"description":{"type":"string","configurable":false},"type":{"type":"string","unique":true,"configurable":false},"permissions":{"type":"relation","relation":"oneToMany","target":"plugin::users-permissions.permission","mappedBy":"role","configurable":false},"users":{"type":"relation","relation":"oneToMany","target":"plugin::users-permissions.user","mappedBy":"role","configurable":false}},"kind":"collectionType"},"modelName":"role","options":{"draftAndPublish":false}},"plugin::users-permissions.user":{"collectionName":"up_users","info":{"name":"user","description":"","singularName":"user","pluralName":"users","displayName":"User"},"options":{"timestamps":true,"draftAndPublish":false},"attributes":{"username":{"type":"string","minLength":3,"unique":true,"configurable":false,"required":true},"email":{"type":"email","minLength":6,"configurable":false,"required":true},"provider":{"type":"string","configurable":false},"password":{"type":"password","minLength":6,"configurable":false,"private":true,"searchable":false},"resetPasswordToken":{"type":"string","configurable":false,"private":true,"searchable":false},"confirmationToken":{"type":"string","configurable":false,"private":true,"searchable":false},"confirmed":{"type":"boolean","default":false,"configurable":false},"blocked":{"type":"boolean","default":false,"configurable":false},"role":{"type":"relation","relation":"manyToOne","target":"plugin::users-permissions.role","inversedBy":"users","configurable":false},"createdAt":{"type":"datetime"},"updatedAt":{"type":"datetime"},"publishedAt":{"type":"datetime","configurable":false,"writable":true,"visible":false},"createdBy":{"type":"relation","relation":"oneToOne","target":"admin::user","configurable":false,"writable":false,"visible":false,"useJoinTable":false,"private":true},"updatedBy":{"type":"relation","relation":"oneToOne","target":"admin::user","configurable":false,"writable":false,"visible":false,"useJoinTable":false,"private":true},"locale":{"writable":true,"private":true,"configurable":false,"visible":false,"type":"string"},"localizations":{"type":"relation","relation":"oneToMany","target":"plugin::users-permissions.user","writable":false,"private":true,"configurable":false,"visible":false,"unstable_virtual":true,"joinColumn":{"name":"document_id","referencedColumn":"document_id","referencedTable":"up_users"}}},"config":{"attributes":{"resetPasswordToken":{"hidden":true},"confirmationToken":{"hidden":true},"provider":{"hidden":true}}},"plugin":"users-permissions","globalId":"UsersPermissionsUser","uid":"plugin::users-permissions.user","modelType":"contentType","kind":"collectionType","__schema__":{"collectionName":"up_users","info":{"name":"user","description":"","singularName":"user","pluralName":"users","displayName":"User"},"options":{"timestamps":true},"attributes":{"username":{"type":"string","minLength":3,"unique":true,"configurable":false,"required":true},"email":{"type":"email","minLength":6,"configurable":false,"required":true},"provider":{"type":"string","configurable":false},"password":{"type":"password","minLength":6,"configurable":false,"private":true,"searchable":false},"resetPasswordToken":{"type":"string","configurable":false,"private":true,"searchable":false},"confirmationToken":{"type":"string","configurable":false,"private":true,"searchable":false},"confirmed":{"type":"boolean","default":false,"configurable":false},"blocked":{"type":"boolean","default":false,"configurable":false},"role":{"type":"relation","relation":"manyToOne","target":"plugin::users-permissions.role","inversedBy":"users","configurable":false}},"kind":"collectionType"},"modelName":"user"},"api::about.about":{"kind":"singleType","collectionName":"abouts","info":{"singularName":"about","pluralName":"abouts","displayName":"About","description":"Write about yourself and the content you create"},"options":{"draftAndPublish":false},"pluginOptions":{},"attributes":{"title":{"type":"string"},"blocks":{"type":"dynamiczone","components":["shared.media","shared.quote","shared.rich-text","shared.slider"]},"createdAt":{"type":"datetime"},"updatedAt":{"type":"datetime"},"publishedAt":{"type":"datetime","configurable":false,"writable":true,"visible":false},"createdBy":{"type":"relation","relation":"oneToOne","target":"admin::user","configurable":false,"writable":false,"visible":false,"useJoinTable":false,"private":true},"updatedBy":{"type":"relation","relation":"oneToOne","target":"admin::user","configurable":false,"writable":false,"visible":false,"useJoinTable":false,"private":true},"locale":{"writable":true,"private":true,"configurable":false,"visible":false,"type":"string"},"localizations":{"type":"relation","relation":"oneToMany","target":"api::about.about","writable":false,"private":true,"configurable":false,"visible":false,"unstable_virtual":true,"joinColumn":{"name":"document_id","referencedColumn":"document_id","referencedTable":"abouts"}}},"apiName":"about","globalId":"About","uid":"api::about.about","modelType":"contentType","__schema__":{"collectionName":"abouts","info":{"singularName":"about","pluralName":"abouts","displayName":"About","description":"Write about yourself and the content you create"},"options":{"draftAndPublish":false},"pluginOptions":{},"attributes":{"title":{"type":"string"},"blocks":{"type":"dynamiczone","components":["shared.media","shared.quote","shared.rich-text","shared.slider"]}},"kind":"singleType"},"modelName":"about","actions":{},"lifecycles":{}},"api::article.article":{"kind":"collectionType","collectionName":"articles","info":{"singularName":"article","pluralName":"articles","displayName":"Article","description":"Create your blog content"},"options":{"draftAndPublish":true},"pluginOptions":{},"attributes":{"title":{"type":"string"},"description":{"type":"text","maxLength":80},"slug":{"type":"uid","targetField":"title"},"cover":{"type":"media","multiple":false,"required":false,"allowedTypes":["images","files","videos"]},"author":{"type":"relation","relation":"manyToOne","target":"api::author.author","inversedBy":"articles"},"category":{"type":"relation","relation":"manyToOne","target":"api::category.category","inversedBy":"articles"},"blocks":{"type":"dynamiczone","components":["shared.media","shared.quote","shared.rich-text","shared.slider"]},"createdAt":{"type":"datetime"},"updatedAt":{"type":"datetime"},"publishedAt":{"type":"datetime","configurable":false,"writable":true,"visible":false},"createdBy":{"type":"relation","relation":"oneToOne","target":"admin::user","configurable":false,"writable":false,"visible":false,"useJoinTable":false,"private":true},"updatedBy":{"type":"relation","relation":"oneToOne","target":"admin::user","configurable":false,"writable":false,"visible":false,"useJoinTable":false,"private":true},"locale":{"writable":true,"private":true,"configurable":false,"visible":false,"type":"string"},"localizations":{"type":"relation","relation":"oneToMany","target":"api::article.article","writable":false,"private":true,"configurable":false,"visible":false,"unstable_virtual":true,"joinColumn":{"name":"document_id","referencedColumn":"document_id","referencedTable":"articles"}}},"apiName":"article","globalId":"Article","uid":"api::article.article","modelType":"contentType","__schema__":{"collectionName":"articles","info":{"singularName":"article","pluralName":"articles","displayName":"Article","description":"Create your blog content"},"options":{"draftAndPublish":true},"pluginOptions":{},"attributes":{"title":{"type":"string"},"description":{"type":"text","maxLength":80},"slug":{"type":"uid","targetField":"title"},"cover":{"type":"media","multiple":false,"required":false,"allowedTypes":["images","files","videos"]},"author":{"type":"relation","relation":"manyToOne","target":"api::author.author","inversedBy":"articles"},"category":{"type":"relation","relation":"manyToOne","target":"api::category.category","inversedBy":"articles"},"blocks":{"type":"dynamiczone","components":["shared.media","shared.quote","shared.rich-text","shared.slider"]}},"kind":"collectionType"},"modelName":"article","actions":{},"lifecycles":{}},"api::author.author":{"kind":"collectionType","collectionName":"authors","info":{"singularName":"author","pluralName":"authors","displayName":"Author","description":"Create authors for your content"},"options":{"draftAndPublish":false},"pluginOptions":{},"attributes":{"name":{"type":"string"},"avatar":{"type":"media","multiple":false,"required":false,"allowedTypes":["images","files","videos"]},"email":{"type":"string"},"articles":{"type":"relation","relation":"oneToMany","target":"api::article.article","mappedBy":"author"},"createdAt":{"type":"datetime"},"updatedAt":{"type":"datetime"},"publishedAt":{"type":"datetime","configurable":false,"writable":true,"visible":false},"createdBy":{"type":"relation","relation":"oneToOne","target":"admin::user","configurable":false,"writable":false,"visible":false,"useJoinTable":false,"private":true},"updatedBy":{"type":"relation","relation":"oneToOne","target":"admin::user","configurable":false,"writable":false,"visible":false,"useJoinTable":false,"private":true},"locale":{"writable":true,"private":true,"configurable":false,"visible":false,"type":"string"},"localizations":{"type":"relation","relation":"oneToMany","target":"api::author.author","writable":false,"private":true,"configurable":false,"visible":false,"unstable_virtual":true,"joinColumn":{"name":"document_id","referencedColumn":"document_id","referencedTable":"authors"}}},"apiName":"author","globalId":"Author","uid":"api::author.author","modelType":"contentType","__schema__":{"collectionName":"authors","info":{"singularName":"author","pluralName":"authors","displayName":"Author","description":"Create authors for your content"},"options":{"draftAndPublish":false},"pluginOptions":{},"attributes":{"name":{"type":"string"},"avatar":{"type":"media","multiple":false,"required":false,"allowedTypes":["images","files","videos"]},"email":{"type":"string"},"articles":{"type":"relation","relation":"oneToMany","target":"api::article.article","mappedBy":"author"}},"kind":"collectionType"},"modelName":"author","actions":{},"lifecycles":{}},"api::category.category":{"kind":"collectionType","collectionName":"categories","info":{"singularName":"category","pluralName":"categories","displayName":"Category","description":"Organize your content into categories"},"options":{"draftAndPublish":false},"pluginOptions":{},"attributes":{"name":{"type":"string"},"slug":{"type":"uid"},"articles":{"type":"relation","relation":"oneToMany","target":"api::article.article","mappedBy":"category"},"description":{"type":"text"},"createdAt":{"type":"datetime"},"updatedAt":{"type":"datetime"},"publishedAt":{"type":"datetime","configurable":false,"writable":true,"visible":false},"createdBy":{"type":"relation","relation":"oneToOne","target":"admin::user","configurable":false,"writable":false,"visible":false,"useJoinTable":false,"private":true},"updatedBy":{"type":"relation","relation":"oneToOne","target":"admin::user","configurable":false,"writable":false,"visible":false,"useJoinTable":false,"private":true},"locale":{"writable":true,"private":true,"configurable":false,"visible":false,"type":"string"},"localizations":{"type":"relation","relation":"oneToMany","target":"api::category.category","writable":false,"private":true,"configurable":false,"visible":false,"unstable_virtual":true,"joinColumn":{"name":"document_id","referencedColumn":"document_id","referencedTable":"categories"}}},"apiName":"category","globalId":"Category","uid":"api::category.category","modelType":"contentType","__schema__":{"collectionName":"categories","info":{"singularName":"category","pluralName":"categories","displayName":"Category","description":"Organize your content into categories"},"options":{"draftAndPublish":false},"pluginOptions":{},"attributes":{"name":{"type":"string"},"slug":{"type":"uid"},"articles":{"type":"relation","relation":"oneToMany","target":"api::article.article","mappedBy":"category"},"description":{"type":"text"}},"kind":"collectionType"},"modelName":"category","actions":{},"lifecycles":{}},"api::global.global":{"kind":"singleType","collectionName":"globals","info":{"singularName":"global","pluralName":"globals","displayName":"Global","description":"Define global settings"},"options":{"draftAndPublish":false},"pluginOptions":{},"attributes":{"siteName":{"type":"string","required":true},"favicon":{"type":"media","multiple":false,"required":false,"allowedTypes":["images","files","videos"]},"siteDescription":{"type":"text","required":true},"defaultSeo":{"type":"component","repeatable":false,"component":"shared.seo"},"createdAt":{"type":"datetime"},"updatedAt":{"type":"datetime"},"publishedAt":{"type":"datetime","configurable":false,"writable":true,"visible":false},"createdBy":{"type":"relation","relation":"oneToOne","target":"admin::user","configurable":false,"writable":false,"visible":false,"useJoinTable":false,"private":true},"updatedBy":{"type":"relation","relation":"oneToOne","target":"admin::user","configurable":false,"writable":false,"visible":false,"useJoinTable":false,"private":true},"locale":{"writable":true,"private":true,"configurable":false,"visible":false,"type":"string"},"localizations":{"type":"relation","relation":"oneToMany","target":"api::global.global","writable":false,"private":true,"configurable":false,"visible":false,"unstable_virtual":true,"joinColumn":{"name":"document_id","referencedColumn":"document_id","referencedTable":"globals"}}},"apiName":"global","globalId":"Global","uid":"api::global.global","modelType":"contentType","__schema__":{"collectionName":"globals","info":{"singularName":"global","pluralName":"globals","displayName":"Global","description":"Define global settings"},"options":{"draftAndPublish":false},"pluginOptions":{},"attributes":{"siteName":{"type":"string","required":true},"favicon":{"type":"media","multiple":false,"required":false,"allowedTypes":["images","files","videos"]},"siteDescription":{"type":"text","required":true},"defaultSeo":{"type":"component","repeatable":false,"component":"shared.seo"}},"kind":"singleType"},"modelName":"global","actions":{},"lifecycles":{}},"api::project.project":{"kind":"collectionType","collectionName":"projects","info":{"singularName":"project","pluralName":"projects","displayName":"Project"},"options":{"draftAndPublish":true},"attributes":{"name":{"type":"string","required":true},"slug":{"type":"uid","targetField":"name","required":true},"shortDescription":{"type":"text"},"description":{"type":"richtext"},"projectStatus":{"type":"enumeration","enum":["en_cours","livre","a_venir"],"default":"en_cours"},"location":{"type":"string"},"coverImage":{"type":"media","allowedTypes":["images"],"required":true},"gallery":{"type":"media","allowedTypes":["images"],"multiple":true},"mapImage":{"type":"media","allowedTypes":["images"]},"features":{"type":"relation","relation":"oneToMany","target":"api::project-feature.project-feature","mappedBy":"project"},"timings":{"type":"relation","relation":"oneToMany","target":"api::project-timing.project-timing","mappedBy":"project"},"typologies":{"type":"relation","relation":"oneToMany","target":"api::project-typologie.project-typologie","mappedBy":"project"},"createdAt":{"type":"datetime"},"updatedAt":{"type":"datetime"},"publishedAt":{"type":"datetime","configurable":false,"writable":true,"visible":false},"createdBy":{"type":"relation","relation":"oneToOne","target":"admin::user","configurable":false,"writable":false,"visible":false,"useJoinTable":false,"private":true},"updatedBy":{"type":"relation","relation":"oneToOne","target":"admin::user","configurable":false,"writable":false,"visible":false,"useJoinTable":false,"private":true},"locale":{"writable":true,"private":true,"configurable":false,"visible":false,"type":"string"},"localizations":{"type":"relation","relation":"oneToMany","target":"api::project.project","writable":false,"private":true,"configurable":false,"visible":false,"unstable_virtual":true,"joinColumn":{"name":"document_id","referencedColumn":"document_id","referencedTable":"projects"}}},"apiName":"project","globalId":"Project","uid":"api::project.project","modelType":"contentType","__schema__":{"collectionName":"projects","info":{"singularName":"project","pluralName":"projects","displayName":"Project"},"options":{"draftAndPublish":true},"attributes":{"name":{"type":"string","required":true},"slug":{"type":"uid","targetField":"name","required":true},"shortDescription":{"type":"text"},"description":{"type":"richtext"},"projectStatus":{"type":"enumeration","enum":["en_cours","livre","a_venir"],"default":"en_cours"},"location":{"type":"string"},"coverImage":{"type":"media","allowedTypes":["images"],"required":true},"gallery":{"type":"media","allowedTypes":["images"],"multiple":true},"mapImage":{"type":"media","allowedTypes":["images"]},"features":{"type":"relation","relation":"oneToMany","target":"api::project-feature.project-feature","mappedBy":"project"},"timings":{"type":"relation","relation":"oneToMany","target":"api::project-timing.project-timing","mappedBy":"project"},"typologies":{"type":"relation","relation":"oneToMany","target":"api::project-typologie.project-typologie","mappedBy":"project"}},"kind":"collectionType"},"modelName":"project","actions":{},"lifecycles":{}},"api::project-feature.project-feature":{"kind":"collectionType","collectionName":"project_features","info":{"singularName":"project-feature","pluralName":"project-features","displayName":"Project Feature"},"attributes":{"key":{"type":"enumeration","enum":["blocks","floors","elevator","security","parking"],"required":true},"label":{"type":"string","required":true},"value":{"type":"string"},"project":{"type":"relation","relation":"manyToOne","target":"api::project.project","inversedBy":"features"},"createdAt":{"type":"datetime"},"updatedAt":{"type":"datetime"},"publishedAt":{"type":"datetime","configurable":false,"writable":true,"visible":false},"createdBy":{"type":"relation","relation":"oneToOne","target":"admin::user","configurable":false,"writable":false,"visible":false,"useJoinTable":false,"private":true},"updatedBy":{"type":"relation","relation":"oneToOne","target":"admin::user","configurable":false,"writable":false,"visible":false,"useJoinTable":false,"private":true},"locale":{"writable":true,"private":true,"configurable":false,"visible":false,"type":"string"},"localizations":{"type":"relation","relation":"oneToMany","target":"api::project-feature.project-feature","writable":false,"private":true,"configurable":false,"visible":false,"unstable_virtual":true,"joinColumn":{"name":"document_id","referencedColumn":"document_id","referencedTable":"project_features"}}},"apiName":"project-feature","globalId":"ProjectFeature","uid":"api::project-feature.project-feature","modelType":"contentType","__schema__":{"collectionName":"project_features","info":{"singularName":"project-feature","pluralName":"project-features","displayName":"Project Feature"},"attributes":{"key":{"type":"enumeration","enum":["blocks","floors","elevator","security","parking"],"required":true},"label":{"type":"string","required":true},"value":{"type":"string"},"project":{"type":"relation","relation":"manyToOne","target":"api::project.project","inversedBy":"features"}},"kind":"collectionType"},"modelName":"project-feature","actions":{},"lifecycles":{},"options":{"draftAndPublish":false}},"api::project-timing.project-timing":{"kind":"collectionType","collectionName":"project_timings","info":{"singularName":"project-timing","pluralName":"project-timings","displayName":"Project Timing"},"attributes":{"type":{"type":"enumeration","enum":["sea","school","transport","airport"],"required":true},"minutes":{"type":"integer","required":true},"project":{"type":"relation","relation":"manyToOne","target":"api::project.project","inversedBy":"timings"},"createdAt":{"type":"datetime"},"updatedAt":{"type":"datetime"},"publishedAt":{"type":"datetime","configurable":false,"writable":true,"visible":false},"createdBy":{"type":"relation","relation":"oneToOne","target":"admin::user","configurable":false,"writable":false,"visible":false,"useJoinTable":false,"private":true},"updatedBy":{"type":"relation","relation":"oneToOne","target":"admin::user","configurable":false,"writable":false,"visible":false,"useJoinTable":false,"private":true},"locale":{"writable":true,"private":true,"configurable":false,"visible":false,"type":"string"},"localizations":{"type":"relation","relation":"oneToMany","target":"api::project-timing.project-timing","writable":false,"private":true,"configurable":false,"visible":false,"unstable_virtual":true,"joinColumn":{"name":"document_id","referencedColumn":"document_id","referencedTable":"project_timings"}}},"apiName":"project-timing","globalId":"ProjectTiming","uid":"api::project-timing.project-timing","modelType":"contentType","__schema__":{"collectionName":"project_timings","info":{"singularName":"project-timing","pluralName":"project-timings","displayName":"Project Timing"},"attributes":{"type":{"type":"enumeration","enum":["sea","school","transport","airport"],"required":true},"minutes":{"type":"integer","required":true},"project":{"type":"relation","relation":"manyToOne","target":"api::project.project","inversedBy":"timings"}},"kind":"collectionType"},"modelName":"project-timing","actions":{},"lifecycles":{},"options":{"draftAndPublish":false}},"api::project-typologie.project-typologie":{"kind":"collectionType","collectionName":"project_typologies","info":{"singularName":"project-typologie","pluralName":"project-typologies","displayName":"Project Typologie","description":"Apartment typologies for real estate projects"},"options":{"draftAndPublish":true},"attributes":{"code":{"type":"string","required":true},"surfaceMin":{"type":"integer","required":true},"surfaceMax":{"type":"integer","required":true},"priceFrom":{"type":"biginteger","required":true},"status":{"type":"enumeration","enum":["available","reserved","sold"],"default":"available"},"project":{"type":"relation","relation":"manyToOne","target":"api::project.project","inversedBy":"typologies"},"createdAt":{"type":"datetime"},"updatedAt":{"type":"datetime"},"publishedAt":{"type":"datetime","configurable":false,"writable":true,"visible":false},"createdBy":{"type":"relation","relation":"oneToOne","target":"admin::user","configurable":false,"writable":false,"visible":false,"useJoinTable":false,"private":true},"updatedBy":{"type":"relation","relation":"oneToOne","target":"admin::user","configurable":false,"writable":false,"visible":false,"useJoinTable":false,"private":true},"locale":{"writable":true,"private":true,"configurable":false,"visible":false,"type":"string"},"localizations":{"type":"relation","relation":"oneToMany","target":"api::project-typologie.project-typologie","writable":false,"private":true,"configurable":false,"visible":false,"unstable_virtual":true,"joinColumn":{"name":"document_id","referencedColumn":"document_id","referencedTable":"project_typologies"}}},"apiName":"project-typologie","globalId":"ProjectTypologie","uid":"api::project-typologie.project-typologie","modelType":"contentType","__schema__":{"collectionName":"project_typologies","info":{"singularName":"project-typologie","pluralName":"project-typologies","displayName":"Project Typologie","description":"Apartment typologies for real estate projects"},"options":{"draftAndPublish":true},"attributes":{"code":{"type":"string","required":true},"surfaceMin":{"type":"integer","required":true},"surfaceMax":{"type":"integer","required":true},"priceFrom":{"type":"biginteger","required":true},"status":{"type":"enumeration","enum":["available","reserved","sold"],"default":"available"},"project":{"type":"relation","relation":"manyToOne","target":"api::project.project","inversedBy":"typologies"}},"kind":"collectionType"},"modelName":"project-typologie","actions":{},"lifecycles":{}},"admin::permission":{"collectionName":"admin_permissions","info":{"name":"Permission","description":"","singularName":"permission","pluralName":"permissions","displayName":"Permission"},"options":{"draftAndPublish":false},"pluginOptions":{"content-manager":{"visible":false},"content-type-builder":{"visible":false}},"attributes":{"action":{"type":"string","minLength":1,"configurable":false,"required":true},"actionParameters":{"type":"json","configurable":false,"required":false,"default":{}},"subject":{"type":"string","minLength":1,"configurable":false,"required":false},"properties":{"type":"json","configurable":false,"required":false,"default":{}},"conditions":{"type":"json","configurable":false,"required":false,"default":[]},"role":{"configurable":false,"type":"relation","relation":"manyToOne","inversedBy":"permissions","target":"admin::role"},"createdAt":{"type":"datetime"},"updatedAt":{"type":"datetime"},"publishedAt":{"type":"datetime","configurable":false,"writable":true,"visible":false},"createdBy":{"type":"relation","relation":"oneToOne","target":"admin::user","configurable":false,"writable":false,"visible":false,"useJoinTable":false,"private":true},"updatedBy":{"type":"relation","relation":"oneToOne","target":"admin::user","configurable":false,"writable":false,"visible":false,"useJoinTable":false,"private":true},"locale":{"writable":true,"private":true,"configurable":false,"visible":false,"type":"string"},"localizations":{"type":"relation","relation":"oneToMany","target":"admin::permission","writable":false,"private":true,"configurable":false,"visible":false,"unstable_virtual":true,"joinColumn":{"name":"document_id","referencedColumn":"document_id","referencedTable":"admin_permissions"}}},"plugin":"admin","globalId":"AdminPermission","uid":"admin::permission","modelType":"contentType","kind":"collectionType","__schema__":{"collectionName":"admin_permissions","info":{"name":"Permission","description":"","singularName":"permission","pluralName":"permissions","displayName":"Permission"},"options":{},"pluginOptions":{"content-manager":{"visible":false},"content-type-builder":{"visible":false}},"attributes":{"action":{"type":"string","minLength":1,"configurable":false,"required":true},"actionParameters":{"type":"json","configurable":false,"required":false,"default":{}},"subject":{"type":"string","minLength":1,"configurable":false,"required":false},"properties":{"type":"json","configurable":false,"required":false,"default":{}},"conditions":{"type":"json","configurable":false,"required":false,"default":[]},"role":{"configurable":false,"type":"relation","relation":"manyToOne","inversedBy":"permissions","target":"admin::role"}},"kind":"collectionType"},"modelName":"permission"},"admin::user":{"collectionName":"admin_users","info":{"name":"User","description":"","singularName":"user","pluralName":"users","displayName":"User"},"pluginOptions":{"content-manager":{"visible":false},"content-type-builder":{"visible":false}},"attributes":{"firstname":{"type":"string","unique":false,"minLength":1,"configurable":false,"required":false},"lastname":{"type":"string","unique":false,"minLength":1,"configurable":false,"required":false},"username":{"type":"string","unique":false,"configurable":false,"required":false},"email":{"type":"email","minLength":6,"configurable":false,"required":true,"unique":true,"private":true},"password":{"type":"password","minLength":6,"configurable":false,"required":false,"private":true,"searchable":false},"resetPasswordToken":{"type":"string","configurable":false,"private":true,"searchable":false},"registrationToken":{"type":"string","configurable":false,"private":true,"searchable":false},"isActive":{"type":"boolean","default":false,"configurable":false,"private":true},"roles":{"configurable":false,"private":true,"type":"relation","relation":"manyToMany","inversedBy":"users","target":"admin::role","collectionName":"strapi_users_roles"},"blocked":{"type":"boolean","default":false,"configurable":false,"private":true},"preferedLanguage":{"type":"string","configurable":false,"required":false,"searchable":false},"createdAt":{"type":"datetime"},"updatedAt":{"type":"datetime"},"publishedAt":{"type":"datetime","configurable":false,"writable":true,"visible":false},"createdBy":{"type":"relation","relation":"oneToOne","target":"admin::user","configurable":false,"writable":false,"visible":false,"useJoinTable":false,"private":true},"updatedBy":{"type":"relation","relation":"oneToOne","target":"admin::user","configurable":false,"writable":false,"visible":false,"useJoinTable":false,"private":true},"locale":{"writable":true,"private":true,"configurable":false,"visible":false,"type":"string"},"localizations":{"type":"relation","relation":"oneToMany","target":"admin::user","writable":false,"private":true,"configurable":false,"visible":false,"unstable_virtual":true,"joinColumn":{"name":"document_id","referencedColumn":"document_id","referencedTable":"admin_users"}}},"config":{"attributes":{"resetPasswordToken":{"hidden":true},"registrationToken":{"hidden":true}}},"plugin":"admin","globalId":"AdminUser","uid":"admin::user","modelType":"contentType","kind":"collectionType","__schema__":{"collectionName":"admin_users","info":{"name":"User","description":"","singularName":"user","pluralName":"users","displayName":"User"},"pluginOptions":{"content-manager":{"visible":false},"content-type-builder":{"visible":false}},"attributes":{"firstname":{"type":"string","unique":false,"minLength":1,"configurable":false,"required":false},"lastname":{"type":"string","unique":false,"minLength":1,"configurable":false,"required":false},"username":{"type":"string","unique":false,"configurable":false,"required":false},"email":{"type":"email","minLength":6,"configurable":false,"required":true,"unique":true,"private":true},"password":{"type":"password","minLength":6,"configurable":false,"required":false,"private":true,"searchable":false},"resetPasswordToken":{"type":"string","configurable":false,"private":true,"searchable":false},"registrationToken":{"type":"string","configurable":false,"private":true,"searchable":false},"isActive":{"type":"boolean","default":false,"configurable":false,"private":true},"roles":{"configurable":false,"private":true,"type":"relation","relation":"manyToMany","inversedBy":"users","target":"admin::role","collectionName":"strapi_users_roles"},"blocked":{"type":"boolean","default":false,"configurable":false,"private":true},"preferedLanguage":{"type":"string","configurable":false,"required":false,"searchable":false}},"kind":"collectionType"},"modelName":"user","options":{"draftAndPublish":false}},"admin::role":{"collectionName":"admin_roles","info":{"name":"Role","description":"","singularName":"role","pluralName":"roles","displayName":"Role"},"options":{"draftAndPublish":false},"pluginOptions":{"content-manager":{"visible":false},"content-type-builder":{"visible":false}},"attributes":{"name":{"type":"string","minLength":1,"unique":true,"configurable":false,"required":true},"code":{"type":"string","minLength":1,"unique":true,"configurable":false,"required":true},"description":{"type":"string","configurable":false},"users":{"configurable":false,"type":"relation","relation":"manyToMany","mappedBy":"roles","target":"admin::user"},"permissions":{"configurable":false,"type":"relation","relation":"oneToMany","mappedBy":"role","target":"admin::permission"},"createdAt":{"type":"datetime"},"updatedAt":{"type":"datetime"},"publishedAt":{"type":"datetime","configurable":false,"writable":true,"visible":false},"createdBy":{"type":"relation","relation":"oneToOne","target":"admin::user","configurable":false,"writable":false,"visible":false,"useJoinTable":false,"private":true},"updatedBy":{"type":"relation","relation":"oneToOne","target":"admin::user","configurable":false,"writable":false,"visible":false,"useJoinTable":false,"private":true},"locale":{"writable":true,"private":true,"configurable":false,"visible":false,"type":"string"},"localizations":{"type":"relation","relation":"oneToMany","target":"admin::role","writable":false,"private":true,"configurable":false,"visible":false,"unstable_virtual":true,"joinColumn":{"name":"document_id","referencedColumn":"document_id","referencedTable":"admin_roles"}}},"plugin":"admin","globalId":"AdminRole","uid":"admin::role","modelType":"contentType","kind":"collectionType","__schema__":{"collectionName":"admin_roles","info":{"name":"Role","description":"","singularName":"role","pluralName":"roles","displayName":"Role"},"options":{},"pluginOptions":{"content-manager":{"visible":false},"content-type-builder":{"visible":false}},"attributes":{"name":{"type":"string","minLength":1,"unique":true,"configurable":false,"required":true},"code":{"type":"string","minLength":1,"unique":true,"configurable":false,"required":true},"description":{"type":"string","configurable":false},"users":{"configurable":false,"type":"relation","relation":"manyToMany","mappedBy":"roles","target":"admin::user"},"permissions":{"configurable":false,"type":"relation","relation":"oneToMany","mappedBy":"role","target":"admin::permission"}},"kind":"collectionType"},"modelName":"role"},"admin::api-token":{"collectionName":"strapi_api_tokens","info":{"name":"Api Token","singularName":"api-token","pluralName":"api-tokens","displayName":"Api Token","description":""},"options":{"draftAndPublish":false},"pluginOptions":{"content-manager":{"visible":false},"content-type-builder":{"visible":false}},"attributes":{"name":{"type":"string","minLength":1,"configurable":false,"required":true,"unique":true},"description":{"type":"string","minLength":1,"configurable":false,"required":false,"default":""},"type":{"type":"enumeration","enum":["read-only","full-access","custom"],"configurable":false,"required":true,"default":"read-only"},"accessKey":{"type":"string","minLength":1,"configurable":false,"required":true,"searchable":false},"encryptedKey":{"type":"text","minLength":1,"configurable":false,"required":false,"searchable":false},"lastUsedAt":{"type":"datetime","configurable":false,"required":false},"permissions":{"type":"relation","target":"admin::api-token-permission","relation":"oneToMany","mappedBy":"token","configurable":false,"required":false},"expiresAt":{"type":"datetime","configurable":false,"required":false},"lifespan":{"type":"biginteger","configurable":false,"required":false},"createdAt":{"type":"datetime"},"updatedAt":{"type":"datetime"},"publishedAt":{"type":"datetime","configurable":false,"writable":true,"visible":false},"createdBy":{"type":"relation","relation":"oneToOne","target":"admin::user","configurable":false,"writable":false,"visible":false,"useJoinTable":false,"private":true},"updatedBy":{"type":"relation","relation":"oneToOne","target":"admin::user","configurable":false,"writable":false,"visible":false,"useJoinTable":false,"private":true},"locale":{"writable":true,"private":true,"configurable":false,"visible":false,"type":"string"},"localizations":{"type":"relation","relation":"oneToMany","target":"admin::api-token","writable":false,"private":true,"configurable":false,"visible":false,"unstable_virtual":true,"joinColumn":{"name":"document_id","referencedColumn":"document_id","referencedTable":"strapi_api_tokens"}}},"plugin":"admin","globalId":"AdminApiToken","uid":"admin::api-token","modelType":"contentType","kind":"collectionType","__schema__":{"collectionName":"strapi_api_tokens","info":{"name":"Api Token","singularName":"api-token","pluralName":"api-tokens","displayName":"Api Token","description":""},"options":{},"pluginOptions":{"content-manager":{"visible":false},"content-type-builder":{"visible":false}},"attributes":{"name":{"type":"string","minLength":1,"configurable":false,"required":true,"unique":true},"description":{"type":"string","minLength":1,"configurable":false,"required":false,"default":""},"type":{"type":"enumeration","enum":["read-only","full-access","custom"],"configurable":false,"required":true,"default":"read-only"},"accessKey":{"type":"string","minLength":1,"configurable":false,"required":true,"searchable":false},"encryptedKey":{"type":"text","minLength":1,"configurable":false,"required":false,"searchable":false},"lastUsedAt":{"type":"datetime","configurable":false,"required":false},"permissions":{"type":"relation","target":"admin::api-token-permission","relation":"oneToMany","mappedBy":"token","configurable":false,"required":false},"expiresAt":{"type":"datetime","configurable":false,"required":false},"lifespan":{"type":"biginteger","configurable":false,"required":false}},"kind":"collectionType"},"modelName":"api-token"},"admin::api-token-permission":{"collectionName":"strapi_api_token_permissions","info":{"name":"API Token Permission","description":"","singularName":"api-token-permission","pluralName":"api-token-permissions","displayName":"API Token Permission"},"options":{"draftAndPublish":false},"pluginOptions":{"content-manager":{"visible":false},"content-type-builder":{"visible":false}},"attributes":{"action":{"type":"string","minLength":1,"configurable":false,"required":true},"token":{"configurable":false,"type":"relation","relation":"manyToOne","inversedBy":"permissions","target":"admin::api-token"},"createdAt":{"type":"datetime"},"updatedAt":{"type":"datetime"},"publishedAt":{"type":"datetime","configurable":false,"writable":true,"visible":false},"createdBy":{"type":"relation","relation":"oneToOne","target":"admin::user","configurable":false,"writable":false,"visible":false,"useJoinTable":false,"private":true},"updatedBy":{"type":"relation","relation":"oneToOne","target":"admin::user","configurable":false,"writable":false,"visible":false,"useJoinTable":false,"private":true},"locale":{"writable":true,"private":true,"configurable":false,"visible":false,"type":"string"},"localizations":{"type":"relation","relation":"oneToMany","target":"admin::api-token-permission","writable":false,"private":true,"configurable":false,"visible":false,"unstable_virtual":true,"joinColumn":{"name":"document_id","referencedColumn":"document_id","referencedTable":"strapi_api_token_permissions"}}},"plugin":"admin","globalId":"AdminApiTokenPermission","uid":"admin::api-token-permission","modelType":"contentType","kind":"collectionType","__schema__":{"collectionName":"strapi_api_token_permissions","info":{"name":"API Token Permission","description":"","singularName":"api-token-permission","pluralName":"api-token-permissions","displayName":"API Token Permission"},"options":{},"pluginOptions":{"content-manager":{"visible":false},"content-type-builder":{"visible":false}},"attributes":{"action":{"type":"string","minLength":1,"configurable":false,"required":true},"token":{"configurable":false,"type":"relation","relation":"manyToOne","inversedBy":"permissions","target":"admin::api-token"}},"kind":"collectionType"},"modelName":"api-token-permission"},"admin::transfer-token":{"collectionName":"strapi_transfer_tokens","info":{"name":"Transfer Token","singularName":"transfer-token","pluralName":"transfer-tokens","displayName":"Transfer Token","description":""},"options":{"draftAndPublish":false},"pluginOptions":{"content-manager":{"visible":false},"content-type-builder":{"visible":false}},"attributes":{"name":{"type":"string","minLength":1,"configurable":false,"required":true,"unique":true},"description":{"type":"string","minLength":1,"configurable":false,"required":false,"default":""},"accessKey":{"type":"string","minLength":1,"configurable":false,"required":true},"lastUsedAt":{"type":"datetime","configurable":false,"required":false},"permissions":{"type":"relation","target":"admin::transfer-token-permission","relation":"oneToMany","mappedBy":"token","configurable":false,"required":false},"expiresAt":{"type":"datetime","configurable":false,"required":false},"lifespan":{"type":"biginteger","configurable":false,"required":false},"createdAt":{"type":"datetime"},"updatedAt":{"type":"datetime"},"publishedAt":{"type":"datetime","configurable":false,"writable":true,"visible":false},"createdBy":{"type":"relation","relation":"oneToOne","target":"admin::user","configurable":false,"writable":false,"visible":false,"useJoinTable":false,"private":true},"updatedBy":{"type":"relation","relation":"oneToOne","target":"admin::user","configurable":false,"writable":false,"visible":false,"useJoinTable":false,"private":true},"locale":{"writable":true,"private":true,"configurable":false,"visible":false,"type":"string"},"localizations":{"type":"relation","relation":"oneToMany","target":"admin::transfer-token","writable":false,"private":true,"configurable":false,"visible":false,"unstable_virtual":true,"joinColumn":{"name":"document_id","referencedColumn":"document_id","referencedTable":"strapi_transfer_tokens"}}},"plugin":"admin","globalId":"AdminTransferToken","uid":"admin::transfer-token","modelType":"contentType","kind":"collectionType","__schema__":{"collectionName":"strapi_transfer_tokens","info":{"name":"Transfer Token","singularName":"transfer-token","pluralName":"transfer-tokens","displayName":"Transfer Token","description":""},"options":{},"pluginOptions":{"content-manager":{"visible":false},"content-type-builder":{"visible":false}},"attributes":{"name":{"type":"string","minLength":1,"configurable":false,"required":true,"unique":true},"description":{"type":"string","minLength":1,"configurable":false,"required":false,"default":""},"accessKey":{"type":"string","minLength":1,"configurable":false,"required":true},"lastUsedAt":{"type":"datetime","configurable":false,"required":false},"permissions":{"type":"relation","target":"admin::transfer-token-permission","relation":"oneToMany","mappedBy":"token","configurable":false,"required":false},"expiresAt":{"type":"datetime","configurable":false,"required":false},"lifespan":{"type":"biginteger","configurable":false,"required":false}},"kind":"collectionType"},"modelName":"transfer-token"},"admin::transfer-token-permission":{"collectionName":"strapi_transfer_token_permissions","info":{"name":"Transfer Token Permission","description":"","singularName":"transfer-token-permission","pluralName":"transfer-token-permissions","displayName":"Transfer Token Permission"},"options":{"draftAndPublish":false},"pluginOptions":{"content-manager":{"visible":false},"content-type-builder":{"visible":false}},"attributes":{"action":{"type":"string","minLength":1,"configurable":false,"required":true},"token":{"configurable":false,"type":"relation","relation":"manyToOne","inversedBy":"permissions","target":"admin::transfer-token"},"createdAt":{"type":"datetime"},"updatedAt":{"type":"datetime"},"publishedAt":{"type":"datetime","configurable":false,"writable":true,"visible":false},"createdBy":{"type":"relation","relation":"oneToOne","target":"admin::user","configurable":false,"writable":false,"visible":false,"useJoinTable":false,"private":true},"updatedBy":{"type":"relation","relation":"oneToOne","target":"admin::user","configurable":false,"writable":false,"visible":false,"useJoinTable":false,"private":true},"locale":{"writable":true,"private":true,"configurable":false,"visible":false,"type":"string"},"localizations":{"type":"relation","relation":"oneToMany","target":"admin::transfer-token-permission","writable":false,"private":true,"configurable":false,"visible":false,"unstable_virtual":true,"joinColumn":{"name":"document_id","referencedColumn":"document_id","referencedTable":"strapi_transfer_token_permissions"}}},"plugin":"admin","globalId":"AdminTransferTokenPermission","uid":"admin::transfer-token-permission","modelType":"contentType","kind":"collectionType","__schema__":{"collectionName":"strapi_transfer_token_permissions","info":{"name":"Transfer Token Permission","description":"","singularName":"transfer-token-permission","pluralName":"transfer-token-permissions","displayName":"Transfer Token Permission"},"options":{},"pluginOptions":{"content-manager":{"visible":false},"content-type-builder":{"visible":false}},"attributes":{"action":{"type":"string","minLength":1,"configurable":false,"required":true},"token":{"configurable":false,"type":"relation","relation":"manyToOne","inversedBy":"permissions","target":"admin::transfer-token"}},"kind":"collectionType"},"modelName":"transfer-token-permission"},"admin::session":{"collectionName":"strapi_sessions","info":{"name":"Session","description":"Session Manager storage","singularName":"session","pluralName":"sessions","displayName":"Session"},"options":{"draftAndPublish":false},"pluginOptions":{"content-manager":{"visible":false},"content-type-builder":{"visible":false},"i18n":{"localized":false}},"attributes":{"userId":{"type":"string","required":true,"configurable":false,"private":true,"searchable":false},"sessionId":{"type":"string","unique":true,"required":true,"configurable":false,"private":true,"searchable":false},"childId":{"type":"string","configurable":false,"private":true,"searchable":false},"deviceId":{"type":"string","required":true,"configurable":false,"private":true,"searchable":false},"origin":{"type":"string","required":true,"configurable":false,"private":true,"searchable":false},"expiresAt":{"type":"datetime","required":true,"configurable":false,"private":true,"searchable":false},"absoluteExpiresAt":{"type":"datetime","configurable":false,"private":true,"searchable":false},"status":{"type":"string","configurable":false,"private":true,"searchable":false},"type":{"type":"string","configurable":false,"private":true,"searchable":false},"createdAt":{"type":"datetime"},"updatedAt":{"type":"datetime"},"publishedAt":{"type":"datetime","configurable":false,"writable":true,"visible":false},"createdBy":{"type":"relation","relation":"oneToOne","target":"admin::user","configurable":false,"writable":false,"visible":false,"useJoinTable":false,"private":true},"updatedBy":{"type":"relation","relation":"oneToOne","target":"admin::user","configurable":false,"writable":false,"visible":false,"useJoinTable":false,"private":true},"locale":{"writable":true,"private":true,"configurable":false,"visible":false,"type":"string"},"localizations":{"type":"relation","relation":"oneToMany","target":"admin::session","writable":false,"private":true,"configurable":false,"visible":false,"unstable_virtual":true,"joinColumn":{"name":"document_id","referencedColumn":"document_id","referencedTable":"strapi_sessions"}}},"plugin":"admin","globalId":"AdminSession","uid":"admin::session","modelType":"contentType","kind":"collectionType","__schema__":{"collectionName":"strapi_sessions","info":{"name":"Session","description":"Session Manager storage","singularName":"session","pluralName":"sessions","displayName":"Session"},"options":{"draftAndPublish":false},"pluginOptions":{"content-manager":{"visible":false},"content-type-builder":{"visible":false},"i18n":{"localized":false}},"attributes":{"userId":{"type":"string","required":true,"configurable":false,"private":true,"searchable":false},"sessionId":{"type":"string","unique":true,"required":true,"configurable":false,"private":true,"searchable":false},"childId":{"type":"string","configurable":false,"private":true,"searchable":false},"deviceId":{"type":"string","required":true,"configurable":false,"private":true,"searchable":false},"origin":{"type":"string","required":true,"configurable":false,"private":true,"searchable":false},"expiresAt":{"type":"datetime","required":true,"configurable":false,"private":true,"searchable":false},"absoluteExpiresAt":{"type":"datetime","configurable":false,"private":true,"searchable":false},"status":{"type":"string","configurable":false,"private":true,"searchable":false},"type":{"type":"string","configurable":false,"private":true,"searchable":false}},"kind":"collectionType"},"modelName":"session"}}	object	\N	\N
38	core_admin_auth	{"providers":{"autoRegister":false,"defaultRole":null,"ssoLockedRoles":null}}	object	\N	\N
40	plugin_content_manager_configuration_content_types::api::project-timing.project-timing	{"settings":{"bulkable":true,"filterable":true,"searchable":true,"pageSize":10,"mainField":"documentId","defaultSortBy":"documentId","defaultSortOrder":"ASC"},"metadatas":{"id":{"edit":{},"list":{"label":"id","searchable":true,"sortable":true}},"type":{"edit":{"label":"type","description":"","placeholder":"","visible":true,"editable":true},"list":{"label":"type","searchable":true,"sortable":true}},"minutes":{"edit":{"label":"minutes","description":"","placeholder":"","visible":true,"editable":true},"list":{"label":"minutes","searchable":true,"sortable":true}},"project":{"edit":{"label":"project","description":"","placeholder":"","visible":true,"editable":true,"mainField":"name"},"list":{"label":"project","searchable":true,"sortable":true}},"createdAt":{"edit":{"label":"createdAt","description":"","placeholder":"","visible":false,"editable":true},"list":{"label":"createdAt","searchable":true,"sortable":true}},"updatedAt":{"edit":{"label":"updatedAt","description":"","placeholder":"","visible":false,"editable":true},"list":{"label":"updatedAt","searchable":true,"sortable":true}},"createdBy":{"edit":{"label":"createdBy","description":"","placeholder":"","visible":false,"editable":true,"mainField":"firstname"},"list":{"label":"createdBy","searchable":true,"sortable":true}},"updatedBy":{"edit":{"label":"updatedBy","description":"","placeholder":"","visible":false,"editable":true,"mainField":"firstname"},"list":{"label":"updatedBy","searchable":true,"sortable":true}},"documentId":{"edit":{},"list":{"label":"documentId","searchable":true,"sortable":true}}},"layouts":{"list":["id","createdAt","updatedAt","createdBy"],"edit":[[{"name":"type","size":6},{"name":"minutes","size":4}],[{"name":"project","size":6}]]},"uid":"api::project-timing.project-timing"}	object	\N	\N
41	plugin_content_manager_configuration_content_types::api::project-feature.project-feature	{"settings":{"bulkable":true,"filterable":true,"searchable":true,"pageSize":10,"mainField":"documentId","defaultSortBy":"documentId","defaultSortOrder":"ASC"},"metadatas":{"id":{"edit":{},"list":{"label":"id","searchable":true,"sortable":true}},"key":{"edit":{"label":"key","description":"","placeholder":"","visible":true,"editable":true},"list":{"label":"key","searchable":true,"sortable":true}},"label":{"edit":{"label":"label","description":"","placeholder":"","visible":true,"editable":true},"list":{"label":"label","searchable":true,"sortable":true}},"value":{"edit":{"label":"value","description":"","placeholder":"","visible":true,"editable":true},"list":{"label":"value","searchable":true,"sortable":true}},"project":{"edit":{"label":"project","description":"","placeholder":"","visible":true,"editable":true,"mainField":"name"},"list":{"label":"project","searchable":true,"sortable":true}},"createdAt":{"edit":{"label":"createdAt","description":"","placeholder":"","visible":false,"editable":true},"list":{"label":"createdAt","searchable":true,"sortable":true}},"updatedAt":{"edit":{"label":"updatedAt","description":"","placeholder":"","visible":false,"editable":true},"list":{"label":"updatedAt","searchable":true,"sortable":true}},"createdBy":{"edit":{"label":"createdBy","description":"","placeholder":"","visible":false,"editable":true,"mainField":"firstname"},"list":{"label":"createdBy","searchable":true,"sortable":true}},"updatedBy":{"edit":{"label":"updatedBy","description":"","placeholder":"","visible":false,"editable":true,"mainField":"firstname"},"list":{"label":"updatedBy","searchable":true,"sortable":true}},"documentId":{"edit":{},"list":{"label":"documentId","searchable":true,"sortable":true}}},"layouts":{"list":["id","createdAt","updatedAt","createdBy"],"edit":[[{"name":"key","size":6},{"name":"label","size":6}],[{"name":"value","size":6},{"name":"project","size":6}]]},"uid":"api::project-feature.project-feature"}	object	\N	\N
42	plugin_content_manager_configuration_content_types::api::project-typologie.project-typologie	{"settings":{"bulkable":true,"filterable":true,"searchable":true,"pageSize":10,"mainField":"documentId","defaultSortBy":"documentId","defaultSortOrder":"ASC"},"metadatas":{"id":{"edit":{},"list":{"label":"id","searchable":true,"sortable":true}},"code":{"edit":{"label":"code","description":"","placeholder":"","visible":true,"editable":true},"list":{"label":"code","searchable":true,"sortable":true}},"surfaceMin":{"edit":{"label":"surfaceMin","description":"","placeholder":"","visible":true,"editable":true},"list":{"label":"surfaceMin","searchable":true,"sortable":true}},"surfaceMax":{"edit":{"label":"surfaceMax","description":"","placeholder":"","visible":true,"editable":true},"list":{"label":"surfaceMax","searchable":true,"sortable":true}},"priceFrom":{"edit":{"label":"priceFrom","description":"","placeholder":"","visible":true,"editable":true},"list":{"label":"priceFrom","searchable":true,"sortable":true}},"status":{"edit":{"label":"status","description":"","placeholder":"","visible":true,"editable":true},"list":{"label":"status","searchable":true,"sortable":true}},"project":{"edit":{"label":"project","description":"","placeholder":"","visible":true,"editable":true,"mainField":"name"},"list":{"label":"project","searchable":true,"sortable":true}},"createdAt":{"edit":{"label":"createdAt","description":"","placeholder":"","visible":false,"editable":true},"list":{"label":"createdAt","searchable":true,"sortable":true}},"updatedAt":{"edit":{"label":"updatedAt","description":"","placeholder":"","visible":false,"editable":true},"list":{"label":"updatedAt","searchable":true,"sortable":true}},"createdBy":{"edit":{"label":"createdBy","description":"","placeholder":"","visible":false,"editable":true,"mainField":"firstname"},"list":{"label":"createdBy","searchable":true,"sortable":true}},"updatedBy":{"edit":{"label":"updatedBy","description":"","placeholder":"","visible":false,"editable":true,"mainField":"firstname"},"list":{"label":"updatedBy","searchable":true,"sortable":true}},"documentId":{"edit":{},"list":{"label":"documentId","searchable":true,"sortable":true}}},"layouts":{"list":["id","createdAt","updatedAt","createdBy"],"edit":[[{"name":"code","size":6},{"name":"surfaceMin","size":4}],[{"name":"surfaceMax","size":4},{"name":"priceFrom","size":4}],[{"name":"status","size":6},{"name":"project","size":6}]]},"uid":"api::project-typologie.project-typologie"}	object	\N	\N
\.


--
-- Data for Name: strapi_database_schema; Type: TABLE DATA; Schema: public; Owner: gas
--

COPY public.strapi_database_schema (id, schema, "time", hash) FROM stdin;
6	{"tables":[{"name":"files","indexes":[{"name":"upload_files_folder_path_index","columns":["folder_path"],"type":null},{"name":"upload_files_created_at_index","columns":["created_at"],"type":null},{"name":"upload_files_updated_at_index","columns":["updated_at"],"type":null},{"name":"upload_files_name_index","columns":["name"],"type":null},{"name":"upload_files_size_index","columns":["size"],"type":null},{"name":"upload_files_ext_index","columns":["ext"],"type":null},{"name":"files_documents_idx","columns":["document_id","locale","published_at"]},{"name":"files_created_by_id_fk","columns":["created_by_id"]},{"name":"files_updated_by_id_fk","columns":["updated_by_id"]}],"foreignKeys":[{"name":"files_created_by_id_fk","columns":["created_by_id"],"referencedTable":"admin_users","referencedColumns":["id"],"onDelete":"SET NULL"},{"name":"files_updated_by_id_fk","columns":["updated_by_id"],"referencedTable":"admin_users","referencedColumns":["id"],"onDelete":"SET NULL"}],"columns":[{"name":"id","type":"increments","args":[{"primary":true,"primaryKey":true}],"defaultTo":null,"notNullable":true,"unsigned":false},{"name":"document_id","type":"string","args":[],"defaultTo":null,"notNullable":false,"unsigned":false},{"name":"name","type":"string","args":[],"defaultTo":null,"notNullable":false,"unsigned":false},{"name":"alternative_text","type":"text","args":["longtext"],"defaultTo":null,"notNullable":false,"unsigned":false},{"name":"caption","type":"text","args":["longtext"],"defaultTo":null,"notNullable":false,"unsigned":false},{"name":"width","type":"integer","args":[],"defaultTo":null,"notNullable":false,"unsigned":false},{"name":"height","type":"integer","args":[],"defaultTo":null,"notNullable":false,"unsigned":false},{"name":"formats","type":"jsonb","args":[],"defaultTo":null,"notNullable":false,"unsigned":false},{"name":"hash","type":"string","args":[],"defaultTo":null,"notNullable":false,"unsigned":false},{"name":"ext","type":"string","args":[],"defaultTo":null,"notNullable":false,"unsigned":false},{"name":"mime","type":"string","args":[],"defaultTo":null,"notNullable":false,"unsigned":false},{"name":"size","type":"decimal","args":[10,2],"defaultTo":null,"notNullable":false,"unsigned":false},{"name":"url","type":"text","args":["longtext"],"defaultTo":null,"notNullable":false,"unsigned":false},{"name":"preview_url","type":"text","args":["longtext"],"defaultTo":null,"notNullable":false,"unsigned":false},{"name":"provider","type":"string","args":[],"defaultTo":null,"notNullable":false,"unsigned":false},{"name":"provider_metadata","type":"jsonb","args":[],"defaultTo":null,"notNullable":false,"unsigned":false},{"name":"folder_path","type":"string","args":[],"defaultTo":null,"notNullable":false,"unsigned":false},{"name":"created_at","type":"datetime","args":[{"useTz":false,"precision":6}],"defaultTo":null,"notNullable":false,"unsigned":false},{"name":"updated_at","type":"datetime","args":[{"useTz":false,"precision":6}],"defaultTo":null,"notNullable":false,"unsigned":false},{"name":"published_at","type":"datetime","args":[{"useTz":false,"precision":6}],"defaultTo":null,"notNullable":false,"unsigned":false},{"name":"created_by_id","type":"integer","args":[],"defaultTo":null,"notNullable":false,"unsigned":true},{"name":"updated_by_id","type":"integer","args":[],"defaultTo":null,"notNullable":false,"unsigned":true},{"name":"locale","type":"string","args":[],"defaultTo":null,"notNullable":false,"unsigned":false}]},{"name":"upload_folders","indexes":[{"name":"upload_folders_path_id_index","columns":["path_id"],"type":"unique"},{"name":"upload_folders_path_index","columns":["path"],"type":"unique"},{"name":"upload_folders_documents_idx","columns":["document_id","locale","published_at"]},{"name":"upload_folders_created_by_id_fk","columns":["created_by_id"]},{"name":"upload_folders_updated_by_id_fk","columns":["updated_by_id"]}],"foreignKeys":[{"name":"upload_folders_created_by_id_fk","columns":["created_by_id"],"referencedTable":"admin_users","referencedColumns":["id"],"onDelete":"SET NULL"},{"name":"upload_folders_updated_by_id_fk","columns":["updated_by_id"],"referencedTable":"admin_users","referencedColumns":["id"],"onDelete":"SET NULL"}],"columns":[{"name":"id","type":"increments","args":[{"primary":true,"primaryKey":true}],"defaultTo":null,"notNullable":true,"unsigned":false},{"name":"document_id","type":"string","args":[],"defaultTo":null,"notNullable":false,"unsigned":false},{"name":"name","type":"string","args":[],"defaultTo":null,"notNullable":false,"unsigned":false},{"name":"path_id","type":"integer","args":[],"defaultTo":null,"notNullable":false,"unsigned":false},{"name":"path","type":"string","args":[],"defaultTo":null,"notNullable":false,"unsigned":false},{"name":"created_at","type":"datetime","args":[{"useTz":false,"precision":6}],"defaultTo":null,"notNullable":false,"unsigned":false},{"name":"updated_at","type":"datetime","args":[{"useTz":false,"precision":6}],"defaultTo":null,"notNullable":false,"unsigned":false},{"name":"published_at","type":"datetime","args":[{"useTz":false,"precision":6}],"defaultTo":null,"notNullable":false,"unsigned":false},{"name":"created_by_id","type":"integer","args":[],"defaultTo":null,"notNullable":false,"unsigned":true},{"name":"updated_by_id","type":"integer","args":[],"defaultTo":null,"notNullable":false,"unsigned":true},{"name":"locale","type":"string","args":[],"defaultTo":null,"notNullable":false,"unsigned":false}]},{"name":"i18n_locale","indexes":[{"name":"i18n_locale_documents_idx","columns":["document_id","locale","published_at"]},{"name":"i18n_locale_created_by_id_fk","columns":["created_by_id"]},{"name":"i18n_locale_updated_by_id_fk","columns":["updated_by_id"]}],"foreignKeys":[{"name":"i18n_locale_created_by_id_fk","columns":["created_by_id"],"referencedTable":"admin_users","referencedColumns":["id"],"onDelete":"SET NULL"},{"name":"i18n_locale_updated_by_id_fk","columns":["updated_by_id"],"referencedTable":"admin_users","referencedColumns":["id"],"onDelete":"SET NULL"}],"columns":[{"name":"id","type":"increments","args":[{"primary":true,"primaryKey":true}],"defaultTo":null,"notNullable":true,"unsigned":false},{"name":"document_id","type":"string","args":[],"defaultTo":null,"notNullable":false,"unsigned":false},{"name":"name","type":"string","args":[],"defaultTo":null,"notNullable":false,"unsigned":false},{"name":"code","type":"string","args":[],"defaultTo":null,"notNullable":false,"unsigned":false},{"name":"created_at","type":"datetime","args":[{"useTz":false,"precision":6}],"defaultTo":null,"notNullable":false,"unsigned":false},{"name":"updated_at","type":"datetime","args":[{"useTz":false,"precision":6}],"defaultTo":null,"notNullable":false,"unsigned":false},{"name":"published_at","type":"datetime","args":[{"useTz":false,"precision":6}],"defaultTo":null,"notNullable":false,"unsigned":false},{"name":"created_by_id","type":"integer","args":[],"defaultTo":null,"notNullable":false,"unsigned":true},{"name":"updated_by_id","type":"integer","args":[],"defaultTo":null,"notNullable":false,"unsigned":true},{"name":"locale","type":"string","args":[],"defaultTo":null,"notNullable":false,"unsigned":false}]},{"name":"strapi_releases","indexes":[{"name":"strapi_releases_documents_idx","columns":["document_id","locale","published_at"]},{"name":"strapi_releases_created_by_id_fk","columns":["created_by_id"]},{"name":"strapi_releases_updated_by_id_fk","columns":["updated_by_id"]}],"foreignKeys":[{"name":"strapi_releases_created_by_id_fk","columns":["created_by_id"],"referencedTable":"admin_users","referencedColumns":["id"],"onDelete":"SET NULL"},{"name":"strapi_releases_updated_by_id_fk","columns":["updated_by_id"],"referencedTable":"admin_users","referencedColumns":["id"],"onDelete":"SET NULL"}],"columns":[{"name":"id","type":"increments","args":[{"primary":true,"primaryKey":true}],"defaultTo":null,"notNullable":true,"unsigned":false},{"name":"document_id","type":"string","args":[],"defaultTo":null,"notNullable":false,"unsigned":false},{"name":"name","type":"string","args":[],"defaultTo":null,"notNullable":false,"unsigned":false},{"name":"released_at","type":"datetime","args":[{"useTz":false,"precision":6}],"defaultTo":null,"notNullable":false,"unsigned":false},{"name":"scheduled_at","type":"datetime","args":[{"useTz":false,"precision":6}],"defaultTo":null,"notNullable":false,"unsigned":false},{"name":"timezone","type":"string","args":[],"defaultTo":null,"notNullable":false,"unsigned":false},{"name":"status","type":"string","args":[],"defaultTo":null,"notNullable":false,"unsigned":false},{"name":"created_at","type":"datetime","args":[{"useTz":false,"precision":6}],"defaultTo":null,"notNullable":false,"unsigned":false},{"name":"updated_at","type":"datetime","args":[{"useTz":false,"precision":6}],"defaultTo":null,"notNullable":false,"unsigned":false},{"name":"published_at","type":"datetime","args":[{"useTz":false,"precision":6}],"defaultTo":null,"notNullable":false,"unsigned":false},{"name":"created_by_id","type":"integer","args":[],"defaultTo":null,"notNullable":false,"unsigned":true},{"name":"updated_by_id","type":"integer","args":[],"defaultTo":null,"notNullable":false,"unsigned":true},{"name":"locale","type":"string","args":[],"defaultTo":null,"notNullable":false,"unsigned":false}]},{"name":"strapi_release_actions","indexes":[{"name":"strapi_release_actions_documents_idx","columns":["document_id","locale","published_at"]},{"name":"strapi_release_actions_created_by_id_fk","columns":["created_by_id"]},{"name":"strapi_release_actions_updated_by_id_fk","columns":["updated_by_id"]}],"foreignKeys":[{"name":"strapi_release_actions_created_by_id_fk","columns":["created_by_id"],"referencedTable":"admin_users","referencedColumns":["id"],"onDelete":"SET NULL"},{"name":"strapi_release_actions_updated_by_id_fk","columns":["updated_by_id"],"referencedTable":"admin_users","referencedColumns":["id"],"onDelete":"SET NULL"}],"columns":[{"name":"id","type":"increments","args":[{"primary":true,"primaryKey":true}],"defaultTo":null,"notNullable":true,"unsigned":false},{"name":"document_id","type":"string","args":[],"defaultTo":null,"notNullable":false,"unsigned":false},{"name":"type","type":"string","args":[],"defaultTo":null,"notNullable":false,"unsigned":false},{"name":"content_type","type":"string","args":[],"defaultTo":null,"notNullable":false,"unsigned":false},{"name":"entry_document_id","type":"string","args":[],"defaultTo":null,"notNullable":false,"unsigned":false},{"name":"locale","type":"string","args":[],"defaultTo":null,"notNullable":false,"unsigned":false},{"name":"is_entry_valid","type":"boolean","args":[],"defaultTo":null,"notNullable":false,"unsigned":false},{"name":"created_at","type":"datetime","args":[{"useTz":false,"precision":6}],"defaultTo":null,"notNullable":false,"unsigned":false},{"name":"updated_at","type":"datetime","args":[{"useTz":false,"precision":6}],"defaultTo":null,"notNullable":false,"unsigned":false},{"name":"published_at","type":"datetime","args":[{"useTz":false,"precision":6}],"defaultTo":null,"notNullable":false,"unsigned":false},{"name":"created_by_id","type":"integer","args":[],"defaultTo":null,"notNullable":false,"unsigned":true},{"name":"updated_by_id","type":"integer","args":[],"defaultTo":null,"notNullable":false,"unsigned":true}]},{"name":"strapi_workflows","indexes":[{"name":"strapi_workflows_documents_idx","columns":["document_id","locale","published_at"]},{"name":"strapi_workflows_created_by_id_fk","columns":["created_by_id"]},{"name":"strapi_workflows_updated_by_id_fk","columns":["updated_by_id"]}],"foreignKeys":[{"name":"strapi_workflows_created_by_id_fk","columns":["created_by_id"],"referencedTable":"admin_users","referencedColumns":["id"],"onDelete":"SET NULL"},{"name":"strapi_workflows_updated_by_id_fk","columns":["updated_by_id"],"referencedTable":"admin_users","referencedColumns":["id"],"onDelete":"SET NULL"}],"columns":[{"name":"id","type":"increments","args":[{"primary":true,"primaryKey":true}],"defaultTo":null,"notNullable":true,"unsigned":false},{"name":"document_id","type":"string","args":[],"defaultTo":null,"notNullable":false,"unsigned":false},{"name":"name","type":"string","args":[],"defaultTo":null,"notNullable":false,"unsigned":false},{"name":"content_types","type":"jsonb","args":[],"defaultTo":null,"notNullable":false,"unsigned":false},{"name":"created_at","type":"datetime","args":[{"useTz":false,"precision":6}],"defaultTo":null,"notNullable":false,"unsigned":false},{"name":"updated_at","type":"datetime","args":[{"useTz":false,"precision":6}],"defaultTo":null,"notNullable":false,"unsigned":false},{"name":"published_at","type":"datetime","args":[{"useTz":false,"precision":6}],"defaultTo":null,"notNullable":false,"unsigned":false},{"name":"created_by_id","type":"integer","args":[],"defaultTo":null,"notNullable":false,"unsigned":true},{"name":"updated_by_id","type":"integer","args":[],"defaultTo":null,"notNullable":false,"unsigned":true},{"name":"locale","type":"string","args":[],"defaultTo":null,"notNullable":false,"unsigned":false}]},{"name":"strapi_workflows_stages","indexes":[{"name":"strapi_workflows_stages_documents_idx","columns":["document_id","locale","published_at"]},{"name":"strapi_workflows_stages_created_by_id_fk","columns":["created_by_id"]},{"name":"strapi_workflows_stages_updated_by_id_fk","columns":["updated_by_id"]}],"foreignKeys":[{"name":"strapi_workflows_stages_created_by_id_fk","columns":["created_by_id"],"referencedTable":"admin_users","referencedColumns":["id"],"onDelete":"SET NULL"},{"name":"strapi_workflows_stages_updated_by_id_fk","columns":["updated_by_id"],"referencedTable":"admin_users","referencedColumns":["id"],"onDelete":"SET NULL"}],"columns":[{"name":"id","type":"increments","args":[{"primary":true,"primaryKey":true}],"defaultTo":null,"notNullable":true,"unsigned":false},{"name":"document_id","type":"string","args":[],"defaultTo":null,"notNullable":false,"unsigned":false},{"name":"name","type":"string","args":[],"defaultTo":null,"notNullable":false,"unsigned":false},{"name":"color","type":"string","args":[],"defaultTo":null,"notNullable":false,"unsigned":false},{"name":"created_at","type":"datetime","args":[{"useTz":false,"precision":6}],"defaultTo":null,"notNullable":false,"unsigned":false},{"name":"updated_at","type":"datetime","args":[{"useTz":false,"precision":6}],"defaultTo":null,"notNullable":false,"unsigned":false},{"name":"published_at","type":"datetime","args":[{"useTz":false,"precision":6}],"defaultTo":null,"notNullable":false,"unsigned":false},{"name":"created_by_id","type":"integer","args":[],"defaultTo":null,"notNullable":false,"unsigned":true},{"name":"updated_by_id","type":"integer","args":[],"defaultTo":null,"notNullable":false,"unsigned":true},{"name":"locale","type":"string","args":[],"defaultTo":null,"notNullable":false,"unsigned":false}]},{"name":"up_permissions","indexes":[{"name":"up_permissions_documents_idx","columns":["document_id","locale","published_at"]},{"name":"up_permissions_created_by_id_fk","columns":["created_by_id"]},{"name":"up_permissions_updated_by_id_fk","columns":["updated_by_id"]}],"foreignKeys":[{"name":"up_permissions_created_by_id_fk","columns":["created_by_id"],"referencedTable":"admin_users","referencedColumns":["id"],"onDelete":"SET NULL"},{"name":"up_permissions_updated_by_id_fk","columns":["updated_by_id"],"referencedTable":"admin_users","referencedColumns":["id"],"onDelete":"SET NULL"}],"columns":[{"name":"id","type":"increments","args":[{"primary":true,"primaryKey":true}],"defaultTo":null,"notNullable":true,"unsigned":false},{"name":"document_id","type":"string","args":[],"defaultTo":null,"notNullable":false,"unsigned":false},{"name":"action","type":"string","args":[],"defaultTo":null,"notNullable":false,"unsigned":false},{"name":"created_at","type":"datetime","args":[{"useTz":false,"precision":6}],"defaultTo":null,"notNullable":false,"unsigned":false},{"name":"updated_at","type":"datetime","args":[{"useTz":false,"precision":6}],"defaultTo":null,"notNullable":false,"unsigned":false},{"name":"published_at","type":"datetime","args":[{"useTz":false,"precision":6}],"defaultTo":null,"notNullable":false,"unsigned":false},{"name":"created_by_id","type":"integer","args":[],"defaultTo":null,"notNullable":false,"unsigned":true},{"name":"updated_by_id","type":"integer","args":[],"defaultTo":null,"notNullable":false,"unsigned":true},{"name":"locale","type":"string","args":[],"defaultTo":null,"notNullable":false,"unsigned":false}]},{"name":"up_roles","indexes":[{"name":"up_roles_documents_idx","columns":["document_id","locale","published_at"]},{"name":"up_roles_created_by_id_fk","columns":["created_by_id"]},{"name":"up_roles_updated_by_id_fk","columns":["updated_by_id"]}],"foreignKeys":[{"name":"up_roles_created_by_id_fk","columns":["created_by_id"],"referencedTable":"admin_users","referencedColumns":["id"],"onDelete":"SET NULL"},{"name":"up_roles_updated_by_id_fk","columns":["updated_by_id"],"referencedTable":"admin_users","referencedColumns":["id"],"onDelete":"SET NULL"}],"columns":[{"name":"id","type":"increments","args":[{"primary":true,"primaryKey":true}],"defaultTo":null,"notNullable":true,"unsigned":false},{"name":"document_id","type":"string","args":[],"defaultTo":null,"notNullable":false,"unsigned":false},{"name":"name","type":"string","args":[],"defaultTo":null,"notNullable":false,"unsigned":false},{"name":"description","type":"string","args":[],"defaultTo":null,"notNullable":false,"unsigned":false},{"name":"type","type":"string","args":[],"defaultTo":null,"notNullable":false,"unsigned":false},{"name":"created_at","type":"datetime","args":[{"useTz":false,"precision":6}],"defaultTo":null,"notNullable":false,"unsigned":false},{"name":"updated_at","type":"datetime","args":[{"useTz":false,"precision":6}],"defaultTo":null,"notNullable":false,"unsigned":false},{"name":"published_at","type":"datetime","args":[{"useTz":false,"precision":6}],"defaultTo":null,"notNullable":false,"unsigned":false},{"name":"created_by_id","type":"integer","args":[],"defaultTo":null,"notNullable":false,"unsigned":true},{"name":"updated_by_id","type":"integer","args":[],"defaultTo":null,"notNullable":false,"unsigned":true},{"name":"locale","type":"string","args":[],"defaultTo":null,"notNullable":false,"unsigned":false}]},{"name":"up_users","indexes":[{"name":"up_users_documents_idx","columns":["document_id","locale","published_at"]},{"name":"up_users_created_by_id_fk","columns":["created_by_id"]},{"name":"up_users_updated_by_id_fk","columns":["updated_by_id"]}],"foreignKeys":[{"name":"up_users_created_by_id_fk","columns":["created_by_id"],"referencedTable":"admin_users","referencedColumns":["id"],"onDelete":"SET NULL"},{"name":"up_users_updated_by_id_fk","columns":["updated_by_id"],"referencedTable":"admin_users","referencedColumns":["id"],"onDelete":"SET NULL"}],"columns":[{"name":"id","type":"increments","args":[{"primary":true,"primaryKey":true}],"defaultTo":null,"notNullable":true,"unsigned":false},{"name":"document_id","type":"string","args":[],"defaultTo":null,"notNullable":false,"unsigned":false},{"name":"username","type":"string","args":[],"defaultTo":null,"notNullable":false,"unsigned":false},{"name":"email","type":"string","args":[],"defaultTo":null,"notNullable":false,"unsigned":false},{"name":"provider","type":"string","args":[],"defaultTo":null,"notNullable":false,"unsigned":false},{"name":"password","type":"string","args":[],"defaultTo":null,"notNullable":false,"unsigned":false},{"name":"reset_password_token","type":"string","args":[],"defaultTo":null,"notNullable":false,"unsigned":false},{"name":"confirmation_token","type":"string","args":[],"defaultTo":null,"notNullable":false,"unsigned":false},{"name":"confirmed","type":"boolean","args":[],"defaultTo":null,"notNullable":false,"unsigned":false},{"name":"blocked","type":"boolean","args":[],"defaultTo":null,"notNullable":false,"unsigned":false},{"name":"created_at","type":"datetime","args":[{"useTz":false,"precision":6}],"defaultTo":null,"notNullable":false,"unsigned":false},{"name":"updated_at","type":"datetime","args":[{"useTz":false,"precision":6}],"defaultTo":null,"notNullable":false,"unsigned":false},{"name":"published_at","type":"datetime","args":[{"useTz":false,"precision":6}],"defaultTo":null,"notNullable":false,"unsigned":false},{"name":"created_by_id","type":"integer","args":[],"defaultTo":null,"notNullable":false,"unsigned":true},{"name":"updated_by_id","type":"integer","args":[],"defaultTo":null,"notNullable":false,"unsigned":true},{"name":"locale","type":"string","args":[],"defaultTo":null,"notNullable":false,"unsigned":false}]},{"name":"abouts_cmps","indexes":[{"name":"abouts_field_idx","columns":["field"]},{"name":"abouts_component_type_idx","columns":["component_type"]},{"name":"abouts_entity_fk","columns":["entity_id"]},{"name":"abouts_uq","columns":["entity_id","cmp_id","field","component_type"],"type":"unique"}],"foreignKeys":[{"name":"abouts_entity_fk","columns":["entity_id"],"referencedColumns":["id"],"referencedTable":"abouts","onDelete":"CASCADE"}],"columns":[{"name":"id","type":"increments","args":[{"primary":true,"primaryKey":true}],"defaultTo":null,"notNullable":true,"unsigned":false},{"name":"entity_id","type":"integer","args":[],"defaultTo":null,"notNullable":false,"unsigned":true},{"name":"cmp_id","type":"integer","args":[],"defaultTo":null,"notNullable":false,"unsigned":true},{"name":"component_type","type":"string","args":[],"defaultTo":null,"notNullable":false,"unsigned":false},{"name":"field","type":"string","args":[],"defaultTo":null,"notNullable":false,"unsigned":false},{"name":"order","type":"double","args":[],"defaultTo":null,"notNullable":false,"unsigned":true}]},{"name":"abouts","indexes":[{"name":"abouts_documents_idx","columns":["document_id","locale","published_at"]},{"name":"abouts_created_by_id_fk","columns":["created_by_id"]},{"name":"abouts_updated_by_id_fk","columns":["updated_by_id"]}],"foreignKeys":[{"name":"abouts_created_by_id_fk","columns":["created_by_id"],"referencedTable":"admin_users","referencedColumns":["id"],"onDelete":"SET NULL"},{"name":"abouts_updated_by_id_fk","columns":["updated_by_id"],"referencedTable":"admin_users","referencedColumns":["id"],"onDelete":"SET NULL"}],"columns":[{"name":"id","type":"increments","args":[{"primary":true,"primaryKey":true}],"defaultTo":null,"notNullable":true,"unsigned":false},{"name":"document_id","type":"string","args":[],"defaultTo":null,"notNullable":false,"unsigned":false},{"name":"title","type":"string","args":[],"defaultTo":null,"notNullable":false,"unsigned":false},{"name":"created_at","type":"datetime","args":[{"useTz":false,"precision":6}],"defaultTo":null,"notNullable":false,"unsigned":false},{"name":"updated_at","type":"datetime","args":[{"useTz":false,"precision":6}],"defaultTo":null,"notNullable":false,"unsigned":false},{"name":"published_at","type":"datetime","args":[{"useTz":false,"precision":6}],"defaultTo":null,"notNullable":false,"unsigned":false},{"name":"created_by_id","type":"integer","args":[],"defaultTo":null,"notNullable":false,"unsigned":true},{"name":"updated_by_id","type":"integer","args":[],"defaultTo":null,"notNullable":false,"unsigned":true},{"name":"locale","type":"string","args":[],"defaultTo":null,"notNullable":false,"unsigned":false}]},{"name":"articles_cmps","indexes":[{"name":"articles_field_idx","columns":["field"]},{"name":"articles_component_type_idx","columns":["component_type"]},{"name":"articles_entity_fk","columns":["entity_id"]},{"name":"articles_uq","columns":["entity_id","cmp_id","field","component_type"],"type":"unique"}],"foreignKeys":[{"name":"articles_entity_fk","columns":["entity_id"],"referencedColumns":["id"],"referencedTable":"articles","onDelete":"CASCADE"}],"columns":[{"name":"id","type":"increments","args":[{"primary":true,"primaryKey":true}],"defaultTo":null,"notNullable":true,"unsigned":false},{"name":"entity_id","type":"integer","args":[],"defaultTo":null,"notNullable":false,"unsigned":true},{"name":"cmp_id","type":"integer","args":[],"defaultTo":null,"notNullable":false,"unsigned":true},{"name":"component_type","type":"string","args":[],"defaultTo":null,"notNullable":false,"unsigned":false},{"name":"field","type":"string","args":[],"defaultTo":null,"notNullable":false,"unsigned":false},{"name":"order","type":"double","args":[],"defaultTo":null,"notNullable":false,"unsigned":true}]},{"name":"articles","indexes":[{"name":"articles_documents_idx","columns":["document_id","locale","published_at"]},{"name":"articles_created_by_id_fk","columns":["created_by_id"]},{"name":"articles_updated_by_id_fk","columns":["updated_by_id"]}],"foreignKeys":[{"name":"articles_created_by_id_fk","columns":["created_by_id"],"referencedTable":"admin_users","referencedColumns":["id"],"onDelete":"SET NULL"},{"name":"articles_updated_by_id_fk","columns":["updated_by_id"],"referencedTable":"admin_users","referencedColumns":["id"],"onDelete":"SET NULL"}],"columns":[{"name":"id","type":"increments","args":[{"primary":true,"primaryKey":true}],"defaultTo":null,"notNullable":true,"unsigned":false},{"name":"document_id","type":"string","args":[],"defaultTo":null,"notNullable":false,"unsigned":false},{"name":"title","type":"string","args":[],"defaultTo":null,"notNullable":false,"unsigned":false},{"name":"description","type":"text","args":["longtext"],"defaultTo":null,"notNullable":false,"unsigned":false},{"name":"slug","type":"string","args":[],"defaultTo":null,"notNullable":false,"unsigned":false},{"name":"created_at","type":"datetime","args":[{"useTz":false,"precision":6}],"defaultTo":null,"notNullable":false,"unsigned":false},{"name":"updated_at","type":"datetime","args":[{"useTz":false,"precision":6}],"defaultTo":null,"notNullable":false,"unsigned":false},{"name":"published_at","type":"datetime","args":[{"useTz":false,"precision":6}],"defaultTo":null,"notNullable":false,"unsigned":false},{"name":"created_by_id","type":"integer","args":[],"defaultTo":null,"notNullable":false,"unsigned":true},{"name":"updated_by_id","type":"integer","args":[],"defaultTo":null,"notNullable":false,"unsigned":true},{"name":"locale","type":"string","args":[],"defaultTo":null,"notNullable":false,"unsigned":false}]},{"name":"authors","indexes":[{"name":"authors_documents_idx","columns":["document_id","locale","published_at"]},{"name":"authors_created_by_id_fk","columns":["created_by_id"]},{"name":"authors_updated_by_id_fk","columns":["updated_by_id"]}],"foreignKeys":[{"name":"authors_created_by_id_fk","columns":["created_by_id"],"referencedTable":"admin_users","referencedColumns":["id"],"onDelete":"SET NULL"},{"name":"authors_updated_by_id_fk","columns":["updated_by_id"],"referencedTable":"admin_users","referencedColumns":["id"],"onDelete":"SET NULL"}],"columns":[{"name":"id","type":"increments","args":[{"primary":true,"primaryKey":true}],"defaultTo":null,"notNullable":true,"unsigned":false},{"name":"document_id","type":"string","args":[],"defaultTo":null,"notNullable":false,"unsigned":false},{"name":"name","type":"string","args":[],"defaultTo":null,"notNullable":false,"unsigned":false},{"name":"email","type":"string","args":[],"defaultTo":null,"notNullable":false,"unsigned":false},{"name":"created_at","type":"datetime","args":[{"useTz":false,"precision":6}],"defaultTo":null,"notNullable":false,"unsigned":false},{"name":"updated_at","type":"datetime","args":[{"useTz":false,"precision":6}],"defaultTo":null,"notNullable":false,"unsigned":false},{"name":"published_at","type":"datetime","args":[{"useTz":false,"precision":6}],"defaultTo":null,"notNullable":false,"unsigned":false},{"name":"created_by_id","type":"integer","args":[],"defaultTo":null,"notNullable":false,"unsigned":true},{"name":"updated_by_id","type":"integer","args":[],"defaultTo":null,"notNullable":false,"unsigned":true},{"name":"locale","type":"string","args":[],"defaultTo":null,"notNullable":false,"unsigned":false}]},{"name":"categories","indexes":[{"name":"categories_documents_idx","columns":["document_id","locale","published_at"]},{"name":"categories_created_by_id_fk","columns":["created_by_id"]},{"name":"categories_updated_by_id_fk","columns":["updated_by_id"]}],"foreignKeys":[{"name":"categories_created_by_id_fk","columns":["created_by_id"],"referencedTable":"admin_users","referencedColumns":["id"],"onDelete":"SET NULL"},{"name":"categories_updated_by_id_fk","columns":["updated_by_id"],"referencedTable":"admin_users","referencedColumns":["id"],"onDelete":"SET NULL"}],"columns":[{"name":"id","type":"increments","args":[{"primary":true,"primaryKey":true}],"defaultTo":null,"notNullable":true,"unsigned":false},{"name":"document_id","type":"string","args":[],"defaultTo":null,"notNullable":false,"unsigned":false},{"name":"name","type":"string","args":[],"defaultTo":null,"notNullable":false,"unsigned":false},{"name":"slug","type":"string","args":[],"defaultTo":null,"notNullable":false,"unsigned":false},{"name":"description","type":"text","args":["longtext"],"defaultTo":null,"notNullable":false,"unsigned":false},{"name":"created_at","type":"datetime","args":[{"useTz":false,"precision":6}],"defaultTo":null,"notNullable":false,"unsigned":false},{"name":"updated_at","type":"datetime","args":[{"useTz":false,"precision":6}],"defaultTo":null,"notNullable":false,"unsigned":false},{"name":"published_at","type":"datetime","args":[{"useTz":false,"precision":6}],"defaultTo":null,"notNullable":false,"unsigned":false},{"name":"created_by_id","type":"integer","args":[],"defaultTo":null,"notNullable":false,"unsigned":true},{"name":"updated_by_id","type":"integer","args":[],"defaultTo":null,"notNullable":false,"unsigned":true},{"name":"locale","type":"string","args":[],"defaultTo":null,"notNullable":false,"unsigned":false}]},{"name":"globals_cmps","indexes":[{"name":"globals_field_idx","columns":["field"]},{"name":"globals_component_type_idx","columns":["component_type"]},{"name":"globals_entity_fk","columns":["entity_id"]},{"name":"globals_uq","columns":["entity_id","cmp_id","field","component_type"],"type":"unique"}],"foreignKeys":[{"name":"globals_entity_fk","columns":["entity_id"],"referencedColumns":["id"],"referencedTable":"globals","onDelete":"CASCADE"}],"columns":[{"name":"id","type":"increments","args":[{"primary":true,"primaryKey":true}],"defaultTo":null,"notNullable":true,"unsigned":false},{"name":"entity_id","type":"integer","args":[],"defaultTo":null,"notNullable":false,"unsigned":true},{"name":"cmp_id","type":"integer","args":[],"defaultTo":null,"notNullable":false,"unsigned":true},{"name":"component_type","type":"string","args":[],"defaultTo":null,"notNullable":false,"unsigned":false},{"name":"field","type":"string","args":[],"defaultTo":null,"notNullable":false,"unsigned":false},{"name":"order","type":"double","args":[],"defaultTo":null,"notNullable":false,"unsigned":true}]},{"name":"globals","indexes":[{"name":"globals_documents_idx","columns":["document_id","locale","published_at"]},{"name":"globals_created_by_id_fk","columns":["created_by_id"]},{"name":"globals_updated_by_id_fk","columns":["updated_by_id"]}],"foreignKeys":[{"name":"globals_created_by_id_fk","columns":["created_by_id"],"referencedTable":"admin_users","referencedColumns":["id"],"onDelete":"SET NULL"},{"name":"globals_updated_by_id_fk","columns":["updated_by_id"],"referencedTable":"admin_users","referencedColumns":["id"],"onDelete":"SET NULL"}],"columns":[{"name":"id","type":"increments","args":[{"primary":true,"primaryKey":true}],"defaultTo":null,"notNullable":true,"unsigned":false},{"name":"document_id","type":"string","args":[],"defaultTo":null,"notNullable":false,"unsigned":false},{"name":"site_name","type":"string","args":[],"defaultTo":null,"notNullable":false,"unsigned":false},{"name":"site_description","type":"text","args":["longtext"],"defaultTo":null,"notNullable":false,"unsigned":false},{"name":"created_at","type":"datetime","args":[{"useTz":false,"precision":6}],"defaultTo":null,"notNullable":false,"unsigned":false},{"name":"updated_at","type":"datetime","args":[{"useTz":false,"precision":6}],"defaultTo":null,"notNullable":false,"unsigned":false},{"name":"published_at","type":"datetime","args":[{"useTz":false,"precision":6}],"defaultTo":null,"notNullable":false,"unsigned":false},{"name":"created_by_id","type":"integer","args":[],"defaultTo":null,"notNullable":false,"unsigned":true},{"name":"updated_by_id","type":"integer","args":[],"defaultTo":null,"notNullable":false,"unsigned":true},{"name":"locale","type":"string","args":[],"defaultTo":null,"notNullable":false,"unsigned":false}]},{"name":"projects","indexes":[{"name":"projects_documents_idx","columns":["document_id","locale","published_at"]},{"name":"projects_created_by_id_fk","columns":["created_by_id"]},{"name":"projects_updated_by_id_fk","columns":["updated_by_id"]}],"foreignKeys":[{"name":"projects_created_by_id_fk","columns":["created_by_id"],"referencedTable":"admin_users","referencedColumns":["id"],"onDelete":"SET NULL"},{"name":"projects_updated_by_id_fk","columns":["updated_by_id"],"referencedTable":"admin_users","referencedColumns":["id"],"onDelete":"SET NULL"}],"columns":[{"name":"id","type":"increments","args":[{"primary":true,"primaryKey":true}],"defaultTo":null,"notNullable":true,"unsigned":false},{"name":"document_id","type":"string","args":[],"defaultTo":null,"notNullable":false,"unsigned":false},{"name":"name","type":"string","args":[],"defaultTo":null,"notNullable":false,"unsigned":false},{"name":"slug","type":"string","args":[],"defaultTo":null,"notNullable":false,"unsigned":false},{"name":"short_description","type":"text","args":["longtext"],"defaultTo":null,"notNullable":false,"unsigned":false},{"name":"description","type":"text","args":["longtext"],"defaultTo":null,"notNullable":false,"unsigned":false},{"name":"project_status","type":"string","args":[],"defaultTo":null,"notNullable":false,"unsigned":false},{"name":"location","type":"string","args":[],"defaultTo":null,"notNullable":false,"unsigned":false},{"name":"created_at","type":"datetime","args":[{"useTz":false,"precision":6}],"defaultTo":null,"notNullable":false,"unsigned":false},{"name":"updated_at","type":"datetime","args":[{"useTz":false,"precision":6}],"defaultTo":null,"notNullable":false,"unsigned":false},{"name":"published_at","type":"datetime","args":[{"useTz":false,"precision":6}],"defaultTo":null,"notNullable":false,"unsigned":false},{"name":"created_by_id","type":"integer","args":[],"defaultTo":null,"notNullable":false,"unsigned":true},{"name":"updated_by_id","type":"integer","args":[],"defaultTo":null,"notNullable":false,"unsigned":true},{"name":"locale","type":"string","args":[],"defaultTo":null,"notNullable":false,"unsigned":false}]},{"name":"project_features","indexes":[{"name":"project_features_documents_idx","columns":["document_id","locale","published_at"]},{"name":"project_features_created_by_id_fk","columns":["created_by_id"]},{"name":"project_features_updated_by_id_fk","columns":["updated_by_id"]}],"foreignKeys":[{"name":"project_features_created_by_id_fk","columns":["created_by_id"],"referencedTable":"admin_users","referencedColumns":["id"],"onDelete":"SET NULL"},{"name":"project_features_updated_by_id_fk","columns":["updated_by_id"],"referencedTable":"admin_users","referencedColumns":["id"],"onDelete":"SET NULL"}],"columns":[{"name":"id","type":"increments","args":[{"primary":true,"primaryKey":true}],"defaultTo":null,"notNullable":true,"unsigned":false},{"name":"document_id","type":"string","args":[],"defaultTo":null,"notNullable":false,"unsigned":false},{"name":"key","type":"string","args":[],"defaultTo":null,"notNullable":false,"unsigned":false},{"name":"label","type":"string","args":[],"defaultTo":null,"notNullable":false,"unsigned":false},{"name":"value","type":"string","args":[],"defaultTo":null,"notNullable":false,"unsigned":false},{"name":"created_at","type":"datetime","args":[{"useTz":false,"precision":6}],"defaultTo":null,"notNullable":false,"unsigned":false},{"name":"updated_at","type":"datetime","args":[{"useTz":false,"precision":6}],"defaultTo":null,"notNullable":false,"unsigned":false},{"name":"published_at","type":"datetime","args":[{"useTz":false,"precision":6}],"defaultTo":null,"notNullable":false,"unsigned":false},{"name":"created_by_id","type":"integer","args":[],"defaultTo":null,"notNullable":false,"unsigned":true},{"name":"updated_by_id","type":"integer","args":[],"defaultTo":null,"notNullable":false,"unsigned":true},{"name":"locale","type":"string","args":[],"defaultTo":null,"notNullable":false,"unsigned":false}]},{"name":"project_timings","indexes":[{"name":"project_timings_documents_idx","columns":["document_id","locale","published_at"]},{"name":"project_timings_created_by_id_fk","columns":["created_by_id"]},{"name":"project_timings_updated_by_id_fk","columns":["updated_by_id"]}],"foreignKeys":[{"name":"project_timings_created_by_id_fk","columns":["created_by_id"],"referencedTable":"admin_users","referencedColumns":["id"],"onDelete":"SET NULL"},{"name":"project_timings_updated_by_id_fk","columns":["updated_by_id"],"referencedTable":"admin_users","referencedColumns":["id"],"onDelete":"SET NULL"}],"columns":[{"name":"id","type":"increments","args":[{"primary":true,"primaryKey":true}],"defaultTo":null,"notNullable":true,"unsigned":false},{"name":"document_id","type":"string","args":[],"defaultTo":null,"notNullable":false,"unsigned":false},{"name":"type","type":"string","args":[],"defaultTo":null,"notNullable":false,"unsigned":false},{"name":"minutes","type":"integer","args":[],"defaultTo":null,"notNullable":false,"unsigned":false},{"name":"created_at","type":"datetime","args":[{"useTz":false,"precision":6}],"defaultTo":null,"notNullable":false,"unsigned":false},{"name":"updated_at","type":"datetime","args":[{"useTz":false,"precision":6}],"defaultTo":null,"notNullable":false,"unsigned":false},{"name":"published_at","type":"datetime","args":[{"useTz":false,"precision":6}],"defaultTo":null,"notNullable":false,"unsigned":false},{"name":"created_by_id","type":"integer","args":[],"defaultTo":null,"notNullable":false,"unsigned":true},{"name":"updated_by_id","type":"integer","args":[],"defaultTo":null,"notNullable":false,"unsigned":true},{"name":"locale","type":"string","args":[],"defaultTo":null,"notNullable":false,"unsigned":false}]},{"name":"project_typologies","indexes":[{"name":"project_typologies_documents_idx","columns":["document_id","locale","published_at"]},{"name":"project_typologies_created_by_id_fk","columns":["created_by_id"]},{"name":"project_typologies_updated_by_id_fk","columns":["updated_by_id"]}],"foreignKeys":[{"name":"project_typologies_created_by_id_fk","columns":["created_by_id"],"referencedTable":"admin_users","referencedColumns":["id"],"onDelete":"SET NULL"},{"name":"project_typologies_updated_by_id_fk","columns":["updated_by_id"],"referencedTable":"admin_users","referencedColumns":["id"],"onDelete":"SET NULL"}],"columns":[{"name":"id","type":"increments","args":[{"primary":true,"primaryKey":true}],"defaultTo":null,"notNullable":true,"unsigned":false},{"name":"document_id","type":"string","args":[],"defaultTo":null,"notNullable":false,"unsigned":false},{"name":"code","type":"string","args":[],"defaultTo":null,"notNullable":false,"unsigned":false},{"name":"surface_min","type":"integer","args":[],"defaultTo":null,"notNullable":false,"unsigned":false},{"name":"surface_max","type":"integer","args":[],"defaultTo":null,"notNullable":false,"unsigned":false},{"name":"price_from","type":"bigInteger","args":[],"defaultTo":null,"notNullable":false,"unsigned":false},{"name":"status","type":"string","args":[],"defaultTo":null,"notNullable":false,"unsigned":false},{"name":"created_at","type":"datetime","args":[{"useTz":false,"precision":6}],"defaultTo":null,"notNullable":false,"unsigned":false},{"name":"updated_at","type":"datetime","args":[{"useTz":false,"precision":6}],"defaultTo":null,"notNullable":false,"unsigned":false},{"name":"published_at","type":"datetime","args":[{"useTz":false,"precision":6}],"defaultTo":null,"notNullable":false,"unsigned":false},{"name":"created_by_id","type":"integer","args":[],"defaultTo":null,"notNullable":false,"unsigned":true},{"name":"updated_by_id","type":"integer","args":[],"defaultTo":null,"notNullable":false,"unsigned":true},{"name":"locale","type":"string","args":[],"defaultTo":null,"notNullable":false,"unsigned":false}]},{"name":"admin_permissions","indexes":[{"name":"admin_permissions_documents_idx","columns":["document_id","locale","published_at"]},{"name":"admin_permissions_created_by_id_fk","columns":["created_by_id"]},{"name":"admin_permissions_updated_by_id_fk","columns":["updated_by_id"]}],"foreignKeys":[{"name":"admin_permissions_created_by_id_fk","columns":["created_by_id"],"referencedTable":"admin_users","referencedColumns":["id"],"onDelete":"SET NULL"},{"name":"admin_permissions_updated_by_id_fk","columns":["updated_by_id"],"referencedTable":"admin_users","referencedColumns":["id"],"onDelete":"SET NULL"}],"columns":[{"name":"id","type":"increments","args":[{"primary":true,"primaryKey":true}],"defaultTo":null,"notNullable":true,"unsigned":false},{"name":"document_id","type":"string","args":[],"defaultTo":null,"notNullable":false,"unsigned":false},{"name":"action","type":"string","args":[],"defaultTo":null,"notNullable":false,"unsigned":false},{"name":"action_parameters","type":"jsonb","args":[],"defaultTo":null,"notNullable":false,"unsigned":false},{"name":"subject","type":"string","args":[],"defaultTo":null,"notNullable":false,"unsigned":false},{"name":"properties","type":"jsonb","args":[],"defaultTo":null,"notNullable":false,"unsigned":false},{"name":"conditions","type":"jsonb","args":[],"defaultTo":null,"notNullable":false,"unsigned":false},{"name":"created_at","type":"datetime","args":[{"useTz":false,"precision":6}],"defaultTo":null,"notNullable":false,"unsigned":false},{"name":"updated_at","type":"datetime","args":[{"useTz":false,"precision":6}],"defaultTo":null,"notNullable":false,"unsigned":false},{"name":"published_at","type":"datetime","args":[{"useTz":false,"precision":6}],"defaultTo":null,"notNullable":false,"unsigned":false},{"name":"created_by_id","type":"integer","args":[],"defaultTo":null,"notNullable":false,"unsigned":true},{"name":"updated_by_id","type":"integer","args":[],"defaultTo":null,"notNullable":false,"unsigned":true},{"name":"locale","type":"string","args":[],"defaultTo":null,"notNullable":false,"unsigned":false}]},{"name":"admin_users","indexes":[{"name":"admin_users_documents_idx","columns":["document_id","locale","published_at"]},{"name":"admin_users_created_by_id_fk","columns":["created_by_id"]},{"name":"admin_users_updated_by_id_fk","columns":["updated_by_id"]}],"foreignKeys":[{"name":"admin_users_created_by_id_fk","columns":["created_by_id"],"referencedTable":"admin_users","referencedColumns":["id"],"onDelete":"SET NULL"},{"name":"admin_users_updated_by_id_fk","columns":["updated_by_id"],"referencedTable":"admin_users","referencedColumns":["id"],"onDelete":"SET NULL"}],"columns":[{"name":"id","type":"increments","args":[{"primary":true,"primaryKey":true}],"defaultTo":null,"notNullable":true,"unsigned":false},{"name":"document_id","type":"string","args":[],"defaultTo":null,"notNullable":false,"unsigned":false},{"name":"firstname","type":"string","args":[],"defaultTo":null,"notNullable":false,"unsigned":false},{"name":"lastname","type":"string","args":[],"defaultTo":null,"notNullable":false,"unsigned":false},{"name":"username","type":"string","args":[],"defaultTo":null,"notNullable":false,"unsigned":false},{"name":"email","type":"string","args":[],"defaultTo":null,"notNullable":false,"unsigned":false},{"name":"password","type":"string","args":[],"defaultTo":null,"notNullable":false,"unsigned":false},{"name":"reset_password_token","type":"string","args":[],"defaultTo":null,"notNullable":false,"unsigned":false},{"name":"registration_token","type":"string","args":[],"defaultTo":null,"notNullable":false,"unsigned":false},{"name":"is_active","type":"boolean","args":[],"defaultTo":null,"notNullable":false,"unsigned":false},{"name":"blocked","type":"boolean","args":[],"defaultTo":null,"notNullable":false,"unsigned":false},{"name":"prefered_language","type":"string","args":[],"defaultTo":null,"notNullable":false,"unsigned":false},{"name":"created_at","type":"datetime","args":[{"useTz":false,"precision":6}],"defaultTo":null,"notNullable":false,"unsigned":false},{"name":"updated_at","type":"datetime","args":[{"useTz":false,"precision":6}],"defaultTo":null,"notNullable":false,"unsigned":false},{"name":"published_at","type":"datetime","args":[{"useTz":false,"precision":6}],"defaultTo":null,"notNullable":false,"unsigned":false},{"name":"created_by_id","type":"integer","args":[],"defaultTo":null,"notNullable":false,"unsigned":true},{"name":"updated_by_id","type":"integer","args":[],"defaultTo":null,"notNullable":false,"unsigned":true},{"name":"locale","type":"string","args":[],"defaultTo":null,"notNullable":false,"unsigned":false}]},{"name":"admin_roles","indexes":[{"name":"admin_roles_documents_idx","columns":["document_id","locale","published_at"]},{"name":"admin_roles_created_by_id_fk","columns":["created_by_id"]},{"name":"admin_roles_updated_by_id_fk","columns":["updated_by_id"]}],"foreignKeys":[{"name":"admin_roles_created_by_id_fk","columns":["created_by_id"],"referencedTable":"admin_users","referencedColumns":["id"],"onDelete":"SET NULL"},{"name":"admin_roles_updated_by_id_fk","columns":["updated_by_id"],"referencedTable":"admin_users","referencedColumns":["id"],"onDelete":"SET NULL"}],"columns":[{"name":"id","type":"increments","args":[{"primary":true,"primaryKey":true}],"defaultTo":null,"notNullable":true,"unsigned":false},{"name":"document_id","type":"string","args":[],"defaultTo":null,"notNullable":false,"unsigned":false},{"name":"name","type":"string","args":[],"defaultTo":null,"notNullable":false,"unsigned":false},{"name":"code","type":"string","args":[],"defaultTo":null,"notNullable":false,"unsigned":false},{"name":"description","type":"string","args":[],"defaultTo":null,"notNullable":false,"unsigned":false},{"name":"created_at","type":"datetime","args":[{"useTz":false,"precision":6}],"defaultTo":null,"notNullable":false,"unsigned":false},{"name":"updated_at","type":"datetime","args":[{"useTz":false,"precision":6}],"defaultTo":null,"notNullable":false,"unsigned":false},{"name":"published_at","type":"datetime","args":[{"useTz":false,"precision":6}],"defaultTo":null,"notNullable":false,"unsigned":false},{"name":"created_by_id","type":"integer","args":[],"defaultTo":null,"notNullable":false,"unsigned":true},{"name":"updated_by_id","type":"integer","args":[],"defaultTo":null,"notNullable":false,"unsigned":true},{"name":"locale","type":"string","args":[],"defaultTo":null,"notNullable":false,"unsigned":false}]},{"name":"strapi_api_tokens","indexes":[{"name":"strapi_api_tokens_documents_idx","columns":["document_id","locale","published_at"]},{"name":"strapi_api_tokens_created_by_id_fk","columns":["created_by_id"]},{"name":"strapi_api_tokens_updated_by_id_fk","columns":["updated_by_id"]}],"foreignKeys":[{"name":"strapi_api_tokens_created_by_id_fk","columns":["created_by_id"],"referencedTable":"admin_users","referencedColumns":["id"],"onDelete":"SET NULL"},{"name":"strapi_api_tokens_updated_by_id_fk","columns":["updated_by_id"],"referencedTable":"admin_users","referencedColumns":["id"],"onDelete":"SET NULL"}],"columns":[{"name":"id","type":"increments","args":[{"primary":true,"primaryKey":true}],"defaultTo":null,"notNullable":true,"unsigned":false},{"name":"document_id","type":"string","args":[],"defaultTo":null,"notNullable":false,"unsigned":false},{"name":"name","type":"string","args":[],"defaultTo":null,"notNullable":false,"unsigned":false},{"name":"description","type":"string","args":[],"defaultTo":null,"notNullable":false,"unsigned":false},{"name":"type","type":"string","args":[],"defaultTo":null,"notNullable":false,"unsigned":false},{"name":"access_key","type":"string","args":[],"defaultTo":null,"notNullable":false,"unsigned":false},{"name":"encrypted_key","type":"text","args":["longtext"],"defaultTo":null,"notNullable":false,"unsigned":false},{"name":"last_used_at","type":"datetime","args":[{"useTz":false,"precision":6}],"defaultTo":null,"notNullable":false,"unsigned":false},{"name":"expires_at","type":"datetime","args":[{"useTz":false,"precision":6}],"defaultTo":null,"notNullable":false,"unsigned":false},{"name":"lifespan","type":"bigInteger","args":[],"defaultTo":null,"notNullable":false,"unsigned":false},{"name":"created_at","type":"datetime","args":[{"useTz":false,"precision":6}],"defaultTo":null,"notNullable":false,"unsigned":false},{"name":"updated_at","type":"datetime","args":[{"useTz":false,"precision":6}],"defaultTo":null,"notNullable":false,"unsigned":false},{"name":"published_at","type":"datetime","args":[{"useTz":false,"precision":6}],"defaultTo":null,"notNullable":false,"unsigned":false},{"name":"created_by_id","type":"integer","args":[],"defaultTo":null,"notNullable":false,"unsigned":true},{"name":"updated_by_id","type":"integer","args":[],"defaultTo":null,"notNullable":false,"unsigned":true},{"name":"locale","type":"string","args":[],"defaultTo":null,"notNullable":false,"unsigned":false}]},{"name":"strapi_api_token_permissions","indexes":[{"name":"strapi_api_token_permissions_documents_idx","columns":["document_id","locale","published_at"]},{"name":"strapi_api_token_permissions_created_by_id_fk","columns":["created_by_id"]},{"name":"strapi_api_token_permissions_updated_by_id_fk","columns":["updated_by_id"]}],"foreignKeys":[{"name":"strapi_api_token_permissions_created_by_id_fk","columns":["created_by_id"],"referencedTable":"admin_users","referencedColumns":["id"],"onDelete":"SET NULL"},{"name":"strapi_api_token_permissions_updated_by_id_fk","columns":["updated_by_id"],"referencedTable":"admin_users","referencedColumns":["id"],"onDelete":"SET NULL"}],"columns":[{"name":"id","type":"increments","args":[{"primary":true,"primaryKey":true}],"defaultTo":null,"notNullable":true,"unsigned":false},{"name":"document_id","type":"string","args":[],"defaultTo":null,"notNullable":false,"unsigned":false},{"name":"action","type":"string","args":[],"defaultTo":null,"notNullable":false,"unsigned":false},{"name":"created_at","type":"datetime","args":[{"useTz":false,"precision":6}],"defaultTo":null,"notNullable":false,"unsigned":false},{"name":"updated_at","type":"datetime","args":[{"useTz":false,"precision":6}],"defaultTo":null,"notNullable":false,"unsigned":false},{"name":"published_at","type":"datetime","args":[{"useTz":false,"precision":6}],"defaultTo":null,"notNullable":false,"unsigned":false},{"name":"created_by_id","type":"integer","args":[],"defaultTo":null,"notNullable":false,"unsigned":true},{"name":"updated_by_id","type":"integer","args":[],"defaultTo":null,"notNullable":false,"unsigned":true},{"name":"locale","type":"string","args":[],"defaultTo":null,"notNullable":false,"unsigned":false}]},{"name":"strapi_transfer_tokens","indexes":[{"name":"strapi_transfer_tokens_documents_idx","columns":["document_id","locale","published_at"]},{"name":"strapi_transfer_tokens_created_by_id_fk","columns":["created_by_id"]},{"name":"strapi_transfer_tokens_updated_by_id_fk","columns":["updated_by_id"]}],"foreignKeys":[{"name":"strapi_transfer_tokens_created_by_id_fk","columns":["created_by_id"],"referencedTable":"admin_users","referencedColumns":["id"],"onDelete":"SET NULL"},{"name":"strapi_transfer_tokens_updated_by_id_fk","columns":["updated_by_id"],"referencedTable":"admin_users","referencedColumns":["id"],"onDelete":"SET NULL"}],"columns":[{"name":"id","type":"increments","args":[{"primary":true,"primaryKey":true}],"defaultTo":null,"notNullable":true,"unsigned":false},{"name":"document_id","type":"string","args":[],"defaultTo":null,"notNullable":false,"unsigned":false},{"name":"name","type":"string","args":[],"defaultTo":null,"notNullable":false,"unsigned":false},{"name":"description","type":"string","args":[],"defaultTo":null,"notNullable":false,"unsigned":false},{"name":"access_key","type":"string","args":[],"defaultTo":null,"notNullable":false,"unsigned":false},{"name":"last_used_at","type":"datetime","args":[{"useTz":false,"precision":6}],"defaultTo":null,"notNullable":false,"unsigned":false},{"name":"expires_at","type":"datetime","args":[{"useTz":false,"precision":6}],"defaultTo":null,"notNullable":false,"unsigned":false},{"name":"lifespan","type":"bigInteger","args":[],"defaultTo":null,"notNullable":false,"unsigned":false},{"name":"created_at","type":"datetime","args":[{"useTz":false,"precision":6}],"defaultTo":null,"notNullable":false,"unsigned":false},{"name":"updated_at","type":"datetime","args":[{"useTz":false,"precision":6}],"defaultTo":null,"notNullable":false,"unsigned":false},{"name":"published_at","type":"datetime","args":[{"useTz":false,"precision":6}],"defaultTo":null,"notNullable":false,"unsigned":false},{"name":"created_by_id","type":"integer","args":[],"defaultTo":null,"notNullable":false,"unsigned":true},{"name":"updated_by_id","type":"integer","args":[],"defaultTo":null,"notNullable":false,"unsigned":true},{"name":"locale","type":"string","args":[],"defaultTo":null,"notNullable":false,"unsigned":false}]},{"name":"strapi_transfer_token_permissions","indexes":[{"name":"strapi_transfer_token_permissions_documents_idx","columns":["document_id","locale","published_at"]},{"name":"strapi_transfer_token_permissions_created_by_id_fk","columns":["created_by_id"]},{"name":"strapi_transfer_token_permissions_updated_by_id_fk","columns":["updated_by_id"]}],"foreignKeys":[{"name":"strapi_transfer_token_permissions_created_by_id_fk","columns":["created_by_id"],"referencedTable":"admin_users","referencedColumns":["id"],"onDelete":"SET NULL"},{"name":"strapi_transfer_token_permissions_updated_by_id_fk","columns":["updated_by_id"],"referencedTable":"admin_users","referencedColumns":["id"],"onDelete":"SET NULL"}],"columns":[{"name":"id","type":"increments","args":[{"primary":true,"primaryKey":true}],"defaultTo":null,"notNullable":true,"unsigned":false},{"name":"document_id","type":"string","args":[],"defaultTo":null,"notNullable":false,"unsigned":false},{"name":"action","type":"string","args":[],"defaultTo":null,"notNullable":false,"unsigned":false},{"name":"created_at","type":"datetime","args":[{"useTz":false,"precision":6}],"defaultTo":null,"notNullable":false,"unsigned":false},{"name":"updated_at","type":"datetime","args":[{"useTz":false,"precision":6}],"defaultTo":null,"notNullable":false,"unsigned":false},{"name":"published_at","type":"datetime","args":[{"useTz":false,"precision":6}],"defaultTo":null,"notNullable":false,"unsigned":false},{"name":"created_by_id","type":"integer","args":[],"defaultTo":null,"notNullable":false,"unsigned":true},{"name":"updated_by_id","type":"integer","args":[],"defaultTo":null,"notNullable":false,"unsigned":true},{"name":"locale","type":"string","args":[],"defaultTo":null,"notNullable":false,"unsigned":false}]},{"name":"strapi_sessions","indexes":[{"name":"strapi_sessions_documents_idx","columns":["document_id","locale","published_at"]},{"name":"strapi_sessions_created_by_id_fk","columns":["created_by_id"]},{"name":"strapi_sessions_updated_by_id_fk","columns":["updated_by_id"]}],"foreignKeys":[{"name":"strapi_sessions_created_by_id_fk","columns":["created_by_id"],"referencedTable":"admin_users","referencedColumns":["id"],"onDelete":"SET NULL"},{"name":"strapi_sessions_updated_by_id_fk","columns":["updated_by_id"],"referencedTable":"admin_users","referencedColumns":["id"],"onDelete":"SET NULL"}],"columns":[{"name":"id","type":"increments","args":[{"primary":true,"primaryKey":true}],"defaultTo":null,"notNullable":true,"unsigned":false},{"name":"document_id","type":"string","args":[],"defaultTo":null,"notNullable":false,"unsigned":false},{"name":"user_id","type":"string","args":[],"defaultTo":null,"notNullable":false,"unsigned":false},{"name":"session_id","type":"string","args":[],"defaultTo":null,"notNullable":false,"unsigned":false},{"name":"child_id","type":"string","args":[],"defaultTo":null,"notNullable":false,"unsigned":false},{"name":"device_id","type":"string","args":[],"defaultTo":null,"notNullable":false,"unsigned":false},{"name":"origin","type":"string","args":[],"defaultTo":null,"notNullable":false,"unsigned":false},{"name":"expires_at","type":"datetime","args":[{"useTz":false,"precision":6}],"defaultTo":null,"notNullable":false,"unsigned":false},{"name":"absolute_expires_at","type":"datetime","args":[{"useTz":false,"precision":6}],"defaultTo":null,"notNullable":false,"unsigned":false},{"name":"status","type":"string","args":[],"defaultTo":null,"notNullable":false,"unsigned":false},{"name":"type","type":"string","args":[],"defaultTo":null,"notNullable":false,"unsigned":false},{"name":"created_at","type":"datetime","args":[{"useTz":false,"precision":6}],"defaultTo":null,"notNullable":false,"unsigned":false},{"name":"updated_at","type":"datetime","args":[{"useTz":false,"precision":6}],"defaultTo":null,"notNullable":false,"unsigned":false},{"name":"published_at","type":"datetime","args":[{"useTz":false,"precision":6}],"defaultTo":null,"notNullable":false,"unsigned":false},{"name":"created_by_id","type":"integer","args":[],"defaultTo":null,"notNullable":false,"unsigned":true},{"name":"updated_by_id","type":"integer","args":[],"defaultTo":null,"notNullable":false,"unsigned":true},{"name":"locale","type":"string","args":[],"defaultTo":null,"notNullable":false,"unsigned":false}]},{"name":"components_shared_sliders","indexes":[],"foreignKeys":[],"columns":[{"name":"id","type":"increments","args":[{"primary":true,"primaryKey":true}],"defaultTo":null,"notNullable":true,"unsigned":false}]},{"name":"components_shared_seos","indexes":[],"foreignKeys":[],"columns":[{"name":"id","type":"increments","args":[{"primary":true,"primaryKey":true}],"defaultTo":null,"notNullable":true,"unsigned":false},{"name":"meta_title","type":"string","args":[],"defaultTo":null,"notNullable":false,"unsigned":false},{"name":"meta_description","type":"text","args":["longtext"],"defaultTo":null,"notNullable":false,"unsigned":false}]},{"name":"components_shared_rich_texts","indexes":[],"foreignKeys":[],"columns":[{"name":"id","type":"increments","args":[{"primary":true,"primaryKey":true}],"defaultTo":null,"notNullable":true,"unsigned":false},{"name":"body","type":"text","args":["longtext"],"defaultTo":null,"notNullable":false,"unsigned":false}]},{"name":"components_shared_quotes","indexes":[],"foreignKeys":[],"columns":[{"name":"id","type":"increments","args":[{"primary":true,"primaryKey":true}],"defaultTo":null,"notNullable":true,"unsigned":false},{"name":"title","type":"string","args":[],"defaultTo":null,"notNullable":false,"unsigned":false},{"name":"body","type":"text","args":["longtext"],"defaultTo":null,"notNullable":false,"unsigned":false}]},{"name":"components_shared_media","indexes":[],"foreignKeys":[],"columns":[{"name":"id","type":"increments","args":[{"primary":true,"primaryKey":true}],"defaultTo":null,"notNullable":true,"unsigned":false}]},{"name":"strapi_core_store_settings","indexes":[],"foreignKeys":[],"columns":[{"name":"id","type":"increments","args":[{"primary":true,"primaryKey":true}],"defaultTo":null,"notNullable":true,"unsigned":false},{"name":"key","type":"string","args":[],"defaultTo":null,"notNullable":false,"unsigned":false},{"name":"value","type":"text","args":["longtext"],"defaultTo":null,"notNullable":false,"unsigned":false},{"name":"type","type":"string","args":[],"defaultTo":null,"notNullable":false,"unsigned":false},{"name":"environment","type":"string","args":[],"defaultTo":null,"notNullable":false,"unsigned":false},{"name":"tag","type":"string","args":[],"defaultTo":null,"notNullable":false,"unsigned":false}]},{"name":"strapi_webhooks","indexes":[],"foreignKeys":[],"columns":[{"name":"id","type":"increments","args":[{"primary":true,"primaryKey":true}],"defaultTo":null,"notNullable":true,"unsigned":false},{"name":"name","type":"string","args":[],"defaultTo":null,"notNullable":false,"unsigned":false},{"name":"url","type":"text","args":["longtext"],"defaultTo":null,"notNullable":false,"unsigned":false},{"name":"headers","type":"jsonb","args":[],"defaultTo":null,"notNullable":false,"unsigned":false},{"name":"events","type":"jsonb","args":[],"defaultTo":null,"notNullable":false,"unsigned":false},{"name":"enabled","type":"boolean","args":[],"defaultTo":null,"notNullable":false,"unsigned":false}]},{"name":"strapi_history_versions","indexes":[{"name":"strapi_history_versions_created_by_id_fk","columns":["created_by_id"]}],"foreignKeys":[{"name":"strapi_history_versions_created_by_id_fk","columns":["created_by_id"],"referencedTable":"admin_users","referencedColumns":["id"],"onDelete":"SET NULL"}],"columns":[{"name":"id","type":"increments","args":[{"primary":true,"primaryKey":true}],"defaultTo":null,"notNullable":true,"unsigned":false},{"name":"content_type","type":"string","args":[],"defaultTo":null,"notNullable":true,"unsigned":false},{"name":"related_document_id","type":"string","args":[],"defaultTo":null,"notNullable":false,"unsigned":false},{"name":"locale","type":"string","args":[],"defaultTo":null,"notNullable":false,"unsigned":false},{"name":"status","type":"string","args":[],"defaultTo":null,"notNullable":false,"unsigned":false},{"name":"data","type":"jsonb","args":[],"defaultTo":null,"notNullable":false,"unsigned":false},{"name":"schema","type":"jsonb","args":[],"defaultTo":null,"notNullable":false,"unsigned":false},{"name":"created_at","type":"datetime","args":[{"useTz":false,"precision":6}],"defaultTo":null,"notNullable":false,"unsigned":false},{"name":"created_by_id","type":"integer","args":[],"defaultTo":null,"notNullable":false,"unsigned":true}]},{"name":"strapi_ai_localization_jobs","indexes":[],"foreignKeys":[],"columns":[{"name":"id","type":"increments","args":[{"primary":true,"primaryKey":true}],"defaultTo":null,"notNullable":true,"unsigned":false},{"name":"content_type","type":"string","args":[],"defaultTo":null,"notNullable":true,"unsigned":false},{"name":"related_document_id","type":"string","args":[],"defaultTo":null,"notNullable":true,"unsigned":false},{"name":"source_locale","type":"string","args":[],"defaultTo":null,"notNullable":true,"unsigned":false},{"name":"target_locales","type":"jsonb","args":[],"defaultTo":null,"notNullable":true,"unsigned":false},{"name":"status","type":"string","args":[],"defaultTo":null,"notNullable":true,"unsigned":false},{"name":"created_at","type":"datetime","args":[{"useTz":false,"precision":6}],"defaultTo":null,"notNullable":false,"unsigned":false},{"name":"updated_at","type":"datetime","args":[{"useTz":false,"precision":6}],"defaultTo":null,"notNullable":false,"unsigned":false}]},{"name":"files_related_mph","indexes":[{"name":"files_related_mph_fk","columns":["file_id"]},{"name":"files_related_mph_oidx","columns":["order"]},{"name":"files_related_mph_idix","columns":["related_id"]}],"foreignKeys":[{"name":"files_related_mph_fk","columns":["file_id"],"referencedColumns":["id"],"referencedTable":"files","onDelete":"CASCADE"}],"columns":[{"name":"id","type":"increments","args":[{"primary":true,"primaryKey":true}],"defaultTo":null,"notNullable":true,"unsigned":false},{"name":"file_id","type":"integer","args":[],"defaultTo":null,"notNullable":false,"unsigned":true},{"name":"related_id","type":"integer","args":[],"defaultTo":null,"notNullable":false,"unsigned":true},{"name":"related_type","type":"string","args":[],"defaultTo":null,"notNullable":false,"unsigned":false},{"name":"field","type":"string","args":[],"defaultTo":null,"notNullable":false,"unsigned":false},{"name":"order","type":"double","args":[],"defaultTo":null,"notNullable":false,"unsigned":true}]},{"name":"files_folder_lnk","indexes":[{"name":"files_folder_lnk_fk","columns":["file_id"]},{"name":"files_folder_lnk_ifk","columns":["folder_id"]},{"name":"files_folder_lnk_uq","columns":["file_id","folder_id"],"type":"unique"},{"name":"files_folder_lnk_oifk","columns":["file_ord"]}],"foreignKeys":[{"name":"files_folder_lnk_fk","columns":["file_id"],"referencedColumns":["id"],"referencedTable":"files","onDelete":"CASCADE"},{"name":"files_folder_lnk_ifk","columns":["folder_id"],"referencedColumns":["id"],"referencedTable":"upload_folders","onDelete":"CASCADE"}],"columns":[{"name":"id","type":"increments","args":[{"primary":true,"primaryKey":true}],"defaultTo":null,"notNullable":true,"unsigned":false},{"name":"file_id","type":"integer","args":[],"defaultTo":null,"notNullable":false,"unsigned":true},{"name":"folder_id","type":"integer","args":[],"defaultTo":null,"notNullable":false,"unsigned":true},{"name":"file_ord","type":"double","args":[],"defaultTo":null,"notNullable":false,"unsigned":true}]},{"name":"upload_folders_parent_lnk","indexes":[{"name":"upload_folders_parent_lnk_fk","columns":["folder_id"]},{"name":"upload_folders_parent_lnk_ifk","columns":["inv_folder_id"]},{"name":"upload_folders_parent_lnk_uq","columns":["folder_id","inv_folder_id"],"type":"unique"},{"name":"upload_folders_parent_lnk_oifk","columns":["folder_ord"]}],"foreignKeys":[{"name":"upload_folders_parent_lnk_fk","columns":["folder_id"],"referencedColumns":["id"],"referencedTable":"upload_folders","onDelete":"CASCADE"},{"name":"upload_folders_parent_lnk_ifk","columns":["inv_folder_id"],"referencedColumns":["id"],"referencedTable":"upload_folders","onDelete":"CASCADE"}],"columns":[{"name":"id","type":"increments","args":[{"primary":true,"primaryKey":true}],"defaultTo":null,"notNullable":true,"unsigned":false},{"name":"folder_id","type":"integer","args":[],"defaultTo":null,"notNullable":false,"unsigned":true},{"name":"inv_folder_id","type":"integer","args":[],"defaultTo":null,"notNullable":false,"unsigned":true},{"name":"folder_ord","type":"double","args":[],"defaultTo":null,"notNullable":false,"unsigned":true}]},{"name":"strapi_release_actions_release_lnk","indexes":[{"name":"strapi_release_actions_release_lnk_fk","columns":["release_action_id"]},{"name":"strapi_release_actions_release_lnk_ifk","columns":["release_id"]},{"name":"strapi_release_actions_release_lnk_uq","columns":["release_action_id","release_id"],"type":"unique"},{"name":"strapi_release_actions_release_lnk_oifk","columns":["release_action_ord"]}],"foreignKeys":[{"name":"strapi_release_actions_release_lnk_fk","columns":["release_action_id"],"referencedColumns":["id"],"referencedTable":"strapi_release_actions","onDelete":"CASCADE"},{"name":"strapi_release_actions_release_lnk_ifk","columns":["release_id"],"referencedColumns":["id"],"referencedTable":"strapi_releases","onDelete":"CASCADE"}],"columns":[{"name":"id","type":"increments","args":[{"primary":true,"primaryKey":true}],"defaultTo":null,"notNullable":true,"unsigned":false},{"name":"release_action_id","type":"integer","args":[],"defaultTo":null,"notNullable":false,"unsigned":true},{"name":"release_id","type":"integer","args":[],"defaultTo":null,"notNullable":false,"unsigned":true},{"name":"release_action_ord","type":"double","args":[],"defaultTo":null,"notNullable":false,"unsigned":true}]},{"name":"strapi_workflows_stage_required_to_publish_lnk","indexes":[{"name":"strapi_workflows_stage_required_to_publish_lnk_fk","columns":["workflow_id"]},{"name":"strapi_workflows_stage_required_to_publish_lnk_ifk","columns":["workflow_stage_id"]},{"name":"strapi_workflows_stage_required_to_publish_lnk_uq","columns":["workflow_id","workflow_stage_id"],"type":"unique"}],"foreignKeys":[{"name":"strapi_workflows_stage_required_to_publish_lnk_fk","columns":["workflow_id"],"referencedColumns":["id"],"referencedTable":"strapi_workflows","onDelete":"CASCADE"},{"name":"strapi_workflows_stage_required_to_publish_lnk_ifk","columns":["workflow_stage_id"],"referencedColumns":["id"],"referencedTable":"strapi_workflows_stages","onDelete":"CASCADE"}],"columns":[{"name":"id","type":"increments","args":[{"primary":true,"primaryKey":true}],"defaultTo":null,"notNullable":true,"unsigned":false},{"name":"workflow_id","type":"integer","args":[],"defaultTo":null,"notNullable":false,"unsigned":true},{"name":"workflow_stage_id","type":"integer","args":[],"defaultTo":null,"notNullable":false,"unsigned":true}]},{"name":"strapi_workflows_stages_workflow_lnk","indexes":[{"name":"strapi_workflows_stages_workflow_lnk_fk","columns":["workflow_stage_id"]},{"name":"strapi_workflows_stages_workflow_lnk_ifk","columns":["workflow_id"]},{"name":"strapi_workflows_stages_workflow_lnk_uq","columns":["workflow_stage_id","workflow_id"],"type":"unique"},{"name":"strapi_workflows_stages_workflow_lnk_oifk","columns":["workflow_stage_ord"]}],"foreignKeys":[{"name":"strapi_workflows_stages_workflow_lnk_fk","columns":["workflow_stage_id"],"referencedColumns":["id"],"referencedTable":"strapi_workflows_stages","onDelete":"CASCADE"},{"name":"strapi_workflows_stages_workflow_lnk_ifk","columns":["workflow_id"],"referencedColumns":["id"],"referencedTable":"strapi_workflows","onDelete":"CASCADE"}],"columns":[{"name":"id","type":"increments","args":[{"primary":true,"primaryKey":true}],"defaultTo":null,"notNullable":true,"unsigned":false},{"name":"workflow_stage_id","type":"integer","args":[],"defaultTo":null,"notNullable":false,"unsigned":true},{"name":"workflow_id","type":"integer","args":[],"defaultTo":null,"notNullable":false,"unsigned":true},{"name":"workflow_stage_ord","type":"double","args":[],"defaultTo":null,"notNullable":false,"unsigned":true}]},{"name":"strapi_workflows_stages_permissions_lnk","indexes":[{"name":"strapi_workflows_stages_permissions_lnk_fk","columns":["workflow_stage_id"]},{"name":"strapi_workflows_stages_permissions_lnk_ifk","columns":["permission_id"]},{"name":"strapi_workflows_stages_permissions_lnk_uq","columns":["workflow_stage_id","permission_id"],"type":"unique"},{"name":"strapi_workflows_stages_permissions_lnk_ofk","columns":["permission_ord"]}],"foreignKeys":[{"name":"strapi_workflows_stages_permissions_lnk_fk","columns":["workflow_stage_id"],"referencedColumns":["id"],"referencedTable":"strapi_workflows_stages","onDelete":"CASCADE"},{"name":"strapi_workflows_stages_permissions_lnk_ifk","columns":["permission_id"],"referencedColumns":["id"],"referencedTable":"admin_permissions","onDelete":"CASCADE"}],"columns":[{"name":"id","type":"increments","args":[{"primary":true,"primaryKey":true}],"defaultTo":null,"notNullable":true,"unsigned":false},{"name":"workflow_stage_id","type":"integer","args":[],"defaultTo":null,"notNullable":false,"unsigned":true},{"name":"permission_id","type":"integer","args":[],"defaultTo":null,"notNullable":false,"unsigned":true},{"name":"permission_ord","type":"double","args":[],"defaultTo":null,"notNullable":false,"unsigned":true}]},{"name":"up_permissions_role_lnk","indexes":[{"name":"up_permissions_role_lnk_fk","columns":["permission_id"]},{"name":"up_permissions_role_lnk_ifk","columns":["role_id"]},{"name":"up_permissions_role_lnk_uq","columns":["permission_id","role_id"],"type":"unique"},{"name":"up_permissions_role_lnk_oifk","columns":["permission_ord"]}],"foreignKeys":[{"name":"up_permissions_role_lnk_fk","columns":["permission_id"],"referencedColumns":["id"],"referencedTable":"up_permissions","onDelete":"CASCADE"},{"name":"up_permissions_role_lnk_ifk","columns":["role_id"],"referencedColumns":["id"],"referencedTable":"up_roles","onDelete":"CASCADE"}],"columns":[{"name":"id","type":"increments","args":[{"primary":true,"primaryKey":true}],"defaultTo":null,"notNullable":true,"unsigned":false},{"name":"permission_id","type":"integer","args":[],"defaultTo":null,"notNullable":false,"unsigned":true},{"name":"role_id","type":"integer","args":[],"defaultTo":null,"notNullable":false,"unsigned":true},{"name":"permission_ord","type":"double","args":[],"defaultTo":null,"notNullable":false,"unsigned":true}]},{"name":"up_users_role_lnk","indexes":[{"name":"up_users_role_lnk_fk","columns":["user_id"]},{"name":"up_users_role_lnk_ifk","columns":["role_id"]},{"name":"up_users_role_lnk_uq","columns":["user_id","role_id"],"type":"unique"},{"name":"up_users_role_lnk_oifk","columns":["user_ord"]}],"foreignKeys":[{"name":"up_users_role_lnk_fk","columns":["user_id"],"referencedColumns":["id"],"referencedTable":"up_users","onDelete":"CASCADE"},{"name":"up_users_role_lnk_ifk","columns":["role_id"],"referencedColumns":["id"],"referencedTable":"up_roles","onDelete":"CASCADE"}],"columns":[{"name":"id","type":"increments","args":[{"primary":true,"primaryKey":true}],"defaultTo":null,"notNullable":true,"unsigned":false},{"name":"user_id","type":"integer","args":[],"defaultTo":null,"notNullable":false,"unsigned":true},{"name":"role_id","type":"integer","args":[],"defaultTo":null,"notNullable":false,"unsigned":true},{"name":"user_ord","type":"double","args":[],"defaultTo":null,"notNullable":false,"unsigned":true}]},{"name":"articles_author_lnk","indexes":[{"name":"articles_author_lnk_fk","columns":["article_id"]},{"name":"articles_author_lnk_ifk","columns":["author_id"]},{"name":"articles_author_lnk_uq","columns":["article_id","author_id"],"type":"unique"},{"name":"articles_author_lnk_oifk","columns":["article_ord"]}],"foreignKeys":[{"name":"articles_author_lnk_fk","columns":["article_id"],"referencedColumns":["id"],"referencedTable":"articles","onDelete":"CASCADE"},{"name":"articles_author_lnk_ifk","columns":["author_id"],"referencedColumns":["id"],"referencedTable":"authors","onDelete":"CASCADE"}],"columns":[{"name":"id","type":"increments","args":[{"primary":true,"primaryKey":true}],"defaultTo":null,"notNullable":true,"unsigned":false},{"name":"article_id","type":"integer","args":[],"defaultTo":null,"notNullable":false,"unsigned":true},{"name":"author_id","type":"integer","args":[],"defaultTo":null,"notNullable":false,"unsigned":true},{"name":"article_ord","type":"double","args":[],"defaultTo":null,"notNullable":false,"unsigned":true}]},{"name":"articles_category_lnk","indexes":[{"name":"articles_category_lnk_fk","columns":["article_id"]},{"name":"articles_category_lnk_ifk","columns":["category_id"]},{"name":"articles_category_lnk_uq","columns":["article_id","category_id"],"type":"unique"},{"name":"articles_category_lnk_oifk","columns":["article_ord"]}],"foreignKeys":[{"name":"articles_category_lnk_fk","columns":["article_id"],"referencedColumns":["id"],"referencedTable":"articles","onDelete":"CASCADE"},{"name":"articles_category_lnk_ifk","columns":["category_id"],"referencedColumns":["id"],"referencedTable":"categories","onDelete":"CASCADE"}],"columns":[{"name":"id","type":"increments","args":[{"primary":true,"primaryKey":true}],"defaultTo":null,"notNullable":true,"unsigned":false},{"name":"article_id","type":"integer","args":[],"defaultTo":null,"notNullable":false,"unsigned":true},{"name":"category_id","type":"integer","args":[],"defaultTo":null,"notNullable":false,"unsigned":true},{"name":"article_ord","type":"double","args":[],"defaultTo":null,"notNullable":false,"unsigned":true}]},{"name":"project_features_project_lnk","indexes":[{"name":"project_features_project_lnk_fk","columns":["project_feature_id"]},{"name":"project_features_project_lnk_ifk","columns":["project_id"]},{"name":"project_features_project_lnk_uq","columns":["project_feature_id","project_id"],"type":"unique"},{"name":"project_features_project_lnk_oifk","columns":["project_feature_ord"]}],"foreignKeys":[{"name":"project_features_project_lnk_fk","columns":["project_feature_id"],"referencedColumns":["id"],"referencedTable":"project_features","onDelete":"CASCADE"},{"name":"project_features_project_lnk_ifk","columns":["project_id"],"referencedColumns":["id"],"referencedTable":"projects","onDelete":"CASCADE"}],"columns":[{"name":"id","type":"increments","args":[{"primary":true,"primaryKey":true}],"defaultTo":null,"notNullable":true,"unsigned":false},{"name":"project_feature_id","type":"integer","args":[],"defaultTo":null,"notNullable":false,"unsigned":true},{"name":"project_id","type":"integer","args":[],"defaultTo":null,"notNullable":false,"unsigned":true},{"name":"project_feature_ord","type":"double","args":[],"defaultTo":null,"notNullable":false,"unsigned":true}]},{"name":"project_timings_project_lnk","indexes":[{"name":"project_timings_project_lnk_fk","columns":["project_timing_id"]},{"name":"project_timings_project_lnk_ifk","columns":["project_id"]},{"name":"project_timings_project_lnk_uq","columns":["project_timing_id","project_id"],"type":"unique"},{"name":"project_timings_project_lnk_oifk","columns":["project_timing_ord"]}],"foreignKeys":[{"name":"project_timings_project_lnk_fk","columns":["project_timing_id"],"referencedColumns":["id"],"referencedTable":"project_timings","onDelete":"CASCADE"},{"name":"project_timings_project_lnk_ifk","columns":["project_id"],"referencedColumns":["id"],"referencedTable":"projects","onDelete":"CASCADE"}],"columns":[{"name":"id","type":"increments","args":[{"primary":true,"primaryKey":true}],"defaultTo":null,"notNullable":true,"unsigned":false},{"name":"project_timing_id","type":"integer","args":[],"defaultTo":null,"notNullable":false,"unsigned":true},{"name":"project_id","type":"integer","args":[],"defaultTo":null,"notNullable":false,"unsigned":true},{"name":"project_timing_ord","type":"double","args":[],"defaultTo":null,"notNullable":false,"unsigned":true}]},{"name":"project_typologies_project_lnk","indexes":[{"name":"project_typologies_project_lnk_fk","columns":["project_typologie_id"]},{"name":"project_typologies_project_lnk_ifk","columns":["project_id"]},{"name":"project_typologies_project_lnk_uq","columns":["project_typologie_id","project_id"],"type":"unique"},{"name":"project_typologies_project_lnk_oifk","columns":["project_typologie_ord"]}],"foreignKeys":[{"name":"project_typologies_project_lnk_fk","columns":["project_typologie_id"],"referencedColumns":["id"],"referencedTable":"project_typologies","onDelete":"CASCADE"},{"name":"project_typologies_project_lnk_ifk","columns":["project_id"],"referencedColumns":["id"],"referencedTable":"projects","onDelete":"CASCADE"}],"columns":[{"name":"id","type":"increments","args":[{"primary":true,"primaryKey":true}],"defaultTo":null,"notNullable":true,"unsigned":false},{"name":"project_typologie_id","type":"integer","args":[],"defaultTo":null,"notNullable":false,"unsigned":true},{"name":"project_id","type":"integer","args":[],"defaultTo":null,"notNullable":false,"unsigned":true},{"name":"project_typologie_ord","type":"double","args":[],"defaultTo":null,"notNullable":false,"unsigned":true}]},{"name":"admin_permissions_role_lnk","indexes":[{"name":"admin_permissions_role_lnk_fk","columns":["permission_id"]},{"name":"admin_permissions_role_lnk_ifk","columns":["role_id"]},{"name":"admin_permissions_role_lnk_uq","columns":["permission_id","role_id"],"type":"unique"},{"name":"admin_permissions_role_lnk_oifk","columns":["permission_ord"]}],"foreignKeys":[{"name":"admin_permissions_role_lnk_fk","columns":["permission_id"],"referencedColumns":["id"],"referencedTable":"admin_permissions","onDelete":"CASCADE"},{"name":"admin_permissions_role_lnk_ifk","columns":["role_id"],"referencedColumns":["id"],"referencedTable":"admin_roles","onDelete":"CASCADE"}],"columns":[{"name":"id","type":"increments","args":[{"primary":true,"primaryKey":true}],"defaultTo":null,"notNullable":true,"unsigned":false},{"name":"permission_id","type":"integer","args":[],"defaultTo":null,"notNullable":false,"unsigned":true},{"name":"role_id","type":"integer","args":[],"defaultTo":null,"notNullable":false,"unsigned":true},{"name":"permission_ord","type":"double","args":[],"defaultTo":null,"notNullable":false,"unsigned":true}]},{"name":"admin_users_roles_lnk","indexes":[{"name":"admin_users_roles_lnk_fk","columns":["user_id"]},{"name":"admin_users_roles_lnk_ifk","columns":["role_id"]},{"name":"admin_users_roles_lnk_uq","columns":["user_id","role_id"],"type":"unique"},{"name":"admin_users_roles_lnk_ofk","columns":["role_ord"]},{"name":"admin_users_roles_lnk_oifk","columns":["user_ord"]}],"foreignKeys":[{"name":"admin_users_roles_lnk_fk","columns":["user_id"],"referencedColumns":["id"],"referencedTable":"admin_users","onDelete":"CASCADE"},{"name":"admin_users_roles_lnk_ifk","columns":["role_id"],"referencedColumns":["id"],"referencedTable":"admin_roles","onDelete":"CASCADE"}],"columns":[{"name":"id","type":"increments","args":[{"primary":true,"primaryKey":true}],"defaultTo":null,"notNullable":true,"unsigned":false},{"name":"user_id","type":"integer","args":[],"defaultTo":null,"notNullable":false,"unsigned":true},{"name":"role_id","type":"integer","args":[],"defaultTo":null,"notNullable":false,"unsigned":true},{"name":"role_ord","type":"double","args":[],"defaultTo":null,"notNullable":false,"unsigned":true},{"name":"user_ord","type":"double","args":[],"defaultTo":null,"notNullable":false,"unsigned":true}]},{"name":"strapi_api_token_permissions_token_lnk","indexes":[{"name":"strapi_api_token_permissions_token_lnk_fk","columns":["api_token_permission_id"]},{"name":"strapi_api_token_permissions_token_lnk_ifk","columns":["api_token_id"]},{"name":"strapi_api_token_permissions_token_lnk_uq","columns":["api_token_permission_id","api_token_id"],"type":"unique"},{"name":"strapi_api_token_permissions_token_lnk_oifk","columns":["api_token_permission_ord"]}],"foreignKeys":[{"name":"strapi_api_token_permissions_token_lnk_fk","columns":["api_token_permission_id"],"referencedColumns":["id"],"referencedTable":"strapi_api_token_permissions","onDelete":"CASCADE"},{"name":"strapi_api_token_permissions_token_lnk_ifk","columns":["api_token_id"],"referencedColumns":["id"],"referencedTable":"strapi_api_tokens","onDelete":"CASCADE"}],"columns":[{"name":"id","type":"increments","args":[{"primary":true,"primaryKey":true}],"defaultTo":null,"notNullable":true,"unsigned":false},{"name":"api_token_permission_id","type":"integer","args":[],"defaultTo":null,"notNullable":false,"unsigned":true},{"name":"api_token_id","type":"integer","args":[],"defaultTo":null,"notNullable":false,"unsigned":true},{"name":"api_token_permission_ord","type":"double","args":[],"defaultTo":null,"notNullable":false,"unsigned":true}]},{"name":"strapi_transfer_token_permissions_token_lnk","indexes":[{"name":"strapi_transfer_token_permissions_token_lnk_fk","columns":["transfer_token_permission_id"]},{"name":"strapi_transfer_token_permissions_token_lnk_ifk","columns":["transfer_token_id"]},{"name":"strapi_transfer_token_permissions_token_lnk_uq","columns":["transfer_token_permission_id","transfer_token_id"],"type":"unique"},{"name":"strapi_transfer_token_permissions_token_lnk_oifk","columns":["transfer_token_permission_ord"]}],"foreignKeys":[{"name":"strapi_transfer_token_permissions_token_lnk_fk","columns":["transfer_token_permission_id"],"referencedColumns":["id"],"referencedTable":"strapi_transfer_token_permissions","onDelete":"CASCADE"},{"name":"strapi_transfer_token_permissions_token_lnk_ifk","columns":["transfer_token_id"],"referencedColumns":["id"],"referencedTable":"strapi_transfer_tokens","onDelete":"CASCADE"}],"columns":[{"name":"id","type":"increments","args":[{"primary":true,"primaryKey":true}],"defaultTo":null,"notNullable":true,"unsigned":false},{"name":"transfer_token_permission_id","type":"integer","args":[],"defaultTo":null,"notNullable":false,"unsigned":true},{"name":"transfer_token_id","type":"integer","args":[],"defaultTo":null,"notNullable":false,"unsigned":true},{"name":"transfer_token_permission_ord","type":"double","args":[],"defaultTo":null,"notNullable":false,"unsigned":true}]}]}	2025-12-19 17:03:10.271	41d955faaf78d72da1f10e12cee9dd6b081d97513e01fd946f1ab07200240f6c
\.


--
-- Data for Name: strapi_history_versions; Type: TABLE DATA; Schema: public; Owner: gas
--

COPY public.strapi_history_versions (id, content_type, related_document_id, locale, status, data, schema, created_at, created_by_id) FROM stdin;
\.


--
-- Data for Name: strapi_migrations; Type: TABLE DATA; Schema: public; Owner: gas
--

COPY public.strapi_migrations (id, name, "time") FROM stdin;
\.


--
-- Data for Name: strapi_migrations_internal; Type: TABLE DATA; Schema: public; Owner: gas
--

COPY public.strapi_migrations_internal (id, name, "time") FROM stdin;
1	5.0.0-rename-identifiers-longer-than-max-length	2025-12-18 12:09:36.627
2	5.0.0-02-created-document-id	2025-12-18 12:09:36.677
3	5.0.0-03-created-locale	2025-12-18 12:09:36.725
4	5.0.0-04-created-published-at	2025-12-18 12:09:36.765
5	5.0.0-05-drop-slug-fields-index	2025-12-18 12:09:36.804
6	core::5.0.0-discard-drafts	2025-12-18 12:09:36.845
\.


--
-- Data for Name: strapi_release_actions; Type: TABLE DATA; Schema: public; Owner: gas
--

COPY public.strapi_release_actions (id, document_id, type, content_type, entry_document_id, locale, is_entry_valid, created_at, updated_at, published_at, created_by_id, updated_by_id) FROM stdin;
\.


--
-- Data for Name: strapi_release_actions_release_lnk; Type: TABLE DATA; Schema: public; Owner: gas
--

COPY public.strapi_release_actions_release_lnk (id, release_action_id, release_id, release_action_ord) FROM stdin;
\.


--
-- Data for Name: strapi_releases; Type: TABLE DATA; Schema: public; Owner: gas
--

COPY public.strapi_releases (id, document_id, name, released_at, scheduled_at, timezone, status, created_at, updated_at, published_at, created_by_id, updated_by_id, locale) FROM stdin;
\.


--
-- Data for Name: strapi_sessions; Type: TABLE DATA; Schema: public; Owner: gas
--

COPY public.strapi_sessions (id, document_id, user_id, session_id, child_id, device_id, origin, expires_at, absolute_expires_at, status, type, created_at, updated_at, published_at, created_by_id, updated_by_id, locale) FROM stdin;
1	bqjx4pm5dr79i35a07pbv90v	1	e8fdf5a4ebe2a539969d589e6a291239	\N	6fc94b1b-d862-4a45-942e-477b43d870a3	admin	2025-12-18 14:12:32.203	2026-01-17 12:12:32.203	active	session	2025-12-18 12:12:32.203	2025-12-18 12:12:32.203	2025-12-18 12:12:32.204	\N	\N	\N
2	pkrd0xad6v6nk7wr9gsj9vhn	1	a43ca4431550f6d7848a1e9ece6675fa	9d1d96ebb8d95af9d3ae19563db47c81	6fc94b1b-d862-4a45-942e-477b43d870a3	admin	2026-01-02 15:59:20.121	2026-01-18 15:59:20.121	rotated	refresh	2025-12-19 15:59:20.121	2025-12-19 16:55:24.809	2025-12-19 15:59:20.121	\N	\N	\N
3	eufyti9mj0tkdpn6pxmqzwsc	1	9d1d96ebb8d95af9d3ae19563db47c81	c61252030d7c2054939df878f348e9b2	6fc94b1b-d862-4a45-942e-477b43d870a3	admin	2026-01-02 16:55:24.799	2026-01-18 15:59:20.121	rotated	refresh	2025-12-19 16:55:24.8	2025-12-19 18:04:38.87	2025-12-19 16:55:24.802	\N	\N	\N
4	gu90jcz2ph4lo9yrtii0l67e	1	c61252030d7c2054939df878f348e9b2	9e675f3aa44b180cc887b144e7346a15	6fc94b1b-d862-4a45-942e-477b43d870a3	admin	2026-01-02 18:04:38.857	2026-01-18 15:59:20.121	rotated	refresh	2025-12-19 18:04:38.858	2025-12-19 18:49:08.767	2025-12-19 18:04:38.86	\N	\N	\N
6	dhzp1nwkh5ygsvoet7i8qov2	1	cdedd48f0d927f1313c4dc535f7c89e2	\N	6fc94b1b-d862-4a45-942e-477b43d870a3	admin	2026-01-02 19:25:16.031	2026-01-18 15:59:20.121	active	refresh	2025-12-19 19:25:16.031	2025-12-19 19:25:16.031	2025-12-19 19:25:16.034	\N	\N	\N
5	qc4zwncenx5tif3w4f5y8ctw	1	9e675f3aa44b180cc887b144e7346a15	cdedd48f0d927f1313c4dc535f7c89e2	6fc94b1b-d862-4a45-942e-477b43d870a3	admin	2026-01-02 18:49:08.752	2026-01-18 15:59:20.121	rotated	refresh	2025-12-19 18:49:08.752	2025-12-19 19:25:16.04	2025-12-19 18:49:08.757	\N	\N	\N
\.


--
-- Data for Name: strapi_transfer_token_permissions; Type: TABLE DATA; Schema: public; Owner: gas
--

COPY public.strapi_transfer_token_permissions (id, document_id, action, created_at, updated_at, published_at, created_by_id, updated_by_id, locale) FROM stdin;
\.


--
-- Data for Name: strapi_transfer_token_permissions_token_lnk; Type: TABLE DATA; Schema: public; Owner: gas
--

COPY public.strapi_transfer_token_permissions_token_lnk (id, transfer_token_permission_id, transfer_token_id, transfer_token_permission_ord) FROM stdin;
\.


--
-- Data for Name: strapi_transfer_tokens; Type: TABLE DATA; Schema: public; Owner: gas
--

COPY public.strapi_transfer_tokens (id, document_id, name, description, access_key, last_used_at, expires_at, lifespan, created_at, updated_at, published_at, created_by_id, updated_by_id, locale) FROM stdin;
\.


--
-- Data for Name: strapi_webhooks; Type: TABLE DATA; Schema: public; Owner: gas
--

COPY public.strapi_webhooks (id, name, url, headers, events, enabled) FROM stdin;
\.


--
-- Data for Name: strapi_workflows; Type: TABLE DATA; Schema: public; Owner: gas
--

COPY public.strapi_workflows (id, document_id, name, content_types, created_at, updated_at, published_at, created_by_id, updated_by_id, locale) FROM stdin;
\.


--
-- Data for Name: strapi_workflows_stage_required_to_publish_lnk; Type: TABLE DATA; Schema: public; Owner: gas
--

COPY public.strapi_workflows_stage_required_to_publish_lnk (id, workflow_id, workflow_stage_id) FROM stdin;
\.


--
-- Data for Name: strapi_workflows_stages; Type: TABLE DATA; Schema: public; Owner: gas
--

COPY public.strapi_workflows_stages (id, document_id, name, color, created_at, updated_at, published_at, created_by_id, updated_by_id, locale) FROM stdin;
\.


--
-- Data for Name: strapi_workflows_stages_permissions_lnk; Type: TABLE DATA; Schema: public; Owner: gas
--

COPY public.strapi_workflows_stages_permissions_lnk (id, workflow_stage_id, permission_id, permission_ord) FROM stdin;
\.


--
-- Data for Name: strapi_workflows_stages_workflow_lnk; Type: TABLE DATA; Schema: public; Owner: gas
--

COPY public.strapi_workflows_stages_workflow_lnk (id, workflow_stage_id, workflow_id, workflow_stage_ord) FROM stdin;
\.


--
-- Data for Name: up_permissions; Type: TABLE DATA; Schema: public; Owner: gas
--

COPY public.up_permissions (id, document_id, action, created_at, updated_at, published_at, created_by_id, updated_by_id, locale) FROM stdin;
1	clhxori1wahu3sdf6sbx1q3z	plugin::users-permissions.auth.logout	2025-12-18 12:09:37.827	2025-12-18 12:09:37.827	2025-12-18 12:09:37.828	\N	\N	\N
2	jbw2qxbjdzpz2ygcglmt30uz	plugin::users-permissions.user.me	2025-12-18 12:09:37.827	2025-12-18 12:09:37.827	2025-12-18 12:09:37.828	\N	\N	\N
3	o3njzbd12tc0pp4jggngszfg	plugin::users-permissions.auth.changePassword	2025-12-18 12:09:37.827	2025-12-18 12:09:37.827	2025-12-18 12:09:37.829	\N	\N	\N
4	bc395csttmbwr6cys5afnwn7	plugin::users-permissions.auth.callback	2025-12-18 12:09:37.837	2025-12-18 12:09:37.837	2025-12-18 12:09:37.837	\N	\N	\N
5	wqk56gp4tftytfaf8xs8x519	plugin::users-permissions.auth.forgotPassword	2025-12-18 12:09:37.837	2025-12-18 12:09:37.837	2025-12-18 12:09:37.837	\N	\N	\N
6	ayrvz2dpn0uz0n0ojsa8pgjo	plugin::users-permissions.auth.connect	2025-12-18 12:09:37.837	2025-12-18 12:09:37.837	2025-12-18 12:09:37.837	\N	\N	\N
7	ly6p8hbromdpzcub091jdvxc	plugin::users-permissions.auth.emailConfirmation	2025-12-18 12:09:37.837	2025-12-18 12:09:37.837	2025-12-18 12:09:37.837	\N	\N	\N
8	uasdsbopygfzd9hmq6y5zjob	plugin::users-permissions.auth.resetPassword	2025-12-18 12:09:37.837	2025-12-18 12:09:37.837	2025-12-18 12:09:37.837	\N	\N	\N
9	r2xurtgqt8fo02nt7oq5ctd7	plugin::users-permissions.auth.register	2025-12-18 12:09:37.837	2025-12-18 12:09:37.837	2025-12-18 12:09:37.837	\N	\N	\N
10	tsgum0srf4k88a479kh57ur4	plugin::users-permissions.auth.sendEmailConfirmation	2025-12-18 12:09:37.837	2025-12-18 12:09:37.837	2025-12-18 12:09:37.837	\N	\N	\N
11	pnn8356wrpd6oq378cih9702	plugin::users-permissions.auth.refresh	2025-12-18 12:09:37.837	2025-12-18 12:09:37.837	2025-12-18 12:09:37.837	\N	\N	\N
12	ytl173k6bumau2lqkilduyd4	api::article.article.find	2025-12-19 17:25:05.891	2025-12-19 17:25:05.891	2025-12-19 17:25:05.892	\N	\N	\N
13	tcn6r9k7uith817smd8wom9y	api::article.article.findOne	2025-12-19 17:25:05.891	2025-12-19 17:25:05.891	2025-12-19 17:25:05.892	\N	\N	\N
14	ycj4biryb1y7vppr1jvptxuf	api::project.project.find	2025-12-19 17:25:05.891	2025-12-19 17:25:05.891	2025-12-19 17:25:05.892	\N	\N	\N
15	hi32abvaq9xwb5itndsjmm3m	api::project.project.findOne	2025-12-19 17:25:05.891	2025-12-19 17:25:05.891	2025-12-19 17:25:05.892	\N	\N	\N
16	fxg8jdppauxtv1h3flgoc4to	api::project-feature.project-feature.find	2025-12-19 19:30:49.904	2025-12-19 19:30:49.904	2025-12-19 19:30:49.905	\N	\N	\N
17	dz7wghqpshi87fl22ryzayen	api::project-feature.project-feature.findOne	2025-12-19 19:30:49.904	2025-12-19 19:30:49.904	2025-12-19 19:30:49.905	\N	\N	\N
18	rfu32y604oakbvw54dowsxln	api::project-timing.project-timing.find	2025-12-19 19:30:49.904	2025-12-19 19:30:49.904	2025-12-19 19:30:49.905	\N	\N	\N
19	u5maup2fo5mu6iuw2f3og4do	api::project-timing.project-timing.findOne	2025-12-19 19:30:49.904	2025-12-19 19:30:49.904	2025-12-19 19:30:49.906	\N	\N	\N
20	a3bcsvqkjvc2w1nty3ifkcun	api::project-typologie.project-typologie.findOne	2025-12-19 19:30:49.904	2025-12-19 19:30:49.904	2025-12-19 19:30:49.906	\N	\N	\N
21	u8cx3xylzf433138tcg0caib	api::project-typologie.project-typologie.find	2025-12-19 19:30:49.904	2025-12-19 19:30:49.904	2025-12-19 19:30:49.906	\N	\N	\N
\.


--
-- Data for Name: up_permissions_role_lnk; Type: TABLE DATA; Schema: public; Owner: gas
--

COPY public.up_permissions_role_lnk (id, permission_id, role_id, permission_ord) FROM stdin;
2	1	1	1
6	5	2	1
1	3	1	1
3	2	1	1
4	4	2	1
5	6	2	1
7	7	2	1
8	9	2	1
10	11	2	1
9	8	2	1
11	10	2	1
12	12	2	2
13	14	2	2
14	13	2	2
15	15	2	3
16	16	2	4
17	17	2	4
18	18	2	4
19	19	2	5
20	21	2	5
21	20	2	5
\.


--
-- Data for Name: up_roles; Type: TABLE DATA; Schema: public; Owner: gas
--

COPY public.up_roles (id, document_id, name, description, type, created_at, updated_at, published_at, created_by_id, updated_by_id, locale) FROM stdin;
1	r180tl6uo04dj8cxk333fyin	Authenticated	Default role given to authenticated user.	authenticated	2025-12-18 12:09:37.82	2025-12-18 12:09:37.82	2025-12-18 12:09:37.82	\N	\N	\N
2	cq3jqrssh1eify9ki539d24a	Public	Default role given to unauthenticated user.	public	2025-12-18 12:09:37.823	2025-12-19 19:30:49.897	2025-12-18 12:09:37.823	\N	\N	\N
\.


--
-- Data for Name: up_users; Type: TABLE DATA; Schema: public; Owner: gas
--

COPY public.up_users (id, document_id, username, email, provider, password, reset_password_token, confirmation_token, confirmed, blocked, created_at, updated_at, published_at, created_by_id, updated_by_id, locale) FROM stdin;
\.


--
-- Data for Name: up_users_role_lnk; Type: TABLE DATA; Schema: public; Owner: gas
--

COPY public.up_users_role_lnk (id, user_id, role_id, user_ord) FROM stdin;
\.


--
-- Data for Name: upload_folders; Type: TABLE DATA; Schema: public; Owner: gas
--

COPY public.upload_folders (id, document_id, name, path_id, path, created_at, updated_at, published_at, created_by_id, updated_by_id, locale) FROM stdin;
\.


--
-- Data for Name: upload_folders_parent_lnk; Type: TABLE DATA; Schema: public; Owner: gas
--

COPY public.upload_folders_parent_lnk (id, folder_id, inv_folder_id, folder_ord) FROM stdin;
\.


--
-- Name: abouts_cmps_id_seq; Type: SEQUENCE SET; Schema: public; Owner: gas
--

SELECT pg_catalog.setval('public.abouts_cmps_id_seq', 1, false);


--
-- Name: abouts_id_seq; Type: SEQUENCE SET; Schema: public; Owner: gas
--

SELECT pg_catalog.setval('public.abouts_id_seq', 1, false);


--
-- Name: admin_permissions_id_seq; Type: SEQUENCE SET; Schema: public; Owner: gas
--

SELECT pg_catalog.setval('public.admin_permissions_id_seq', 175, true);


--
-- Name: admin_permissions_role_lnk_id_seq; Type: SEQUENCE SET; Schema: public; Owner: gas
--

SELECT pg_catalog.setval('public.admin_permissions_role_lnk_id_seq', 175, true);


--
-- Name: admin_roles_id_seq; Type: SEQUENCE SET; Schema: public; Owner: gas
--

SELECT pg_catalog.setval('public.admin_roles_id_seq', 3, true);


--
-- Name: admin_users_id_seq; Type: SEQUENCE SET; Schema: public; Owner: gas
--

SELECT pg_catalog.setval('public.admin_users_id_seq', 1, true);


--
-- Name: admin_users_roles_lnk_id_seq; Type: SEQUENCE SET; Schema: public; Owner: gas
--

SELECT pg_catalog.setval('public.admin_users_roles_lnk_id_seq', 1, true);


--
-- Name: articles_author_lnk_id_seq; Type: SEQUENCE SET; Schema: public; Owner: gas
--

SELECT pg_catalog.setval('public.articles_author_lnk_id_seq', 1, false);


--
-- Name: articles_category_lnk_id_seq; Type: SEQUENCE SET; Schema: public; Owner: gas
--

SELECT pg_catalog.setval('public.articles_category_lnk_id_seq', 1, false);


--
-- Name: articles_cmps_id_seq; Type: SEQUENCE SET; Schema: public; Owner: gas
--

SELECT pg_catalog.setval('public.articles_cmps_id_seq', 1, false);


--
-- Name: articles_id_seq; Type: SEQUENCE SET; Schema: public; Owner: gas
--

SELECT pg_catalog.setval('public.articles_id_seq', 1, false);


--
-- Name: authors_id_seq; Type: SEQUENCE SET; Schema: public; Owner: gas
--

SELECT pg_catalog.setval('public.authors_id_seq', 1, false);


--
-- Name: categories_id_seq; Type: SEQUENCE SET; Schema: public; Owner: gas
--

SELECT pg_catalog.setval('public.categories_id_seq', 1, false);


--
-- Name: components_shared_media_id_seq; Type: SEQUENCE SET; Schema: public; Owner: gas
--

SELECT pg_catalog.setval('public.components_shared_media_id_seq', 1, false);


--
-- Name: components_shared_quotes_id_seq; Type: SEQUENCE SET; Schema: public; Owner: gas
--

SELECT pg_catalog.setval('public.components_shared_quotes_id_seq', 1, false);


--
-- Name: components_shared_rich_texts_id_seq; Type: SEQUENCE SET; Schema: public; Owner: gas
--

SELECT pg_catalog.setval('public.components_shared_rich_texts_id_seq', 1, false);


--
-- Name: components_shared_seos_id_seq; Type: SEQUENCE SET; Schema: public; Owner: gas
--

SELECT pg_catalog.setval('public.components_shared_seos_id_seq', 1, false);


--
-- Name: components_shared_sliders_id_seq; Type: SEQUENCE SET; Schema: public; Owner: gas
--

SELECT pg_catalog.setval('public.components_shared_sliders_id_seq', 1, false);


--
-- Name: files_folder_lnk_id_seq; Type: SEQUENCE SET; Schema: public; Owner: gas
--

SELECT pg_catalog.setval('public.files_folder_lnk_id_seq', 1, false);


--
-- Name: files_id_seq; Type: SEQUENCE SET; Schema: public; Owner: gas
--

SELECT pg_catalog.setval('public.files_id_seq', 1, true);


--
-- Name: files_related_mph_id_seq; Type: SEQUENCE SET; Schema: public; Owner: gas
--

SELECT pg_catalog.setval('public.files_related_mph_id_seq', 39, true);


--
-- Name: globals_cmps_id_seq; Type: SEQUENCE SET; Schema: public; Owner: gas
--

SELECT pg_catalog.setval('public.globals_cmps_id_seq', 1, false);


--
-- Name: globals_id_seq; Type: SEQUENCE SET; Schema: public; Owner: gas
--

SELECT pg_catalog.setval('public.globals_id_seq', 1, false);


--
-- Name: i18n_locale_id_seq; Type: SEQUENCE SET; Schema: public; Owner: gas
--

SELECT pg_catalog.setval('public.i18n_locale_id_seq', 1, true);


--
-- Name: project_features_id_seq; Type: SEQUENCE SET; Schema: public; Owner: gas
--

SELECT pg_catalog.setval('public.project_features_id_seq', 3, true);


--
-- Name: project_features_project_lnk_id_seq; Type: SEQUENCE SET; Schema: public; Owner: gas
--

SELECT pg_catalog.setval('public.project_features_project_lnk_id_seq', 15, true);


--
-- Name: project_timings_id_seq; Type: SEQUENCE SET; Schema: public; Owner: gas
--

SELECT pg_catalog.setval('public.project_timings_id_seq', 3, true);


--
-- Name: project_timings_project_lnk_id_seq; Type: SEQUENCE SET; Schema: public; Owner: gas
--

SELECT pg_catalog.setval('public.project_timings_project_lnk_id_seq', 15, true);


--
-- Name: project_typologies_id_seq; Type: SEQUENCE SET; Schema: public; Owner: gas
--

SELECT pg_catalog.setval('public.project_typologies_id_seq', 1, false);


--
-- Name: project_typologies_project_lnk_id_seq; Type: SEQUENCE SET; Schema: public; Owner: gas
--

SELECT pg_catalog.setval('public.project_typologies_project_lnk_id_seq', 1, false);


--
-- Name: projects_id_seq; Type: SEQUENCE SET; Schema: public; Owner: gas
--

SELECT pg_catalog.setval('public.projects_id_seq', 5, true);


--
-- Name: strapi_ai_localization_jobs_id_seq; Type: SEQUENCE SET; Schema: public; Owner: gas
--

SELECT pg_catalog.setval('public.strapi_ai_localization_jobs_id_seq', 1, false);


--
-- Name: strapi_api_token_permissions_id_seq; Type: SEQUENCE SET; Schema: public; Owner: gas
--

SELECT pg_catalog.setval('public.strapi_api_token_permissions_id_seq', 1, false);


--
-- Name: strapi_api_token_permissions_token_lnk_id_seq; Type: SEQUENCE SET; Schema: public; Owner: gas
--

SELECT pg_catalog.setval('public.strapi_api_token_permissions_token_lnk_id_seq', 1, false);


--
-- Name: strapi_api_tokens_id_seq; Type: SEQUENCE SET; Schema: public; Owner: gas
--

SELECT pg_catalog.setval('public.strapi_api_tokens_id_seq', 2, true);


--
-- Name: strapi_core_store_settings_id_seq; Type: SEQUENCE SET; Schema: public; Owner: gas
--

SELECT pg_catalog.setval('public.strapi_core_store_settings_id_seq', 42, true);


--
-- Name: strapi_database_schema_id_seq; Type: SEQUENCE SET; Schema: public; Owner: gas
--

SELECT pg_catalog.setval('public.strapi_database_schema_id_seq', 6, true);


--
-- Name: strapi_history_versions_id_seq; Type: SEQUENCE SET; Schema: public; Owner: gas
--

SELECT pg_catalog.setval('public.strapi_history_versions_id_seq', 1, false);


--
-- Name: strapi_migrations_id_seq; Type: SEQUENCE SET; Schema: public; Owner: gas
--

SELECT pg_catalog.setval('public.strapi_migrations_id_seq', 1, false);


--
-- Name: strapi_migrations_internal_id_seq; Type: SEQUENCE SET; Schema: public; Owner: gas
--

SELECT pg_catalog.setval('public.strapi_migrations_internal_id_seq', 6, true);


--
-- Name: strapi_release_actions_id_seq; Type: SEQUENCE SET; Schema: public; Owner: gas
--

SELECT pg_catalog.setval('public.strapi_release_actions_id_seq', 1, false);


--
-- Name: strapi_release_actions_release_lnk_id_seq; Type: SEQUENCE SET; Schema: public; Owner: gas
--

SELECT pg_catalog.setval('public.strapi_release_actions_release_lnk_id_seq', 1, false);


--
-- Name: strapi_releases_id_seq; Type: SEQUENCE SET; Schema: public; Owner: gas
--

SELECT pg_catalog.setval('public.strapi_releases_id_seq', 1, false);


--
-- Name: strapi_sessions_id_seq; Type: SEQUENCE SET; Schema: public; Owner: gas
--

SELECT pg_catalog.setval('public.strapi_sessions_id_seq', 6, true);


--
-- Name: strapi_transfer_token_permissions_id_seq; Type: SEQUENCE SET; Schema: public; Owner: gas
--

SELECT pg_catalog.setval('public.strapi_transfer_token_permissions_id_seq', 1, false);


--
-- Name: strapi_transfer_token_permissions_token_lnk_id_seq; Type: SEQUENCE SET; Schema: public; Owner: gas
--

SELECT pg_catalog.setval('public.strapi_transfer_token_permissions_token_lnk_id_seq', 1, false);


--
-- Name: strapi_transfer_tokens_id_seq; Type: SEQUENCE SET; Schema: public; Owner: gas
--

SELECT pg_catalog.setval('public.strapi_transfer_tokens_id_seq', 1, false);


--
-- Name: strapi_webhooks_id_seq; Type: SEQUENCE SET; Schema: public; Owner: gas
--

SELECT pg_catalog.setval('public.strapi_webhooks_id_seq', 1, false);


--
-- Name: strapi_workflows_id_seq; Type: SEQUENCE SET; Schema: public; Owner: gas
--

SELECT pg_catalog.setval('public.strapi_workflows_id_seq', 1, false);


--
-- Name: strapi_workflows_stage_required_to_publish_lnk_id_seq; Type: SEQUENCE SET; Schema: public; Owner: gas
--

SELECT pg_catalog.setval('public.strapi_workflows_stage_required_to_publish_lnk_id_seq', 1, false);


--
-- Name: strapi_workflows_stages_id_seq; Type: SEQUENCE SET; Schema: public; Owner: gas
--

SELECT pg_catalog.setval('public.strapi_workflows_stages_id_seq', 1, false);


--
-- Name: strapi_workflows_stages_permissions_lnk_id_seq; Type: SEQUENCE SET; Schema: public; Owner: gas
--

SELECT pg_catalog.setval('public.strapi_workflows_stages_permissions_lnk_id_seq', 1, false);


--
-- Name: strapi_workflows_stages_workflow_lnk_id_seq; Type: SEQUENCE SET; Schema: public; Owner: gas
--

SELECT pg_catalog.setval('public.strapi_workflows_stages_workflow_lnk_id_seq', 1, false);


--
-- Name: up_permissions_id_seq; Type: SEQUENCE SET; Schema: public; Owner: gas
--

SELECT pg_catalog.setval('public.up_permissions_id_seq', 21, true);


--
-- Name: up_permissions_role_lnk_id_seq; Type: SEQUENCE SET; Schema: public; Owner: gas
--

SELECT pg_catalog.setval('public.up_permissions_role_lnk_id_seq', 21, true);


--
-- Name: up_roles_id_seq; Type: SEQUENCE SET; Schema: public; Owner: gas
--

SELECT pg_catalog.setval('public.up_roles_id_seq', 2, true);


--
-- Name: up_users_id_seq; Type: SEQUENCE SET; Schema: public; Owner: gas
--

SELECT pg_catalog.setval('public.up_users_id_seq', 1, false);


--
-- Name: up_users_role_lnk_id_seq; Type: SEQUENCE SET; Schema: public; Owner: gas
--

SELECT pg_catalog.setval('public.up_users_role_lnk_id_seq', 1, false);


--
-- Name: upload_folders_id_seq; Type: SEQUENCE SET; Schema: public; Owner: gas
--

SELECT pg_catalog.setval('public.upload_folders_id_seq', 1, false);


--
-- Name: upload_folders_parent_lnk_id_seq; Type: SEQUENCE SET; Schema: public; Owner: gas
--

SELECT pg_catalog.setval('public.upload_folders_parent_lnk_id_seq', 1, false);


--
-- Name: abouts_cmps abouts_cmps_pkey; Type: CONSTRAINT; Schema: public; Owner: gas
--

ALTER TABLE ONLY public.abouts_cmps
    ADD CONSTRAINT abouts_cmps_pkey PRIMARY KEY (id);


--
-- Name: abouts abouts_pkey; Type: CONSTRAINT; Schema: public; Owner: gas
--

ALTER TABLE ONLY public.abouts
    ADD CONSTRAINT abouts_pkey PRIMARY KEY (id);


--
-- Name: abouts_cmps abouts_uq; Type: CONSTRAINT; Schema: public; Owner: gas
--

ALTER TABLE ONLY public.abouts_cmps
    ADD CONSTRAINT abouts_uq UNIQUE (entity_id, cmp_id, field, component_type);


--
-- Name: admin_permissions admin_permissions_pkey; Type: CONSTRAINT; Schema: public; Owner: gas
--

ALTER TABLE ONLY public.admin_permissions
    ADD CONSTRAINT admin_permissions_pkey PRIMARY KEY (id);


--
-- Name: admin_permissions_role_lnk admin_permissions_role_lnk_pkey; Type: CONSTRAINT; Schema: public; Owner: gas
--

ALTER TABLE ONLY public.admin_permissions_role_lnk
    ADD CONSTRAINT admin_permissions_role_lnk_pkey PRIMARY KEY (id);


--
-- Name: admin_permissions_role_lnk admin_permissions_role_lnk_uq; Type: CONSTRAINT; Schema: public; Owner: gas
--

ALTER TABLE ONLY public.admin_permissions_role_lnk
    ADD CONSTRAINT admin_permissions_role_lnk_uq UNIQUE (permission_id, role_id);


--
-- Name: admin_roles admin_roles_pkey; Type: CONSTRAINT; Schema: public; Owner: gas
--

ALTER TABLE ONLY public.admin_roles
    ADD CONSTRAINT admin_roles_pkey PRIMARY KEY (id);


--
-- Name: admin_users admin_users_pkey; Type: CONSTRAINT; Schema: public; Owner: gas
--

ALTER TABLE ONLY public.admin_users
    ADD CONSTRAINT admin_users_pkey PRIMARY KEY (id);


--
-- Name: admin_users_roles_lnk admin_users_roles_lnk_pkey; Type: CONSTRAINT; Schema: public; Owner: gas
--

ALTER TABLE ONLY public.admin_users_roles_lnk
    ADD CONSTRAINT admin_users_roles_lnk_pkey PRIMARY KEY (id);


--
-- Name: admin_users_roles_lnk admin_users_roles_lnk_uq; Type: CONSTRAINT; Schema: public; Owner: gas
--

ALTER TABLE ONLY public.admin_users_roles_lnk
    ADD CONSTRAINT admin_users_roles_lnk_uq UNIQUE (user_id, role_id);


--
-- Name: articles_author_lnk articles_author_lnk_pkey; Type: CONSTRAINT; Schema: public; Owner: gas
--

ALTER TABLE ONLY public.articles_author_lnk
    ADD CONSTRAINT articles_author_lnk_pkey PRIMARY KEY (id);


--
-- Name: articles_author_lnk articles_author_lnk_uq; Type: CONSTRAINT; Schema: public; Owner: gas
--

ALTER TABLE ONLY public.articles_author_lnk
    ADD CONSTRAINT articles_author_lnk_uq UNIQUE (article_id, author_id);


--
-- Name: articles_category_lnk articles_category_lnk_pkey; Type: CONSTRAINT; Schema: public; Owner: gas
--

ALTER TABLE ONLY public.articles_category_lnk
    ADD CONSTRAINT articles_category_lnk_pkey PRIMARY KEY (id);


--
-- Name: articles_category_lnk articles_category_lnk_uq; Type: CONSTRAINT; Schema: public; Owner: gas
--

ALTER TABLE ONLY public.articles_category_lnk
    ADD CONSTRAINT articles_category_lnk_uq UNIQUE (article_id, category_id);


--
-- Name: articles_cmps articles_cmps_pkey; Type: CONSTRAINT; Schema: public; Owner: gas
--

ALTER TABLE ONLY public.articles_cmps
    ADD CONSTRAINT articles_cmps_pkey PRIMARY KEY (id);


--
-- Name: articles articles_pkey; Type: CONSTRAINT; Schema: public; Owner: gas
--

ALTER TABLE ONLY public.articles
    ADD CONSTRAINT articles_pkey PRIMARY KEY (id);


--
-- Name: articles_cmps articles_uq; Type: CONSTRAINT; Schema: public; Owner: gas
--

ALTER TABLE ONLY public.articles_cmps
    ADD CONSTRAINT articles_uq UNIQUE (entity_id, cmp_id, field, component_type);


--
-- Name: authors authors_pkey; Type: CONSTRAINT; Schema: public; Owner: gas
--

ALTER TABLE ONLY public.authors
    ADD CONSTRAINT authors_pkey PRIMARY KEY (id);


--
-- Name: categories categories_pkey; Type: CONSTRAINT; Schema: public; Owner: gas
--

ALTER TABLE ONLY public.categories
    ADD CONSTRAINT categories_pkey PRIMARY KEY (id);


--
-- Name: components_shared_media components_shared_media_pkey; Type: CONSTRAINT; Schema: public; Owner: gas
--

ALTER TABLE ONLY public.components_shared_media
    ADD CONSTRAINT components_shared_media_pkey PRIMARY KEY (id);


--
-- Name: components_shared_quotes components_shared_quotes_pkey; Type: CONSTRAINT; Schema: public; Owner: gas
--

ALTER TABLE ONLY public.components_shared_quotes
    ADD CONSTRAINT components_shared_quotes_pkey PRIMARY KEY (id);


--
-- Name: components_shared_rich_texts components_shared_rich_texts_pkey; Type: CONSTRAINT; Schema: public; Owner: gas
--

ALTER TABLE ONLY public.components_shared_rich_texts
    ADD CONSTRAINT components_shared_rich_texts_pkey PRIMARY KEY (id);


--
-- Name: components_shared_seos components_shared_seos_pkey; Type: CONSTRAINT; Schema: public; Owner: gas
--

ALTER TABLE ONLY public.components_shared_seos
    ADD CONSTRAINT components_shared_seos_pkey PRIMARY KEY (id);


--
-- Name: components_shared_sliders components_shared_sliders_pkey; Type: CONSTRAINT; Schema: public; Owner: gas
--

ALTER TABLE ONLY public.components_shared_sliders
    ADD CONSTRAINT components_shared_sliders_pkey PRIMARY KEY (id);


--
-- Name: files_folder_lnk files_folder_lnk_pkey; Type: CONSTRAINT; Schema: public; Owner: gas
--

ALTER TABLE ONLY public.files_folder_lnk
    ADD CONSTRAINT files_folder_lnk_pkey PRIMARY KEY (id);


--
-- Name: files_folder_lnk files_folder_lnk_uq; Type: CONSTRAINT; Schema: public; Owner: gas
--

ALTER TABLE ONLY public.files_folder_lnk
    ADD CONSTRAINT files_folder_lnk_uq UNIQUE (file_id, folder_id);


--
-- Name: files files_pkey; Type: CONSTRAINT; Schema: public; Owner: gas
--

ALTER TABLE ONLY public.files
    ADD CONSTRAINT files_pkey PRIMARY KEY (id);


--
-- Name: files_related_mph files_related_mph_pkey; Type: CONSTRAINT; Schema: public; Owner: gas
--

ALTER TABLE ONLY public.files_related_mph
    ADD CONSTRAINT files_related_mph_pkey PRIMARY KEY (id);


--
-- Name: globals_cmps globals_cmps_pkey; Type: CONSTRAINT; Schema: public; Owner: gas
--

ALTER TABLE ONLY public.globals_cmps
    ADD CONSTRAINT globals_cmps_pkey PRIMARY KEY (id);


--
-- Name: globals globals_pkey; Type: CONSTRAINT; Schema: public; Owner: gas
--

ALTER TABLE ONLY public.globals
    ADD CONSTRAINT globals_pkey PRIMARY KEY (id);


--
-- Name: globals_cmps globals_uq; Type: CONSTRAINT; Schema: public; Owner: gas
--

ALTER TABLE ONLY public.globals_cmps
    ADD CONSTRAINT globals_uq UNIQUE (entity_id, cmp_id, field, component_type);


--
-- Name: i18n_locale i18n_locale_pkey; Type: CONSTRAINT; Schema: public; Owner: gas
--

ALTER TABLE ONLY public.i18n_locale
    ADD CONSTRAINT i18n_locale_pkey PRIMARY KEY (id);


--
-- Name: project_features project_features_pkey; Type: CONSTRAINT; Schema: public; Owner: gas
--

ALTER TABLE ONLY public.project_features
    ADD CONSTRAINT project_features_pkey PRIMARY KEY (id);


--
-- Name: project_features_project_lnk project_features_project_lnk_pkey; Type: CONSTRAINT; Schema: public; Owner: gas
--

ALTER TABLE ONLY public.project_features_project_lnk
    ADD CONSTRAINT project_features_project_lnk_pkey PRIMARY KEY (id);


--
-- Name: project_features_project_lnk project_features_project_lnk_uq; Type: CONSTRAINT; Schema: public; Owner: gas
--

ALTER TABLE ONLY public.project_features_project_lnk
    ADD CONSTRAINT project_features_project_lnk_uq UNIQUE (project_feature_id, project_id);


--
-- Name: project_timings project_timings_pkey; Type: CONSTRAINT; Schema: public; Owner: gas
--

ALTER TABLE ONLY public.project_timings
    ADD CONSTRAINT project_timings_pkey PRIMARY KEY (id);


--
-- Name: project_timings_project_lnk project_timings_project_lnk_pkey; Type: CONSTRAINT; Schema: public; Owner: gas
--

ALTER TABLE ONLY public.project_timings_project_lnk
    ADD CONSTRAINT project_timings_project_lnk_pkey PRIMARY KEY (id);


--
-- Name: project_timings_project_lnk project_timings_project_lnk_uq; Type: CONSTRAINT; Schema: public; Owner: gas
--

ALTER TABLE ONLY public.project_timings_project_lnk
    ADD CONSTRAINT project_timings_project_lnk_uq UNIQUE (project_timing_id, project_id);


--
-- Name: project_typologies project_typologies_pkey; Type: CONSTRAINT; Schema: public; Owner: gas
--

ALTER TABLE ONLY public.project_typologies
    ADD CONSTRAINT project_typologies_pkey PRIMARY KEY (id);


--
-- Name: project_typologies_project_lnk project_typologies_project_lnk_pkey; Type: CONSTRAINT; Schema: public; Owner: gas
--

ALTER TABLE ONLY public.project_typologies_project_lnk
    ADD CONSTRAINT project_typologies_project_lnk_pkey PRIMARY KEY (id);


--
-- Name: project_typologies_project_lnk project_typologies_project_lnk_uq; Type: CONSTRAINT; Schema: public; Owner: gas
--

ALTER TABLE ONLY public.project_typologies_project_lnk
    ADD CONSTRAINT project_typologies_project_lnk_uq UNIQUE (project_typologie_id, project_id);


--
-- Name: projects projects_pkey; Type: CONSTRAINT; Schema: public; Owner: gas
--

ALTER TABLE ONLY public.projects
    ADD CONSTRAINT projects_pkey PRIMARY KEY (id);


--
-- Name: strapi_ai_localization_jobs strapi_ai_localization_jobs_pkey; Type: CONSTRAINT; Schema: public; Owner: gas
--

ALTER TABLE ONLY public.strapi_ai_localization_jobs
    ADD CONSTRAINT strapi_ai_localization_jobs_pkey PRIMARY KEY (id);


--
-- Name: strapi_api_token_permissions strapi_api_token_permissions_pkey; Type: CONSTRAINT; Schema: public; Owner: gas
--

ALTER TABLE ONLY public.strapi_api_token_permissions
    ADD CONSTRAINT strapi_api_token_permissions_pkey PRIMARY KEY (id);


--
-- Name: strapi_api_token_permissions_token_lnk strapi_api_token_permissions_token_lnk_pkey; Type: CONSTRAINT; Schema: public; Owner: gas
--

ALTER TABLE ONLY public.strapi_api_token_permissions_token_lnk
    ADD CONSTRAINT strapi_api_token_permissions_token_lnk_pkey PRIMARY KEY (id);


--
-- Name: strapi_api_token_permissions_token_lnk strapi_api_token_permissions_token_lnk_uq; Type: CONSTRAINT; Schema: public; Owner: gas
--

ALTER TABLE ONLY public.strapi_api_token_permissions_token_lnk
    ADD CONSTRAINT strapi_api_token_permissions_token_lnk_uq UNIQUE (api_token_permission_id, api_token_id);


--
-- Name: strapi_api_tokens strapi_api_tokens_pkey; Type: CONSTRAINT; Schema: public; Owner: gas
--

ALTER TABLE ONLY public.strapi_api_tokens
    ADD CONSTRAINT strapi_api_tokens_pkey PRIMARY KEY (id);


--
-- Name: strapi_core_store_settings strapi_core_store_settings_pkey; Type: CONSTRAINT; Schema: public; Owner: gas
--

ALTER TABLE ONLY public.strapi_core_store_settings
    ADD CONSTRAINT strapi_core_store_settings_pkey PRIMARY KEY (id);


--
-- Name: strapi_database_schema strapi_database_schema_pkey; Type: CONSTRAINT; Schema: public; Owner: gas
--

ALTER TABLE ONLY public.strapi_database_schema
    ADD CONSTRAINT strapi_database_schema_pkey PRIMARY KEY (id);


--
-- Name: strapi_history_versions strapi_history_versions_pkey; Type: CONSTRAINT; Schema: public; Owner: gas
--

ALTER TABLE ONLY public.strapi_history_versions
    ADD CONSTRAINT strapi_history_versions_pkey PRIMARY KEY (id);


--
-- Name: strapi_migrations_internal strapi_migrations_internal_pkey; Type: CONSTRAINT; Schema: public; Owner: gas
--

ALTER TABLE ONLY public.strapi_migrations_internal
    ADD CONSTRAINT strapi_migrations_internal_pkey PRIMARY KEY (id);


--
-- Name: strapi_migrations strapi_migrations_pkey; Type: CONSTRAINT; Schema: public; Owner: gas
--

ALTER TABLE ONLY public.strapi_migrations
    ADD CONSTRAINT strapi_migrations_pkey PRIMARY KEY (id);


--
-- Name: strapi_release_actions strapi_release_actions_pkey; Type: CONSTRAINT; Schema: public; Owner: gas
--

ALTER TABLE ONLY public.strapi_release_actions
    ADD CONSTRAINT strapi_release_actions_pkey PRIMARY KEY (id);


--
-- Name: strapi_release_actions_release_lnk strapi_release_actions_release_lnk_pkey; Type: CONSTRAINT; Schema: public; Owner: gas
--

ALTER TABLE ONLY public.strapi_release_actions_release_lnk
    ADD CONSTRAINT strapi_release_actions_release_lnk_pkey PRIMARY KEY (id);


--
-- Name: strapi_release_actions_release_lnk strapi_release_actions_release_lnk_uq; Type: CONSTRAINT; Schema: public; Owner: gas
--

ALTER TABLE ONLY public.strapi_release_actions_release_lnk
    ADD CONSTRAINT strapi_release_actions_release_lnk_uq UNIQUE (release_action_id, release_id);


--
-- Name: strapi_releases strapi_releases_pkey; Type: CONSTRAINT; Schema: public; Owner: gas
--

ALTER TABLE ONLY public.strapi_releases
    ADD CONSTRAINT strapi_releases_pkey PRIMARY KEY (id);


--
-- Name: strapi_sessions strapi_sessions_pkey; Type: CONSTRAINT; Schema: public; Owner: gas
--

ALTER TABLE ONLY public.strapi_sessions
    ADD CONSTRAINT strapi_sessions_pkey PRIMARY KEY (id);


--
-- Name: strapi_transfer_token_permissions strapi_transfer_token_permissions_pkey; Type: CONSTRAINT; Schema: public; Owner: gas
--

ALTER TABLE ONLY public.strapi_transfer_token_permissions
    ADD CONSTRAINT strapi_transfer_token_permissions_pkey PRIMARY KEY (id);


--
-- Name: strapi_transfer_token_permissions_token_lnk strapi_transfer_token_permissions_token_lnk_pkey; Type: CONSTRAINT; Schema: public; Owner: gas
--

ALTER TABLE ONLY public.strapi_transfer_token_permissions_token_lnk
    ADD CONSTRAINT strapi_transfer_token_permissions_token_lnk_pkey PRIMARY KEY (id);


--
-- Name: strapi_transfer_token_permissions_token_lnk strapi_transfer_token_permissions_token_lnk_uq; Type: CONSTRAINT; Schema: public; Owner: gas
--

ALTER TABLE ONLY public.strapi_transfer_token_permissions_token_lnk
    ADD CONSTRAINT strapi_transfer_token_permissions_token_lnk_uq UNIQUE (transfer_token_permission_id, transfer_token_id);


--
-- Name: strapi_transfer_tokens strapi_transfer_tokens_pkey; Type: CONSTRAINT; Schema: public; Owner: gas
--

ALTER TABLE ONLY public.strapi_transfer_tokens
    ADD CONSTRAINT strapi_transfer_tokens_pkey PRIMARY KEY (id);


--
-- Name: strapi_webhooks strapi_webhooks_pkey; Type: CONSTRAINT; Schema: public; Owner: gas
--

ALTER TABLE ONLY public.strapi_webhooks
    ADD CONSTRAINT strapi_webhooks_pkey PRIMARY KEY (id);


--
-- Name: strapi_workflows strapi_workflows_pkey; Type: CONSTRAINT; Schema: public; Owner: gas
--

ALTER TABLE ONLY public.strapi_workflows
    ADD CONSTRAINT strapi_workflows_pkey PRIMARY KEY (id);


--
-- Name: strapi_workflows_stage_required_to_publish_lnk strapi_workflows_stage_required_to_publish_lnk_pkey; Type: CONSTRAINT; Schema: public; Owner: gas
--

ALTER TABLE ONLY public.strapi_workflows_stage_required_to_publish_lnk
    ADD CONSTRAINT strapi_workflows_stage_required_to_publish_lnk_pkey PRIMARY KEY (id);


--
-- Name: strapi_workflows_stage_required_to_publish_lnk strapi_workflows_stage_required_to_publish_lnk_uq; Type: CONSTRAINT; Schema: public; Owner: gas
--

ALTER TABLE ONLY public.strapi_workflows_stage_required_to_publish_lnk
    ADD CONSTRAINT strapi_workflows_stage_required_to_publish_lnk_uq UNIQUE (workflow_id, workflow_stage_id);


--
-- Name: strapi_workflows_stages_permissions_lnk strapi_workflows_stages_permissions_lnk_pkey; Type: CONSTRAINT; Schema: public; Owner: gas
--

ALTER TABLE ONLY public.strapi_workflows_stages_permissions_lnk
    ADD CONSTRAINT strapi_workflows_stages_permissions_lnk_pkey PRIMARY KEY (id);


--
-- Name: strapi_workflows_stages_permissions_lnk strapi_workflows_stages_permissions_lnk_uq; Type: CONSTRAINT; Schema: public; Owner: gas
--

ALTER TABLE ONLY public.strapi_workflows_stages_permissions_lnk
    ADD CONSTRAINT strapi_workflows_stages_permissions_lnk_uq UNIQUE (workflow_stage_id, permission_id);


--
-- Name: strapi_workflows_stages strapi_workflows_stages_pkey; Type: CONSTRAINT; Schema: public; Owner: gas
--

ALTER TABLE ONLY public.strapi_workflows_stages
    ADD CONSTRAINT strapi_workflows_stages_pkey PRIMARY KEY (id);


--
-- Name: strapi_workflows_stages_workflow_lnk strapi_workflows_stages_workflow_lnk_pkey; Type: CONSTRAINT; Schema: public; Owner: gas
--

ALTER TABLE ONLY public.strapi_workflows_stages_workflow_lnk
    ADD CONSTRAINT strapi_workflows_stages_workflow_lnk_pkey PRIMARY KEY (id);


--
-- Name: strapi_workflows_stages_workflow_lnk strapi_workflows_stages_workflow_lnk_uq; Type: CONSTRAINT; Schema: public; Owner: gas
--

ALTER TABLE ONLY public.strapi_workflows_stages_workflow_lnk
    ADD CONSTRAINT strapi_workflows_stages_workflow_lnk_uq UNIQUE (workflow_stage_id, workflow_id);


--
-- Name: up_permissions up_permissions_pkey; Type: CONSTRAINT; Schema: public; Owner: gas
--

ALTER TABLE ONLY public.up_permissions
    ADD CONSTRAINT up_permissions_pkey PRIMARY KEY (id);


--
-- Name: up_permissions_role_lnk up_permissions_role_lnk_pkey; Type: CONSTRAINT; Schema: public; Owner: gas
--

ALTER TABLE ONLY public.up_permissions_role_lnk
    ADD CONSTRAINT up_permissions_role_lnk_pkey PRIMARY KEY (id);


--
-- Name: up_permissions_role_lnk up_permissions_role_lnk_uq; Type: CONSTRAINT; Schema: public; Owner: gas
--

ALTER TABLE ONLY public.up_permissions_role_lnk
    ADD CONSTRAINT up_permissions_role_lnk_uq UNIQUE (permission_id, role_id);


--
-- Name: up_roles up_roles_pkey; Type: CONSTRAINT; Schema: public; Owner: gas
--

ALTER TABLE ONLY public.up_roles
    ADD CONSTRAINT up_roles_pkey PRIMARY KEY (id);


--
-- Name: up_users up_users_pkey; Type: CONSTRAINT; Schema: public; Owner: gas
--

ALTER TABLE ONLY public.up_users
    ADD CONSTRAINT up_users_pkey PRIMARY KEY (id);


--
-- Name: up_users_role_lnk up_users_role_lnk_pkey; Type: CONSTRAINT; Schema: public; Owner: gas
--

ALTER TABLE ONLY public.up_users_role_lnk
    ADD CONSTRAINT up_users_role_lnk_pkey PRIMARY KEY (id);


--
-- Name: up_users_role_lnk up_users_role_lnk_uq; Type: CONSTRAINT; Schema: public; Owner: gas
--

ALTER TABLE ONLY public.up_users_role_lnk
    ADD CONSTRAINT up_users_role_lnk_uq UNIQUE (user_id, role_id);


--
-- Name: upload_folders_parent_lnk upload_folders_parent_lnk_pkey; Type: CONSTRAINT; Schema: public; Owner: gas
--

ALTER TABLE ONLY public.upload_folders_parent_lnk
    ADD CONSTRAINT upload_folders_parent_lnk_pkey PRIMARY KEY (id);


--
-- Name: upload_folders_parent_lnk upload_folders_parent_lnk_uq; Type: CONSTRAINT; Schema: public; Owner: gas
--

ALTER TABLE ONLY public.upload_folders_parent_lnk
    ADD CONSTRAINT upload_folders_parent_lnk_uq UNIQUE (folder_id, inv_folder_id);


--
-- Name: upload_folders upload_folders_path_id_index; Type: CONSTRAINT; Schema: public; Owner: gas
--

ALTER TABLE ONLY public.upload_folders
    ADD CONSTRAINT upload_folders_path_id_index UNIQUE (path_id);


--
-- Name: upload_folders upload_folders_path_index; Type: CONSTRAINT; Schema: public; Owner: gas
--

ALTER TABLE ONLY public.upload_folders
    ADD CONSTRAINT upload_folders_path_index UNIQUE (path);


--
-- Name: upload_folders upload_folders_pkey; Type: CONSTRAINT; Schema: public; Owner: gas
--

ALTER TABLE ONLY public.upload_folders
    ADD CONSTRAINT upload_folders_pkey PRIMARY KEY (id);


--
-- Name: abouts_component_type_idx; Type: INDEX; Schema: public; Owner: gas
--

CREATE INDEX abouts_component_type_idx ON public.abouts_cmps USING btree (component_type);


--
-- Name: abouts_created_by_id_fk; Type: INDEX; Schema: public; Owner: gas
--

CREATE INDEX abouts_created_by_id_fk ON public.abouts USING btree (created_by_id);


--
-- Name: abouts_documents_idx; Type: INDEX; Schema: public; Owner: gas
--

CREATE INDEX abouts_documents_idx ON public.abouts USING btree (document_id, locale, published_at);


--
-- Name: abouts_entity_fk; Type: INDEX; Schema: public; Owner: gas
--

CREATE INDEX abouts_entity_fk ON public.abouts_cmps USING btree (entity_id);


--
-- Name: abouts_field_idx; Type: INDEX; Schema: public; Owner: gas
--

CREATE INDEX abouts_field_idx ON public.abouts_cmps USING btree (field);


--
-- Name: abouts_updated_by_id_fk; Type: INDEX; Schema: public; Owner: gas
--

CREATE INDEX abouts_updated_by_id_fk ON public.abouts USING btree (updated_by_id);


--
-- Name: admin_permissions_created_by_id_fk; Type: INDEX; Schema: public; Owner: gas
--

CREATE INDEX admin_permissions_created_by_id_fk ON public.admin_permissions USING btree (created_by_id);


--
-- Name: admin_permissions_documents_idx; Type: INDEX; Schema: public; Owner: gas
--

CREATE INDEX admin_permissions_documents_idx ON public.admin_permissions USING btree (document_id, locale, published_at);


--
-- Name: admin_permissions_role_lnk_fk; Type: INDEX; Schema: public; Owner: gas
--

CREATE INDEX admin_permissions_role_lnk_fk ON public.admin_permissions_role_lnk USING btree (permission_id);


--
-- Name: admin_permissions_role_lnk_ifk; Type: INDEX; Schema: public; Owner: gas
--

CREATE INDEX admin_permissions_role_lnk_ifk ON public.admin_permissions_role_lnk USING btree (role_id);


--
-- Name: admin_permissions_role_lnk_oifk; Type: INDEX; Schema: public; Owner: gas
--

CREATE INDEX admin_permissions_role_lnk_oifk ON public.admin_permissions_role_lnk USING btree (permission_ord);


--
-- Name: admin_permissions_updated_by_id_fk; Type: INDEX; Schema: public; Owner: gas
--

CREATE INDEX admin_permissions_updated_by_id_fk ON public.admin_permissions USING btree (updated_by_id);


--
-- Name: admin_roles_created_by_id_fk; Type: INDEX; Schema: public; Owner: gas
--

CREATE INDEX admin_roles_created_by_id_fk ON public.admin_roles USING btree (created_by_id);


--
-- Name: admin_roles_documents_idx; Type: INDEX; Schema: public; Owner: gas
--

CREATE INDEX admin_roles_documents_idx ON public.admin_roles USING btree (document_id, locale, published_at);


--
-- Name: admin_roles_updated_by_id_fk; Type: INDEX; Schema: public; Owner: gas
--

CREATE INDEX admin_roles_updated_by_id_fk ON public.admin_roles USING btree (updated_by_id);


--
-- Name: admin_users_created_by_id_fk; Type: INDEX; Schema: public; Owner: gas
--

CREATE INDEX admin_users_created_by_id_fk ON public.admin_users USING btree (created_by_id);


--
-- Name: admin_users_documents_idx; Type: INDEX; Schema: public; Owner: gas
--

CREATE INDEX admin_users_documents_idx ON public.admin_users USING btree (document_id, locale, published_at);


--
-- Name: admin_users_roles_lnk_fk; Type: INDEX; Schema: public; Owner: gas
--

CREATE INDEX admin_users_roles_lnk_fk ON public.admin_users_roles_lnk USING btree (user_id);


--
-- Name: admin_users_roles_lnk_ifk; Type: INDEX; Schema: public; Owner: gas
--

CREATE INDEX admin_users_roles_lnk_ifk ON public.admin_users_roles_lnk USING btree (role_id);


--
-- Name: admin_users_roles_lnk_ofk; Type: INDEX; Schema: public; Owner: gas
--

CREATE INDEX admin_users_roles_lnk_ofk ON public.admin_users_roles_lnk USING btree (role_ord);


--
-- Name: admin_users_roles_lnk_oifk; Type: INDEX; Schema: public; Owner: gas
--

CREATE INDEX admin_users_roles_lnk_oifk ON public.admin_users_roles_lnk USING btree (user_ord);


--
-- Name: admin_users_updated_by_id_fk; Type: INDEX; Schema: public; Owner: gas
--

CREATE INDEX admin_users_updated_by_id_fk ON public.admin_users USING btree (updated_by_id);


--
-- Name: articles_author_lnk_fk; Type: INDEX; Schema: public; Owner: gas
--

CREATE INDEX articles_author_lnk_fk ON public.articles_author_lnk USING btree (article_id);


--
-- Name: articles_author_lnk_ifk; Type: INDEX; Schema: public; Owner: gas
--

CREATE INDEX articles_author_lnk_ifk ON public.articles_author_lnk USING btree (author_id);


--
-- Name: articles_author_lnk_oifk; Type: INDEX; Schema: public; Owner: gas
--

CREATE INDEX articles_author_lnk_oifk ON public.articles_author_lnk USING btree (article_ord);


--
-- Name: articles_category_lnk_fk; Type: INDEX; Schema: public; Owner: gas
--

CREATE INDEX articles_category_lnk_fk ON public.articles_category_lnk USING btree (article_id);


--
-- Name: articles_category_lnk_ifk; Type: INDEX; Schema: public; Owner: gas
--

CREATE INDEX articles_category_lnk_ifk ON public.articles_category_lnk USING btree (category_id);


--
-- Name: articles_category_lnk_oifk; Type: INDEX; Schema: public; Owner: gas
--

CREATE INDEX articles_category_lnk_oifk ON public.articles_category_lnk USING btree (article_ord);


--
-- Name: articles_component_type_idx; Type: INDEX; Schema: public; Owner: gas
--

CREATE INDEX articles_component_type_idx ON public.articles_cmps USING btree (component_type);


--
-- Name: articles_created_by_id_fk; Type: INDEX; Schema: public; Owner: gas
--

CREATE INDEX articles_created_by_id_fk ON public.articles USING btree (created_by_id);


--
-- Name: articles_documents_idx; Type: INDEX; Schema: public; Owner: gas
--

CREATE INDEX articles_documents_idx ON public.articles USING btree (document_id, locale, published_at);


--
-- Name: articles_entity_fk; Type: INDEX; Schema: public; Owner: gas
--

CREATE INDEX articles_entity_fk ON public.articles_cmps USING btree (entity_id);


--
-- Name: articles_field_idx; Type: INDEX; Schema: public; Owner: gas
--

CREATE INDEX articles_field_idx ON public.articles_cmps USING btree (field);


--
-- Name: articles_updated_by_id_fk; Type: INDEX; Schema: public; Owner: gas
--

CREATE INDEX articles_updated_by_id_fk ON public.articles USING btree (updated_by_id);


--
-- Name: authors_created_by_id_fk; Type: INDEX; Schema: public; Owner: gas
--

CREATE INDEX authors_created_by_id_fk ON public.authors USING btree (created_by_id);


--
-- Name: authors_documents_idx; Type: INDEX; Schema: public; Owner: gas
--

CREATE INDEX authors_documents_idx ON public.authors USING btree (document_id, locale, published_at);


--
-- Name: authors_updated_by_id_fk; Type: INDEX; Schema: public; Owner: gas
--

CREATE INDEX authors_updated_by_id_fk ON public.authors USING btree (updated_by_id);


--
-- Name: categories_created_by_id_fk; Type: INDEX; Schema: public; Owner: gas
--

CREATE INDEX categories_created_by_id_fk ON public.categories USING btree (created_by_id);


--
-- Name: categories_documents_idx; Type: INDEX; Schema: public; Owner: gas
--

CREATE INDEX categories_documents_idx ON public.categories USING btree (document_id, locale, published_at);


--
-- Name: categories_updated_by_id_fk; Type: INDEX; Schema: public; Owner: gas
--

CREATE INDEX categories_updated_by_id_fk ON public.categories USING btree (updated_by_id);


--
-- Name: files_created_by_id_fk; Type: INDEX; Schema: public; Owner: gas
--

CREATE INDEX files_created_by_id_fk ON public.files USING btree (created_by_id);


--
-- Name: files_documents_idx; Type: INDEX; Schema: public; Owner: gas
--

CREATE INDEX files_documents_idx ON public.files USING btree (document_id, locale, published_at);


--
-- Name: files_folder_lnk_fk; Type: INDEX; Schema: public; Owner: gas
--

CREATE INDEX files_folder_lnk_fk ON public.files_folder_lnk USING btree (file_id);


--
-- Name: files_folder_lnk_ifk; Type: INDEX; Schema: public; Owner: gas
--

CREATE INDEX files_folder_lnk_ifk ON public.files_folder_lnk USING btree (folder_id);


--
-- Name: files_folder_lnk_oifk; Type: INDEX; Schema: public; Owner: gas
--

CREATE INDEX files_folder_lnk_oifk ON public.files_folder_lnk USING btree (file_ord);


--
-- Name: files_related_mph_fk; Type: INDEX; Schema: public; Owner: gas
--

CREATE INDEX files_related_mph_fk ON public.files_related_mph USING btree (file_id);


--
-- Name: files_related_mph_idix; Type: INDEX; Schema: public; Owner: gas
--

CREATE INDEX files_related_mph_idix ON public.files_related_mph USING btree (related_id);


--
-- Name: files_related_mph_oidx; Type: INDEX; Schema: public; Owner: gas
--

CREATE INDEX files_related_mph_oidx ON public.files_related_mph USING btree ("order");


--
-- Name: files_updated_by_id_fk; Type: INDEX; Schema: public; Owner: gas
--

CREATE INDEX files_updated_by_id_fk ON public.files USING btree (updated_by_id);


--
-- Name: globals_component_type_idx; Type: INDEX; Schema: public; Owner: gas
--

CREATE INDEX globals_component_type_idx ON public.globals_cmps USING btree (component_type);


--
-- Name: globals_created_by_id_fk; Type: INDEX; Schema: public; Owner: gas
--

CREATE INDEX globals_created_by_id_fk ON public.globals USING btree (created_by_id);


--
-- Name: globals_documents_idx; Type: INDEX; Schema: public; Owner: gas
--

CREATE INDEX globals_documents_idx ON public.globals USING btree (document_id, locale, published_at);


--
-- Name: globals_entity_fk; Type: INDEX; Schema: public; Owner: gas
--

CREATE INDEX globals_entity_fk ON public.globals_cmps USING btree (entity_id);


--
-- Name: globals_field_idx; Type: INDEX; Schema: public; Owner: gas
--

CREATE INDEX globals_field_idx ON public.globals_cmps USING btree (field);


--
-- Name: globals_updated_by_id_fk; Type: INDEX; Schema: public; Owner: gas
--

CREATE INDEX globals_updated_by_id_fk ON public.globals USING btree (updated_by_id);


--
-- Name: i18n_locale_created_by_id_fk; Type: INDEX; Schema: public; Owner: gas
--

CREATE INDEX i18n_locale_created_by_id_fk ON public.i18n_locale USING btree (created_by_id);


--
-- Name: i18n_locale_documents_idx; Type: INDEX; Schema: public; Owner: gas
--

CREATE INDEX i18n_locale_documents_idx ON public.i18n_locale USING btree (document_id, locale, published_at);


--
-- Name: i18n_locale_updated_by_id_fk; Type: INDEX; Schema: public; Owner: gas
--

CREATE INDEX i18n_locale_updated_by_id_fk ON public.i18n_locale USING btree (updated_by_id);


--
-- Name: project_features_created_by_id_fk; Type: INDEX; Schema: public; Owner: gas
--

CREATE INDEX project_features_created_by_id_fk ON public.project_features USING btree (created_by_id);


--
-- Name: project_features_documents_idx; Type: INDEX; Schema: public; Owner: gas
--

CREATE INDEX project_features_documents_idx ON public.project_features USING btree (document_id, locale, published_at);


--
-- Name: project_features_project_lnk_fk; Type: INDEX; Schema: public; Owner: gas
--

CREATE INDEX project_features_project_lnk_fk ON public.project_features_project_lnk USING btree (project_feature_id);


--
-- Name: project_features_project_lnk_ifk; Type: INDEX; Schema: public; Owner: gas
--

CREATE INDEX project_features_project_lnk_ifk ON public.project_features_project_lnk USING btree (project_id);


--
-- Name: project_features_project_lnk_oifk; Type: INDEX; Schema: public; Owner: gas
--

CREATE INDEX project_features_project_lnk_oifk ON public.project_features_project_lnk USING btree (project_feature_ord);


--
-- Name: project_features_updated_by_id_fk; Type: INDEX; Schema: public; Owner: gas
--

CREATE INDEX project_features_updated_by_id_fk ON public.project_features USING btree (updated_by_id);


--
-- Name: project_timings_created_by_id_fk; Type: INDEX; Schema: public; Owner: gas
--

CREATE INDEX project_timings_created_by_id_fk ON public.project_timings USING btree (created_by_id);


--
-- Name: project_timings_documents_idx; Type: INDEX; Schema: public; Owner: gas
--

CREATE INDEX project_timings_documents_idx ON public.project_timings USING btree (document_id, locale, published_at);


--
-- Name: project_timings_project_lnk_fk; Type: INDEX; Schema: public; Owner: gas
--

CREATE INDEX project_timings_project_lnk_fk ON public.project_timings_project_lnk USING btree (project_timing_id);


--
-- Name: project_timings_project_lnk_ifk; Type: INDEX; Schema: public; Owner: gas
--

CREATE INDEX project_timings_project_lnk_ifk ON public.project_timings_project_lnk USING btree (project_id);


--
-- Name: project_timings_project_lnk_oifk; Type: INDEX; Schema: public; Owner: gas
--

CREATE INDEX project_timings_project_lnk_oifk ON public.project_timings_project_lnk USING btree (project_timing_ord);


--
-- Name: project_timings_updated_by_id_fk; Type: INDEX; Schema: public; Owner: gas
--

CREATE INDEX project_timings_updated_by_id_fk ON public.project_timings USING btree (updated_by_id);


--
-- Name: project_typologies_created_by_id_fk; Type: INDEX; Schema: public; Owner: gas
--

CREATE INDEX project_typologies_created_by_id_fk ON public.project_typologies USING btree (created_by_id);


--
-- Name: project_typologies_documents_idx; Type: INDEX; Schema: public; Owner: gas
--

CREATE INDEX project_typologies_documents_idx ON public.project_typologies USING btree (document_id, locale, published_at);


--
-- Name: project_typologies_project_lnk_fk; Type: INDEX; Schema: public; Owner: gas
--

CREATE INDEX project_typologies_project_lnk_fk ON public.project_typologies_project_lnk USING btree (project_typologie_id);


--
-- Name: project_typologies_project_lnk_ifk; Type: INDEX; Schema: public; Owner: gas
--

CREATE INDEX project_typologies_project_lnk_ifk ON public.project_typologies_project_lnk USING btree (project_id);


--
-- Name: project_typologies_project_lnk_oifk; Type: INDEX; Schema: public; Owner: gas
--

CREATE INDEX project_typologies_project_lnk_oifk ON public.project_typologies_project_lnk USING btree (project_typologie_ord);


--
-- Name: project_typologies_updated_by_id_fk; Type: INDEX; Schema: public; Owner: gas
--

CREATE INDEX project_typologies_updated_by_id_fk ON public.project_typologies USING btree (updated_by_id);


--
-- Name: projects_created_by_id_fk; Type: INDEX; Schema: public; Owner: gas
--

CREATE INDEX projects_created_by_id_fk ON public.projects USING btree (created_by_id);


--
-- Name: projects_documents_idx; Type: INDEX; Schema: public; Owner: gas
--

CREATE INDEX projects_documents_idx ON public.projects USING btree (document_id, locale, published_at);


--
-- Name: projects_updated_by_id_fk; Type: INDEX; Schema: public; Owner: gas
--

CREATE INDEX projects_updated_by_id_fk ON public.projects USING btree (updated_by_id);


--
-- Name: strapi_api_token_permissions_created_by_id_fk; Type: INDEX; Schema: public; Owner: gas
--

CREATE INDEX strapi_api_token_permissions_created_by_id_fk ON public.strapi_api_token_permissions USING btree (created_by_id);


--
-- Name: strapi_api_token_permissions_documents_idx; Type: INDEX; Schema: public; Owner: gas
--

CREATE INDEX strapi_api_token_permissions_documents_idx ON public.strapi_api_token_permissions USING btree (document_id, locale, published_at);


--
-- Name: strapi_api_token_permissions_token_lnk_fk; Type: INDEX; Schema: public; Owner: gas
--

CREATE INDEX strapi_api_token_permissions_token_lnk_fk ON public.strapi_api_token_permissions_token_lnk USING btree (api_token_permission_id);


--
-- Name: strapi_api_token_permissions_token_lnk_ifk; Type: INDEX; Schema: public; Owner: gas
--

CREATE INDEX strapi_api_token_permissions_token_lnk_ifk ON public.strapi_api_token_permissions_token_lnk USING btree (api_token_id);


--
-- Name: strapi_api_token_permissions_token_lnk_oifk; Type: INDEX; Schema: public; Owner: gas
--

CREATE INDEX strapi_api_token_permissions_token_lnk_oifk ON public.strapi_api_token_permissions_token_lnk USING btree (api_token_permission_ord);


--
-- Name: strapi_api_token_permissions_updated_by_id_fk; Type: INDEX; Schema: public; Owner: gas
--

CREATE INDEX strapi_api_token_permissions_updated_by_id_fk ON public.strapi_api_token_permissions USING btree (updated_by_id);


--
-- Name: strapi_api_tokens_created_by_id_fk; Type: INDEX; Schema: public; Owner: gas
--

CREATE INDEX strapi_api_tokens_created_by_id_fk ON public.strapi_api_tokens USING btree (created_by_id);


--
-- Name: strapi_api_tokens_documents_idx; Type: INDEX; Schema: public; Owner: gas
--

CREATE INDEX strapi_api_tokens_documents_idx ON public.strapi_api_tokens USING btree (document_id, locale, published_at);


--
-- Name: strapi_api_tokens_updated_by_id_fk; Type: INDEX; Schema: public; Owner: gas
--

CREATE INDEX strapi_api_tokens_updated_by_id_fk ON public.strapi_api_tokens USING btree (updated_by_id);


--
-- Name: strapi_history_versions_created_by_id_fk; Type: INDEX; Schema: public; Owner: gas
--

CREATE INDEX strapi_history_versions_created_by_id_fk ON public.strapi_history_versions USING btree (created_by_id);


--
-- Name: strapi_release_actions_created_by_id_fk; Type: INDEX; Schema: public; Owner: gas
--

CREATE INDEX strapi_release_actions_created_by_id_fk ON public.strapi_release_actions USING btree (created_by_id);


--
-- Name: strapi_release_actions_documents_idx; Type: INDEX; Schema: public; Owner: gas
--

CREATE INDEX strapi_release_actions_documents_idx ON public.strapi_release_actions USING btree (document_id, locale, published_at);


--
-- Name: strapi_release_actions_release_lnk_fk; Type: INDEX; Schema: public; Owner: gas
--

CREATE INDEX strapi_release_actions_release_lnk_fk ON public.strapi_release_actions_release_lnk USING btree (release_action_id);


--
-- Name: strapi_release_actions_release_lnk_ifk; Type: INDEX; Schema: public; Owner: gas
--

CREATE INDEX strapi_release_actions_release_lnk_ifk ON public.strapi_release_actions_release_lnk USING btree (release_id);


--
-- Name: strapi_release_actions_release_lnk_oifk; Type: INDEX; Schema: public; Owner: gas
--

CREATE INDEX strapi_release_actions_release_lnk_oifk ON public.strapi_release_actions_release_lnk USING btree (release_action_ord);


--
-- Name: strapi_release_actions_updated_by_id_fk; Type: INDEX; Schema: public; Owner: gas
--

CREATE INDEX strapi_release_actions_updated_by_id_fk ON public.strapi_release_actions USING btree (updated_by_id);


--
-- Name: strapi_releases_created_by_id_fk; Type: INDEX; Schema: public; Owner: gas
--

CREATE INDEX strapi_releases_created_by_id_fk ON public.strapi_releases USING btree (created_by_id);


--
-- Name: strapi_releases_documents_idx; Type: INDEX; Schema: public; Owner: gas
--

CREATE INDEX strapi_releases_documents_idx ON public.strapi_releases USING btree (document_id, locale, published_at);


--
-- Name: strapi_releases_updated_by_id_fk; Type: INDEX; Schema: public; Owner: gas
--

CREATE INDEX strapi_releases_updated_by_id_fk ON public.strapi_releases USING btree (updated_by_id);


--
-- Name: strapi_sessions_created_by_id_fk; Type: INDEX; Schema: public; Owner: gas
--

CREATE INDEX strapi_sessions_created_by_id_fk ON public.strapi_sessions USING btree (created_by_id);


--
-- Name: strapi_sessions_documents_idx; Type: INDEX; Schema: public; Owner: gas
--

CREATE INDEX strapi_sessions_documents_idx ON public.strapi_sessions USING btree (document_id, locale, published_at);


--
-- Name: strapi_sessions_updated_by_id_fk; Type: INDEX; Schema: public; Owner: gas
--

CREATE INDEX strapi_sessions_updated_by_id_fk ON public.strapi_sessions USING btree (updated_by_id);


--
-- Name: strapi_transfer_token_permissions_created_by_id_fk; Type: INDEX; Schema: public; Owner: gas
--

CREATE INDEX strapi_transfer_token_permissions_created_by_id_fk ON public.strapi_transfer_token_permissions USING btree (created_by_id);


--
-- Name: strapi_transfer_token_permissions_documents_idx; Type: INDEX; Schema: public; Owner: gas
--

CREATE INDEX strapi_transfer_token_permissions_documents_idx ON public.strapi_transfer_token_permissions USING btree (document_id, locale, published_at);


--
-- Name: strapi_transfer_token_permissions_token_lnk_fk; Type: INDEX; Schema: public; Owner: gas
--

CREATE INDEX strapi_transfer_token_permissions_token_lnk_fk ON public.strapi_transfer_token_permissions_token_lnk USING btree (transfer_token_permission_id);


--
-- Name: strapi_transfer_token_permissions_token_lnk_ifk; Type: INDEX; Schema: public; Owner: gas
--

CREATE INDEX strapi_transfer_token_permissions_token_lnk_ifk ON public.strapi_transfer_token_permissions_token_lnk USING btree (transfer_token_id);


--
-- Name: strapi_transfer_token_permissions_token_lnk_oifk; Type: INDEX; Schema: public; Owner: gas
--

CREATE INDEX strapi_transfer_token_permissions_token_lnk_oifk ON public.strapi_transfer_token_permissions_token_lnk USING btree (transfer_token_permission_ord);


--
-- Name: strapi_transfer_token_permissions_updated_by_id_fk; Type: INDEX; Schema: public; Owner: gas
--

CREATE INDEX strapi_transfer_token_permissions_updated_by_id_fk ON public.strapi_transfer_token_permissions USING btree (updated_by_id);


--
-- Name: strapi_transfer_tokens_created_by_id_fk; Type: INDEX; Schema: public; Owner: gas
--

CREATE INDEX strapi_transfer_tokens_created_by_id_fk ON public.strapi_transfer_tokens USING btree (created_by_id);


--
-- Name: strapi_transfer_tokens_documents_idx; Type: INDEX; Schema: public; Owner: gas
--

CREATE INDEX strapi_transfer_tokens_documents_idx ON public.strapi_transfer_tokens USING btree (document_id, locale, published_at);


--
-- Name: strapi_transfer_tokens_updated_by_id_fk; Type: INDEX; Schema: public; Owner: gas
--

CREATE INDEX strapi_transfer_tokens_updated_by_id_fk ON public.strapi_transfer_tokens USING btree (updated_by_id);


--
-- Name: strapi_workflows_created_by_id_fk; Type: INDEX; Schema: public; Owner: gas
--

CREATE INDEX strapi_workflows_created_by_id_fk ON public.strapi_workflows USING btree (created_by_id);


--
-- Name: strapi_workflows_documents_idx; Type: INDEX; Schema: public; Owner: gas
--

CREATE INDEX strapi_workflows_documents_idx ON public.strapi_workflows USING btree (document_id, locale, published_at);


--
-- Name: strapi_workflows_stage_required_to_publish_lnk_fk; Type: INDEX; Schema: public; Owner: gas
--

CREATE INDEX strapi_workflows_stage_required_to_publish_lnk_fk ON public.strapi_workflows_stage_required_to_publish_lnk USING btree (workflow_id);


--
-- Name: strapi_workflows_stage_required_to_publish_lnk_ifk; Type: INDEX; Schema: public; Owner: gas
--

CREATE INDEX strapi_workflows_stage_required_to_publish_lnk_ifk ON public.strapi_workflows_stage_required_to_publish_lnk USING btree (workflow_stage_id);


--
-- Name: strapi_workflows_stages_created_by_id_fk; Type: INDEX; Schema: public; Owner: gas
--

CREATE INDEX strapi_workflows_stages_created_by_id_fk ON public.strapi_workflows_stages USING btree (created_by_id);


--
-- Name: strapi_workflows_stages_documents_idx; Type: INDEX; Schema: public; Owner: gas
--

CREATE INDEX strapi_workflows_stages_documents_idx ON public.strapi_workflows_stages USING btree (document_id, locale, published_at);


--
-- Name: strapi_workflows_stages_permissions_lnk_fk; Type: INDEX; Schema: public; Owner: gas
--

CREATE INDEX strapi_workflows_stages_permissions_lnk_fk ON public.strapi_workflows_stages_permissions_lnk USING btree (workflow_stage_id);


--
-- Name: strapi_workflows_stages_permissions_lnk_ifk; Type: INDEX; Schema: public; Owner: gas
--

CREATE INDEX strapi_workflows_stages_permissions_lnk_ifk ON public.strapi_workflows_stages_permissions_lnk USING btree (permission_id);


--
-- Name: strapi_workflows_stages_permissions_lnk_ofk; Type: INDEX; Schema: public; Owner: gas
--

CREATE INDEX strapi_workflows_stages_permissions_lnk_ofk ON public.strapi_workflows_stages_permissions_lnk USING btree (permission_ord);


--
-- Name: strapi_workflows_stages_updated_by_id_fk; Type: INDEX; Schema: public; Owner: gas
--

CREATE INDEX strapi_workflows_stages_updated_by_id_fk ON public.strapi_workflows_stages USING btree (updated_by_id);


--
-- Name: strapi_workflows_stages_workflow_lnk_fk; Type: INDEX; Schema: public; Owner: gas
--

CREATE INDEX strapi_workflows_stages_workflow_lnk_fk ON public.strapi_workflows_stages_workflow_lnk USING btree (workflow_stage_id);


--
-- Name: strapi_workflows_stages_workflow_lnk_ifk; Type: INDEX; Schema: public; Owner: gas
--

CREATE INDEX strapi_workflows_stages_workflow_lnk_ifk ON public.strapi_workflows_stages_workflow_lnk USING btree (workflow_id);


--
-- Name: strapi_workflows_stages_workflow_lnk_oifk; Type: INDEX; Schema: public; Owner: gas
--

CREATE INDEX strapi_workflows_stages_workflow_lnk_oifk ON public.strapi_workflows_stages_workflow_lnk USING btree (workflow_stage_ord);


--
-- Name: strapi_workflows_updated_by_id_fk; Type: INDEX; Schema: public; Owner: gas
--

CREATE INDEX strapi_workflows_updated_by_id_fk ON public.strapi_workflows USING btree (updated_by_id);


--
-- Name: up_permissions_created_by_id_fk; Type: INDEX; Schema: public; Owner: gas
--

CREATE INDEX up_permissions_created_by_id_fk ON public.up_permissions USING btree (created_by_id);


--
-- Name: up_permissions_documents_idx; Type: INDEX; Schema: public; Owner: gas
--

CREATE INDEX up_permissions_documents_idx ON public.up_permissions USING btree (document_id, locale, published_at);


--
-- Name: up_permissions_role_lnk_fk; Type: INDEX; Schema: public; Owner: gas
--

CREATE INDEX up_permissions_role_lnk_fk ON public.up_permissions_role_lnk USING btree (permission_id);


--
-- Name: up_permissions_role_lnk_ifk; Type: INDEX; Schema: public; Owner: gas
--

CREATE INDEX up_permissions_role_lnk_ifk ON public.up_permissions_role_lnk USING btree (role_id);


--
-- Name: up_permissions_role_lnk_oifk; Type: INDEX; Schema: public; Owner: gas
--

CREATE INDEX up_permissions_role_lnk_oifk ON public.up_permissions_role_lnk USING btree (permission_ord);


--
-- Name: up_permissions_updated_by_id_fk; Type: INDEX; Schema: public; Owner: gas
--

CREATE INDEX up_permissions_updated_by_id_fk ON public.up_permissions USING btree (updated_by_id);


--
-- Name: up_roles_created_by_id_fk; Type: INDEX; Schema: public; Owner: gas
--

CREATE INDEX up_roles_created_by_id_fk ON public.up_roles USING btree (created_by_id);


--
-- Name: up_roles_documents_idx; Type: INDEX; Schema: public; Owner: gas
--

CREATE INDEX up_roles_documents_idx ON public.up_roles USING btree (document_id, locale, published_at);


--
-- Name: up_roles_updated_by_id_fk; Type: INDEX; Schema: public; Owner: gas
--

CREATE INDEX up_roles_updated_by_id_fk ON public.up_roles USING btree (updated_by_id);


--
-- Name: up_users_created_by_id_fk; Type: INDEX; Schema: public; Owner: gas
--

CREATE INDEX up_users_created_by_id_fk ON public.up_users USING btree (created_by_id);


--
-- Name: up_users_documents_idx; Type: INDEX; Schema: public; Owner: gas
--

CREATE INDEX up_users_documents_idx ON public.up_users USING btree (document_id, locale, published_at);


--
-- Name: up_users_role_lnk_fk; Type: INDEX; Schema: public; Owner: gas
--

CREATE INDEX up_users_role_lnk_fk ON public.up_users_role_lnk USING btree (user_id);


--
-- Name: up_users_role_lnk_ifk; Type: INDEX; Schema: public; Owner: gas
--

CREATE INDEX up_users_role_lnk_ifk ON public.up_users_role_lnk USING btree (role_id);


--
-- Name: up_users_role_lnk_oifk; Type: INDEX; Schema: public; Owner: gas
--

CREATE INDEX up_users_role_lnk_oifk ON public.up_users_role_lnk USING btree (user_ord);


--
-- Name: up_users_updated_by_id_fk; Type: INDEX; Schema: public; Owner: gas
--

CREATE INDEX up_users_updated_by_id_fk ON public.up_users USING btree (updated_by_id);


--
-- Name: upload_files_created_at_index; Type: INDEX; Schema: public; Owner: gas
--

CREATE INDEX upload_files_created_at_index ON public.files USING btree (created_at);


--
-- Name: upload_files_ext_index; Type: INDEX; Schema: public; Owner: gas
--

CREATE INDEX upload_files_ext_index ON public.files USING btree (ext);


--
-- Name: upload_files_folder_path_index; Type: INDEX; Schema: public; Owner: gas
--

CREATE INDEX upload_files_folder_path_index ON public.files USING btree (folder_path);


--
-- Name: upload_files_name_index; Type: INDEX; Schema: public; Owner: gas
--

CREATE INDEX upload_files_name_index ON public.files USING btree (name);


--
-- Name: upload_files_size_index; Type: INDEX; Schema: public; Owner: gas
--

CREATE INDEX upload_files_size_index ON public.files USING btree (size);


--
-- Name: upload_files_updated_at_index; Type: INDEX; Schema: public; Owner: gas
--

CREATE INDEX upload_files_updated_at_index ON public.files USING btree (updated_at);


--
-- Name: upload_folders_created_by_id_fk; Type: INDEX; Schema: public; Owner: gas
--

CREATE INDEX upload_folders_created_by_id_fk ON public.upload_folders USING btree (created_by_id);


--
-- Name: upload_folders_documents_idx; Type: INDEX; Schema: public; Owner: gas
--

CREATE INDEX upload_folders_documents_idx ON public.upload_folders USING btree (document_id, locale, published_at);


--
-- Name: upload_folders_parent_lnk_fk; Type: INDEX; Schema: public; Owner: gas
--

CREATE INDEX upload_folders_parent_lnk_fk ON public.upload_folders_parent_lnk USING btree (folder_id);


--
-- Name: upload_folders_parent_lnk_ifk; Type: INDEX; Schema: public; Owner: gas
--

CREATE INDEX upload_folders_parent_lnk_ifk ON public.upload_folders_parent_lnk USING btree (inv_folder_id);


--
-- Name: upload_folders_parent_lnk_oifk; Type: INDEX; Schema: public; Owner: gas
--

CREATE INDEX upload_folders_parent_lnk_oifk ON public.upload_folders_parent_lnk USING btree (folder_ord);


--
-- Name: upload_folders_updated_by_id_fk; Type: INDEX; Schema: public; Owner: gas
--

CREATE INDEX upload_folders_updated_by_id_fk ON public.upload_folders USING btree (updated_by_id);


--
-- Name: abouts abouts_created_by_id_fk; Type: FK CONSTRAINT; Schema: public; Owner: gas
--

ALTER TABLE ONLY public.abouts
    ADD CONSTRAINT abouts_created_by_id_fk FOREIGN KEY (created_by_id) REFERENCES public.admin_users(id) ON DELETE SET NULL;


--
-- Name: abouts_cmps abouts_entity_fk; Type: FK CONSTRAINT; Schema: public; Owner: gas
--

ALTER TABLE ONLY public.abouts_cmps
    ADD CONSTRAINT abouts_entity_fk FOREIGN KEY (entity_id) REFERENCES public.abouts(id) ON DELETE CASCADE;


--
-- Name: abouts abouts_updated_by_id_fk; Type: FK CONSTRAINT; Schema: public; Owner: gas
--

ALTER TABLE ONLY public.abouts
    ADD CONSTRAINT abouts_updated_by_id_fk FOREIGN KEY (updated_by_id) REFERENCES public.admin_users(id) ON DELETE SET NULL;


--
-- Name: admin_permissions admin_permissions_created_by_id_fk; Type: FK CONSTRAINT; Schema: public; Owner: gas
--

ALTER TABLE ONLY public.admin_permissions
    ADD CONSTRAINT admin_permissions_created_by_id_fk FOREIGN KEY (created_by_id) REFERENCES public.admin_users(id) ON DELETE SET NULL;


--
-- Name: admin_permissions_role_lnk admin_permissions_role_lnk_fk; Type: FK CONSTRAINT; Schema: public; Owner: gas
--

ALTER TABLE ONLY public.admin_permissions_role_lnk
    ADD CONSTRAINT admin_permissions_role_lnk_fk FOREIGN KEY (permission_id) REFERENCES public.admin_permissions(id) ON DELETE CASCADE;


--
-- Name: admin_permissions_role_lnk admin_permissions_role_lnk_ifk; Type: FK CONSTRAINT; Schema: public; Owner: gas
--

ALTER TABLE ONLY public.admin_permissions_role_lnk
    ADD CONSTRAINT admin_permissions_role_lnk_ifk FOREIGN KEY (role_id) REFERENCES public.admin_roles(id) ON DELETE CASCADE;


--
-- Name: admin_permissions admin_permissions_updated_by_id_fk; Type: FK CONSTRAINT; Schema: public; Owner: gas
--

ALTER TABLE ONLY public.admin_permissions
    ADD CONSTRAINT admin_permissions_updated_by_id_fk FOREIGN KEY (updated_by_id) REFERENCES public.admin_users(id) ON DELETE SET NULL;


--
-- Name: admin_roles admin_roles_created_by_id_fk; Type: FK CONSTRAINT; Schema: public; Owner: gas
--

ALTER TABLE ONLY public.admin_roles
    ADD CONSTRAINT admin_roles_created_by_id_fk FOREIGN KEY (created_by_id) REFERENCES public.admin_users(id) ON DELETE SET NULL;


--
-- Name: admin_roles admin_roles_updated_by_id_fk; Type: FK CONSTRAINT; Schema: public; Owner: gas
--

ALTER TABLE ONLY public.admin_roles
    ADD CONSTRAINT admin_roles_updated_by_id_fk FOREIGN KEY (updated_by_id) REFERENCES public.admin_users(id) ON DELETE SET NULL;


--
-- Name: admin_users admin_users_created_by_id_fk; Type: FK CONSTRAINT; Schema: public; Owner: gas
--

ALTER TABLE ONLY public.admin_users
    ADD CONSTRAINT admin_users_created_by_id_fk FOREIGN KEY (created_by_id) REFERENCES public.admin_users(id) ON DELETE SET NULL;


--
-- Name: admin_users_roles_lnk admin_users_roles_lnk_fk; Type: FK CONSTRAINT; Schema: public; Owner: gas
--

ALTER TABLE ONLY public.admin_users_roles_lnk
    ADD CONSTRAINT admin_users_roles_lnk_fk FOREIGN KEY (user_id) REFERENCES public.admin_users(id) ON DELETE CASCADE;


--
-- Name: admin_users_roles_lnk admin_users_roles_lnk_ifk; Type: FK CONSTRAINT; Schema: public; Owner: gas
--

ALTER TABLE ONLY public.admin_users_roles_lnk
    ADD CONSTRAINT admin_users_roles_lnk_ifk FOREIGN KEY (role_id) REFERENCES public.admin_roles(id) ON DELETE CASCADE;


--
-- Name: admin_users admin_users_updated_by_id_fk; Type: FK CONSTRAINT; Schema: public; Owner: gas
--

ALTER TABLE ONLY public.admin_users
    ADD CONSTRAINT admin_users_updated_by_id_fk FOREIGN KEY (updated_by_id) REFERENCES public.admin_users(id) ON DELETE SET NULL;


--
-- Name: articles_author_lnk articles_author_lnk_fk; Type: FK CONSTRAINT; Schema: public; Owner: gas
--

ALTER TABLE ONLY public.articles_author_lnk
    ADD CONSTRAINT articles_author_lnk_fk FOREIGN KEY (article_id) REFERENCES public.articles(id) ON DELETE CASCADE;


--
-- Name: articles_author_lnk articles_author_lnk_ifk; Type: FK CONSTRAINT; Schema: public; Owner: gas
--

ALTER TABLE ONLY public.articles_author_lnk
    ADD CONSTRAINT articles_author_lnk_ifk FOREIGN KEY (author_id) REFERENCES public.authors(id) ON DELETE CASCADE;


--
-- Name: articles_category_lnk articles_category_lnk_fk; Type: FK CONSTRAINT; Schema: public; Owner: gas
--

ALTER TABLE ONLY public.articles_category_lnk
    ADD CONSTRAINT articles_category_lnk_fk FOREIGN KEY (article_id) REFERENCES public.articles(id) ON DELETE CASCADE;


--
-- Name: articles_category_lnk articles_category_lnk_ifk; Type: FK CONSTRAINT; Schema: public; Owner: gas
--

ALTER TABLE ONLY public.articles_category_lnk
    ADD CONSTRAINT articles_category_lnk_ifk FOREIGN KEY (category_id) REFERENCES public.categories(id) ON DELETE CASCADE;


--
-- Name: articles articles_created_by_id_fk; Type: FK CONSTRAINT; Schema: public; Owner: gas
--

ALTER TABLE ONLY public.articles
    ADD CONSTRAINT articles_created_by_id_fk FOREIGN KEY (created_by_id) REFERENCES public.admin_users(id) ON DELETE SET NULL;


--
-- Name: articles_cmps articles_entity_fk; Type: FK CONSTRAINT; Schema: public; Owner: gas
--

ALTER TABLE ONLY public.articles_cmps
    ADD CONSTRAINT articles_entity_fk FOREIGN KEY (entity_id) REFERENCES public.articles(id) ON DELETE CASCADE;


--
-- Name: articles articles_updated_by_id_fk; Type: FK CONSTRAINT; Schema: public; Owner: gas
--

ALTER TABLE ONLY public.articles
    ADD CONSTRAINT articles_updated_by_id_fk FOREIGN KEY (updated_by_id) REFERENCES public.admin_users(id) ON DELETE SET NULL;


--
-- Name: authors authors_created_by_id_fk; Type: FK CONSTRAINT; Schema: public; Owner: gas
--

ALTER TABLE ONLY public.authors
    ADD CONSTRAINT authors_created_by_id_fk FOREIGN KEY (created_by_id) REFERENCES public.admin_users(id) ON DELETE SET NULL;


--
-- Name: authors authors_updated_by_id_fk; Type: FK CONSTRAINT; Schema: public; Owner: gas
--

ALTER TABLE ONLY public.authors
    ADD CONSTRAINT authors_updated_by_id_fk FOREIGN KEY (updated_by_id) REFERENCES public.admin_users(id) ON DELETE SET NULL;


--
-- Name: categories categories_created_by_id_fk; Type: FK CONSTRAINT; Schema: public; Owner: gas
--

ALTER TABLE ONLY public.categories
    ADD CONSTRAINT categories_created_by_id_fk FOREIGN KEY (created_by_id) REFERENCES public.admin_users(id) ON DELETE SET NULL;


--
-- Name: categories categories_updated_by_id_fk; Type: FK CONSTRAINT; Schema: public; Owner: gas
--

ALTER TABLE ONLY public.categories
    ADD CONSTRAINT categories_updated_by_id_fk FOREIGN KEY (updated_by_id) REFERENCES public.admin_users(id) ON DELETE SET NULL;


--
-- Name: files files_created_by_id_fk; Type: FK CONSTRAINT; Schema: public; Owner: gas
--

ALTER TABLE ONLY public.files
    ADD CONSTRAINT files_created_by_id_fk FOREIGN KEY (created_by_id) REFERENCES public.admin_users(id) ON DELETE SET NULL;


--
-- Name: files_folder_lnk files_folder_lnk_fk; Type: FK CONSTRAINT; Schema: public; Owner: gas
--

ALTER TABLE ONLY public.files_folder_lnk
    ADD CONSTRAINT files_folder_lnk_fk FOREIGN KEY (file_id) REFERENCES public.files(id) ON DELETE CASCADE;


--
-- Name: files_folder_lnk files_folder_lnk_ifk; Type: FK CONSTRAINT; Schema: public; Owner: gas
--

ALTER TABLE ONLY public.files_folder_lnk
    ADD CONSTRAINT files_folder_lnk_ifk FOREIGN KEY (folder_id) REFERENCES public.upload_folders(id) ON DELETE CASCADE;


--
-- Name: files_related_mph files_related_mph_fk; Type: FK CONSTRAINT; Schema: public; Owner: gas
--

ALTER TABLE ONLY public.files_related_mph
    ADD CONSTRAINT files_related_mph_fk FOREIGN KEY (file_id) REFERENCES public.files(id) ON DELETE CASCADE;


--
-- Name: files files_updated_by_id_fk; Type: FK CONSTRAINT; Schema: public; Owner: gas
--

ALTER TABLE ONLY public.files
    ADD CONSTRAINT files_updated_by_id_fk FOREIGN KEY (updated_by_id) REFERENCES public.admin_users(id) ON DELETE SET NULL;


--
-- Name: globals globals_created_by_id_fk; Type: FK CONSTRAINT; Schema: public; Owner: gas
--

ALTER TABLE ONLY public.globals
    ADD CONSTRAINT globals_created_by_id_fk FOREIGN KEY (created_by_id) REFERENCES public.admin_users(id) ON DELETE SET NULL;


--
-- Name: globals_cmps globals_entity_fk; Type: FK CONSTRAINT; Schema: public; Owner: gas
--

ALTER TABLE ONLY public.globals_cmps
    ADD CONSTRAINT globals_entity_fk FOREIGN KEY (entity_id) REFERENCES public.globals(id) ON DELETE CASCADE;


--
-- Name: globals globals_updated_by_id_fk; Type: FK CONSTRAINT; Schema: public; Owner: gas
--

ALTER TABLE ONLY public.globals
    ADD CONSTRAINT globals_updated_by_id_fk FOREIGN KEY (updated_by_id) REFERENCES public.admin_users(id) ON DELETE SET NULL;


--
-- Name: i18n_locale i18n_locale_created_by_id_fk; Type: FK CONSTRAINT; Schema: public; Owner: gas
--

ALTER TABLE ONLY public.i18n_locale
    ADD CONSTRAINT i18n_locale_created_by_id_fk FOREIGN KEY (created_by_id) REFERENCES public.admin_users(id) ON DELETE SET NULL;


--
-- Name: i18n_locale i18n_locale_updated_by_id_fk; Type: FK CONSTRAINT; Schema: public; Owner: gas
--

ALTER TABLE ONLY public.i18n_locale
    ADD CONSTRAINT i18n_locale_updated_by_id_fk FOREIGN KEY (updated_by_id) REFERENCES public.admin_users(id) ON DELETE SET NULL;


--
-- Name: project_features project_features_created_by_id_fk; Type: FK CONSTRAINT; Schema: public; Owner: gas
--

ALTER TABLE ONLY public.project_features
    ADD CONSTRAINT project_features_created_by_id_fk FOREIGN KEY (created_by_id) REFERENCES public.admin_users(id) ON DELETE SET NULL;


--
-- Name: project_features_project_lnk project_features_project_lnk_fk; Type: FK CONSTRAINT; Schema: public; Owner: gas
--

ALTER TABLE ONLY public.project_features_project_lnk
    ADD CONSTRAINT project_features_project_lnk_fk FOREIGN KEY (project_feature_id) REFERENCES public.project_features(id) ON DELETE CASCADE;


--
-- Name: project_features_project_lnk project_features_project_lnk_ifk; Type: FK CONSTRAINT; Schema: public; Owner: gas
--

ALTER TABLE ONLY public.project_features_project_lnk
    ADD CONSTRAINT project_features_project_lnk_ifk FOREIGN KEY (project_id) REFERENCES public.projects(id) ON DELETE CASCADE;


--
-- Name: project_features project_features_updated_by_id_fk; Type: FK CONSTRAINT; Schema: public; Owner: gas
--

ALTER TABLE ONLY public.project_features
    ADD CONSTRAINT project_features_updated_by_id_fk FOREIGN KEY (updated_by_id) REFERENCES public.admin_users(id) ON DELETE SET NULL;


--
-- Name: project_timings project_timings_created_by_id_fk; Type: FK CONSTRAINT; Schema: public; Owner: gas
--

ALTER TABLE ONLY public.project_timings
    ADD CONSTRAINT project_timings_created_by_id_fk FOREIGN KEY (created_by_id) REFERENCES public.admin_users(id) ON DELETE SET NULL;


--
-- Name: project_timings_project_lnk project_timings_project_lnk_fk; Type: FK CONSTRAINT; Schema: public; Owner: gas
--

ALTER TABLE ONLY public.project_timings_project_lnk
    ADD CONSTRAINT project_timings_project_lnk_fk FOREIGN KEY (project_timing_id) REFERENCES public.project_timings(id) ON DELETE CASCADE;


--
-- Name: project_timings_project_lnk project_timings_project_lnk_ifk; Type: FK CONSTRAINT; Schema: public; Owner: gas
--

ALTER TABLE ONLY public.project_timings_project_lnk
    ADD CONSTRAINT project_timings_project_lnk_ifk FOREIGN KEY (project_id) REFERENCES public.projects(id) ON DELETE CASCADE;


--
-- Name: project_timings project_timings_updated_by_id_fk; Type: FK CONSTRAINT; Schema: public; Owner: gas
--

ALTER TABLE ONLY public.project_timings
    ADD CONSTRAINT project_timings_updated_by_id_fk FOREIGN KEY (updated_by_id) REFERENCES public.admin_users(id) ON DELETE SET NULL;


--
-- Name: project_typologies project_typologies_created_by_id_fk; Type: FK CONSTRAINT; Schema: public; Owner: gas
--

ALTER TABLE ONLY public.project_typologies
    ADD CONSTRAINT project_typologies_created_by_id_fk FOREIGN KEY (created_by_id) REFERENCES public.admin_users(id) ON DELETE SET NULL;


--
-- Name: project_typologies_project_lnk project_typologies_project_lnk_fk; Type: FK CONSTRAINT; Schema: public; Owner: gas
--

ALTER TABLE ONLY public.project_typologies_project_lnk
    ADD CONSTRAINT project_typologies_project_lnk_fk FOREIGN KEY (project_typologie_id) REFERENCES public.project_typologies(id) ON DELETE CASCADE;


--
-- Name: project_typologies_project_lnk project_typologies_project_lnk_ifk; Type: FK CONSTRAINT; Schema: public; Owner: gas
--

ALTER TABLE ONLY public.project_typologies_project_lnk
    ADD CONSTRAINT project_typologies_project_lnk_ifk FOREIGN KEY (project_id) REFERENCES public.projects(id) ON DELETE CASCADE;


--
-- Name: project_typologies project_typologies_updated_by_id_fk; Type: FK CONSTRAINT; Schema: public; Owner: gas
--

ALTER TABLE ONLY public.project_typologies
    ADD CONSTRAINT project_typologies_updated_by_id_fk FOREIGN KEY (updated_by_id) REFERENCES public.admin_users(id) ON DELETE SET NULL;


--
-- Name: projects projects_created_by_id_fk; Type: FK CONSTRAINT; Schema: public; Owner: gas
--

ALTER TABLE ONLY public.projects
    ADD CONSTRAINT projects_created_by_id_fk FOREIGN KEY (created_by_id) REFERENCES public.admin_users(id) ON DELETE SET NULL;


--
-- Name: projects projects_updated_by_id_fk; Type: FK CONSTRAINT; Schema: public; Owner: gas
--

ALTER TABLE ONLY public.projects
    ADD CONSTRAINT projects_updated_by_id_fk FOREIGN KEY (updated_by_id) REFERENCES public.admin_users(id) ON DELETE SET NULL;


--
-- Name: strapi_api_token_permissions strapi_api_token_permissions_created_by_id_fk; Type: FK CONSTRAINT; Schema: public; Owner: gas
--

ALTER TABLE ONLY public.strapi_api_token_permissions
    ADD CONSTRAINT strapi_api_token_permissions_created_by_id_fk FOREIGN KEY (created_by_id) REFERENCES public.admin_users(id) ON DELETE SET NULL;


--
-- Name: strapi_api_token_permissions_token_lnk strapi_api_token_permissions_token_lnk_fk; Type: FK CONSTRAINT; Schema: public; Owner: gas
--

ALTER TABLE ONLY public.strapi_api_token_permissions_token_lnk
    ADD CONSTRAINT strapi_api_token_permissions_token_lnk_fk FOREIGN KEY (api_token_permission_id) REFERENCES public.strapi_api_token_permissions(id) ON DELETE CASCADE;


--
-- Name: strapi_api_token_permissions_token_lnk strapi_api_token_permissions_token_lnk_ifk; Type: FK CONSTRAINT; Schema: public; Owner: gas
--

ALTER TABLE ONLY public.strapi_api_token_permissions_token_lnk
    ADD CONSTRAINT strapi_api_token_permissions_token_lnk_ifk FOREIGN KEY (api_token_id) REFERENCES public.strapi_api_tokens(id) ON DELETE CASCADE;


--
-- Name: strapi_api_token_permissions strapi_api_token_permissions_updated_by_id_fk; Type: FK CONSTRAINT; Schema: public; Owner: gas
--

ALTER TABLE ONLY public.strapi_api_token_permissions
    ADD CONSTRAINT strapi_api_token_permissions_updated_by_id_fk FOREIGN KEY (updated_by_id) REFERENCES public.admin_users(id) ON DELETE SET NULL;


--
-- Name: strapi_api_tokens strapi_api_tokens_created_by_id_fk; Type: FK CONSTRAINT; Schema: public; Owner: gas
--

ALTER TABLE ONLY public.strapi_api_tokens
    ADD CONSTRAINT strapi_api_tokens_created_by_id_fk FOREIGN KEY (created_by_id) REFERENCES public.admin_users(id) ON DELETE SET NULL;


--
-- Name: strapi_api_tokens strapi_api_tokens_updated_by_id_fk; Type: FK CONSTRAINT; Schema: public; Owner: gas
--

ALTER TABLE ONLY public.strapi_api_tokens
    ADD CONSTRAINT strapi_api_tokens_updated_by_id_fk FOREIGN KEY (updated_by_id) REFERENCES public.admin_users(id) ON DELETE SET NULL;


--
-- Name: strapi_history_versions strapi_history_versions_created_by_id_fk; Type: FK CONSTRAINT; Schema: public; Owner: gas
--

ALTER TABLE ONLY public.strapi_history_versions
    ADD CONSTRAINT strapi_history_versions_created_by_id_fk FOREIGN KEY (created_by_id) REFERENCES public.admin_users(id) ON DELETE SET NULL;


--
-- Name: strapi_release_actions strapi_release_actions_created_by_id_fk; Type: FK CONSTRAINT; Schema: public; Owner: gas
--

ALTER TABLE ONLY public.strapi_release_actions
    ADD CONSTRAINT strapi_release_actions_created_by_id_fk FOREIGN KEY (created_by_id) REFERENCES public.admin_users(id) ON DELETE SET NULL;


--
-- Name: strapi_release_actions_release_lnk strapi_release_actions_release_lnk_fk; Type: FK CONSTRAINT; Schema: public; Owner: gas
--

ALTER TABLE ONLY public.strapi_release_actions_release_lnk
    ADD CONSTRAINT strapi_release_actions_release_lnk_fk FOREIGN KEY (release_action_id) REFERENCES public.strapi_release_actions(id) ON DELETE CASCADE;


--
-- Name: strapi_release_actions_release_lnk strapi_release_actions_release_lnk_ifk; Type: FK CONSTRAINT; Schema: public; Owner: gas
--

ALTER TABLE ONLY public.strapi_release_actions_release_lnk
    ADD CONSTRAINT strapi_release_actions_release_lnk_ifk FOREIGN KEY (release_id) REFERENCES public.strapi_releases(id) ON DELETE CASCADE;


--
-- Name: strapi_release_actions strapi_release_actions_updated_by_id_fk; Type: FK CONSTRAINT; Schema: public; Owner: gas
--

ALTER TABLE ONLY public.strapi_release_actions
    ADD CONSTRAINT strapi_release_actions_updated_by_id_fk FOREIGN KEY (updated_by_id) REFERENCES public.admin_users(id) ON DELETE SET NULL;


--
-- Name: strapi_releases strapi_releases_created_by_id_fk; Type: FK CONSTRAINT; Schema: public; Owner: gas
--

ALTER TABLE ONLY public.strapi_releases
    ADD CONSTRAINT strapi_releases_created_by_id_fk FOREIGN KEY (created_by_id) REFERENCES public.admin_users(id) ON DELETE SET NULL;


--
-- Name: strapi_releases strapi_releases_updated_by_id_fk; Type: FK CONSTRAINT; Schema: public; Owner: gas
--

ALTER TABLE ONLY public.strapi_releases
    ADD CONSTRAINT strapi_releases_updated_by_id_fk FOREIGN KEY (updated_by_id) REFERENCES public.admin_users(id) ON DELETE SET NULL;


--
-- Name: strapi_sessions strapi_sessions_created_by_id_fk; Type: FK CONSTRAINT; Schema: public; Owner: gas
--

ALTER TABLE ONLY public.strapi_sessions
    ADD CONSTRAINT strapi_sessions_created_by_id_fk FOREIGN KEY (created_by_id) REFERENCES public.admin_users(id) ON DELETE SET NULL;


--
-- Name: strapi_sessions strapi_sessions_updated_by_id_fk; Type: FK CONSTRAINT; Schema: public; Owner: gas
--

ALTER TABLE ONLY public.strapi_sessions
    ADD CONSTRAINT strapi_sessions_updated_by_id_fk FOREIGN KEY (updated_by_id) REFERENCES public.admin_users(id) ON DELETE SET NULL;


--
-- Name: strapi_transfer_token_permissions strapi_transfer_token_permissions_created_by_id_fk; Type: FK CONSTRAINT; Schema: public; Owner: gas
--

ALTER TABLE ONLY public.strapi_transfer_token_permissions
    ADD CONSTRAINT strapi_transfer_token_permissions_created_by_id_fk FOREIGN KEY (created_by_id) REFERENCES public.admin_users(id) ON DELETE SET NULL;


--
-- Name: strapi_transfer_token_permissions_token_lnk strapi_transfer_token_permissions_token_lnk_fk; Type: FK CONSTRAINT; Schema: public; Owner: gas
--

ALTER TABLE ONLY public.strapi_transfer_token_permissions_token_lnk
    ADD CONSTRAINT strapi_transfer_token_permissions_token_lnk_fk FOREIGN KEY (transfer_token_permission_id) REFERENCES public.strapi_transfer_token_permissions(id) ON DELETE CASCADE;


--
-- Name: strapi_transfer_token_permissions_token_lnk strapi_transfer_token_permissions_token_lnk_ifk; Type: FK CONSTRAINT; Schema: public; Owner: gas
--

ALTER TABLE ONLY public.strapi_transfer_token_permissions_token_lnk
    ADD CONSTRAINT strapi_transfer_token_permissions_token_lnk_ifk FOREIGN KEY (transfer_token_id) REFERENCES public.strapi_transfer_tokens(id) ON DELETE CASCADE;


--
-- Name: strapi_transfer_token_permissions strapi_transfer_token_permissions_updated_by_id_fk; Type: FK CONSTRAINT; Schema: public; Owner: gas
--

ALTER TABLE ONLY public.strapi_transfer_token_permissions
    ADD CONSTRAINT strapi_transfer_token_permissions_updated_by_id_fk FOREIGN KEY (updated_by_id) REFERENCES public.admin_users(id) ON DELETE SET NULL;


--
-- Name: strapi_transfer_tokens strapi_transfer_tokens_created_by_id_fk; Type: FK CONSTRAINT; Schema: public; Owner: gas
--

ALTER TABLE ONLY public.strapi_transfer_tokens
    ADD CONSTRAINT strapi_transfer_tokens_created_by_id_fk FOREIGN KEY (created_by_id) REFERENCES public.admin_users(id) ON DELETE SET NULL;


--
-- Name: strapi_transfer_tokens strapi_transfer_tokens_updated_by_id_fk; Type: FK CONSTRAINT; Schema: public; Owner: gas
--

ALTER TABLE ONLY public.strapi_transfer_tokens
    ADD CONSTRAINT strapi_transfer_tokens_updated_by_id_fk FOREIGN KEY (updated_by_id) REFERENCES public.admin_users(id) ON DELETE SET NULL;


--
-- Name: strapi_workflows strapi_workflows_created_by_id_fk; Type: FK CONSTRAINT; Schema: public; Owner: gas
--

ALTER TABLE ONLY public.strapi_workflows
    ADD CONSTRAINT strapi_workflows_created_by_id_fk FOREIGN KEY (created_by_id) REFERENCES public.admin_users(id) ON DELETE SET NULL;


--
-- Name: strapi_workflows_stage_required_to_publish_lnk strapi_workflows_stage_required_to_publish_lnk_fk; Type: FK CONSTRAINT; Schema: public; Owner: gas
--

ALTER TABLE ONLY public.strapi_workflows_stage_required_to_publish_lnk
    ADD CONSTRAINT strapi_workflows_stage_required_to_publish_lnk_fk FOREIGN KEY (workflow_id) REFERENCES public.strapi_workflows(id) ON DELETE CASCADE;


--
-- Name: strapi_workflows_stage_required_to_publish_lnk strapi_workflows_stage_required_to_publish_lnk_ifk; Type: FK CONSTRAINT; Schema: public; Owner: gas
--

ALTER TABLE ONLY public.strapi_workflows_stage_required_to_publish_lnk
    ADD CONSTRAINT strapi_workflows_stage_required_to_publish_lnk_ifk FOREIGN KEY (workflow_stage_id) REFERENCES public.strapi_workflows_stages(id) ON DELETE CASCADE;


--
-- Name: strapi_workflows_stages strapi_workflows_stages_created_by_id_fk; Type: FK CONSTRAINT; Schema: public; Owner: gas
--

ALTER TABLE ONLY public.strapi_workflows_stages
    ADD CONSTRAINT strapi_workflows_stages_created_by_id_fk FOREIGN KEY (created_by_id) REFERENCES public.admin_users(id) ON DELETE SET NULL;


--
-- Name: strapi_workflows_stages_permissions_lnk strapi_workflows_stages_permissions_lnk_fk; Type: FK CONSTRAINT; Schema: public; Owner: gas
--

ALTER TABLE ONLY public.strapi_workflows_stages_permissions_lnk
    ADD CONSTRAINT strapi_workflows_stages_permissions_lnk_fk FOREIGN KEY (workflow_stage_id) REFERENCES public.strapi_workflows_stages(id) ON DELETE CASCADE;


--
-- Name: strapi_workflows_stages_permissions_lnk strapi_workflows_stages_permissions_lnk_ifk; Type: FK CONSTRAINT; Schema: public; Owner: gas
--

ALTER TABLE ONLY public.strapi_workflows_stages_permissions_lnk
    ADD CONSTRAINT strapi_workflows_stages_permissions_lnk_ifk FOREIGN KEY (permission_id) REFERENCES public.admin_permissions(id) ON DELETE CASCADE;


--
-- Name: strapi_workflows_stages strapi_workflows_stages_updated_by_id_fk; Type: FK CONSTRAINT; Schema: public; Owner: gas
--

ALTER TABLE ONLY public.strapi_workflows_stages
    ADD CONSTRAINT strapi_workflows_stages_updated_by_id_fk FOREIGN KEY (updated_by_id) REFERENCES public.admin_users(id) ON DELETE SET NULL;


--
-- Name: strapi_workflows_stages_workflow_lnk strapi_workflows_stages_workflow_lnk_fk; Type: FK CONSTRAINT; Schema: public; Owner: gas
--

ALTER TABLE ONLY public.strapi_workflows_stages_workflow_lnk
    ADD CONSTRAINT strapi_workflows_stages_workflow_lnk_fk FOREIGN KEY (workflow_stage_id) REFERENCES public.strapi_workflows_stages(id) ON DELETE CASCADE;


--
-- Name: strapi_workflows_stages_workflow_lnk strapi_workflows_stages_workflow_lnk_ifk; Type: FK CONSTRAINT; Schema: public; Owner: gas
--

ALTER TABLE ONLY public.strapi_workflows_stages_workflow_lnk
    ADD CONSTRAINT strapi_workflows_stages_workflow_lnk_ifk FOREIGN KEY (workflow_id) REFERENCES public.strapi_workflows(id) ON DELETE CASCADE;


--
-- Name: strapi_workflows strapi_workflows_updated_by_id_fk; Type: FK CONSTRAINT; Schema: public; Owner: gas
--

ALTER TABLE ONLY public.strapi_workflows
    ADD CONSTRAINT strapi_workflows_updated_by_id_fk FOREIGN KEY (updated_by_id) REFERENCES public.admin_users(id) ON DELETE SET NULL;


--
-- Name: up_permissions up_permissions_created_by_id_fk; Type: FK CONSTRAINT; Schema: public; Owner: gas
--

ALTER TABLE ONLY public.up_permissions
    ADD CONSTRAINT up_permissions_created_by_id_fk FOREIGN KEY (created_by_id) REFERENCES public.admin_users(id) ON DELETE SET NULL;


--
-- Name: up_permissions_role_lnk up_permissions_role_lnk_fk; Type: FK CONSTRAINT; Schema: public; Owner: gas
--

ALTER TABLE ONLY public.up_permissions_role_lnk
    ADD CONSTRAINT up_permissions_role_lnk_fk FOREIGN KEY (permission_id) REFERENCES public.up_permissions(id) ON DELETE CASCADE;


--
-- Name: up_permissions_role_lnk up_permissions_role_lnk_ifk; Type: FK CONSTRAINT; Schema: public; Owner: gas
--

ALTER TABLE ONLY public.up_permissions_role_lnk
    ADD CONSTRAINT up_permissions_role_lnk_ifk FOREIGN KEY (role_id) REFERENCES public.up_roles(id) ON DELETE CASCADE;


--
-- Name: up_permissions up_permissions_updated_by_id_fk; Type: FK CONSTRAINT; Schema: public; Owner: gas
--

ALTER TABLE ONLY public.up_permissions
    ADD CONSTRAINT up_permissions_updated_by_id_fk FOREIGN KEY (updated_by_id) REFERENCES public.admin_users(id) ON DELETE SET NULL;


--
-- Name: up_roles up_roles_created_by_id_fk; Type: FK CONSTRAINT; Schema: public; Owner: gas
--

ALTER TABLE ONLY public.up_roles
    ADD CONSTRAINT up_roles_created_by_id_fk FOREIGN KEY (created_by_id) REFERENCES public.admin_users(id) ON DELETE SET NULL;


--
-- Name: up_roles up_roles_updated_by_id_fk; Type: FK CONSTRAINT; Schema: public; Owner: gas
--

ALTER TABLE ONLY public.up_roles
    ADD CONSTRAINT up_roles_updated_by_id_fk FOREIGN KEY (updated_by_id) REFERENCES public.admin_users(id) ON DELETE SET NULL;


--
-- Name: up_users up_users_created_by_id_fk; Type: FK CONSTRAINT; Schema: public; Owner: gas
--

ALTER TABLE ONLY public.up_users
    ADD CONSTRAINT up_users_created_by_id_fk FOREIGN KEY (created_by_id) REFERENCES public.admin_users(id) ON DELETE SET NULL;


--
-- Name: up_users_role_lnk up_users_role_lnk_fk; Type: FK CONSTRAINT; Schema: public; Owner: gas
--

ALTER TABLE ONLY public.up_users_role_lnk
    ADD CONSTRAINT up_users_role_lnk_fk FOREIGN KEY (user_id) REFERENCES public.up_users(id) ON DELETE CASCADE;


--
-- Name: up_users_role_lnk up_users_role_lnk_ifk; Type: FK CONSTRAINT; Schema: public; Owner: gas
--

ALTER TABLE ONLY public.up_users_role_lnk
    ADD CONSTRAINT up_users_role_lnk_ifk FOREIGN KEY (role_id) REFERENCES public.up_roles(id) ON DELETE CASCADE;


--
-- Name: up_users up_users_updated_by_id_fk; Type: FK CONSTRAINT; Schema: public; Owner: gas
--

ALTER TABLE ONLY public.up_users
    ADD CONSTRAINT up_users_updated_by_id_fk FOREIGN KEY (updated_by_id) REFERENCES public.admin_users(id) ON DELETE SET NULL;


--
-- Name: upload_folders upload_folders_created_by_id_fk; Type: FK CONSTRAINT; Schema: public; Owner: gas
--

ALTER TABLE ONLY public.upload_folders
    ADD CONSTRAINT upload_folders_created_by_id_fk FOREIGN KEY (created_by_id) REFERENCES public.admin_users(id) ON DELETE SET NULL;


--
-- Name: upload_folders_parent_lnk upload_folders_parent_lnk_fk; Type: FK CONSTRAINT; Schema: public; Owner: gas
--

ALTER TABLE ONLY public.upload_folders_parent_lnk
    ADD CONSTRAINT upload_folders_parent_lnk_fk FOREIGN KEY (folder_id) REFERENCES public.upload_folders(id) ON DELETE CASCADE;


--
-- Name: upload_folders_parent_lnk upload_folders_parent_lnk_ifk; Type: FK CONSTRAINT; Schema: public; Owner: gas
--

ALTER TABLE ONLY public.upload_folders_parent_lnk
    ADD CONSTRAINT upload_folders_parent_lnk_ifk FOREIGN KEY (inv_folder_id) REFERENCES public.upload_folders(id) ON DELETE CASCADE;


--
-- Name: upload_folders upload_folders_updated_by_id_fk; Type: FK CONSTRAINT; Schema: public; Owner: gas
--

ALTER TABLE ONLY public.upload_folders
    ADD CONSTRAINT upload_folders_updated_by_id_fk FOREIGN KEY (updated_by_id) REFERENCES public.admin_users(id) ON DELETE SET NULL;


--
-- PostgreSQL database dump complete
--

\unrestrict PQCJj3Gh29M42hBW5ShsVslTM8NkHUEGJ8oSzlgaka3GrB07YdIAvVfPRaZapmz

